{
"type": "FeatureCollection",
"name": "road_hex",
"crs": { "type": "name", "properties": { "name": "urn:ogc:def:crs:OGC:1.3:CRS84" } },
"features": [
{ "type": "Feature", "properties": { "hex_id": "hex_00082", "road_length_km": 40.374, "hex_area_km2": 2338.3 }, "geometry": { "type": "Polygon", "coordinates": [ [ [ 95.682836077583332, 4.613352984691611 ], [ 95.527373560415128, 4.817679897156173 ], [ 95.216448526078736, 4.817679897156173 ], [ 95.060986008910547, 4.613352984691611 ], [ 95.216448526078736, 4.409083290159636 ], [ 95.527373560415128, 4.409083290159635 ], [ 95.682836077583332, 4.613352984691611 ] ] ] } },
{ "type": "Feature", "properties": { "hex_id": "hex_00083", "road_length_km": 64.45, "hex_area_km2": 2338.3 }, "geometry": { "type": "Polygon", "coordinates": [ [ [ 95.682836077583332, 5.02206660867542 ], [ 95.527373560415128, 5.226515707281155 ], [ 95.216448526078736, 5.226515707281155 ], [ 95.060986008910547, 5.02206660867542 ], [ 95.216448526078736, 4.817679897156173 ], [ 95.527373560415128, 4.817679897156173 ], [ 95.682836077583332, 5.02206660867542 ] ] ] } },
{ "type": "Feature", "properties": { "hex_id": "hex_00084", "road_length_km": 165.214, "hex_area_km2": 2338.3 }, "geometry": { "type": "Polygon", "coordinates": [ [ [ 95.682836077583332, 5.431029788225582 ], [ 95.527373560415128, 5.635611454294336 ], [ 95.216448526078736, 5.635611454294336 ], [ 95.060986008910547, 5.431029788225582 ], [ 95.216448526078736, 5.226515707281155 ], [ 95.527373560415128, 5.226515707281155 ], [ 95.682836077583332, 5.431029788225582 ] ] ] } },
{ "type": "Feature", "properties": { "hex_id": "hex_00085", "road_length_km": 67.402, "hex_area_km2": 2338.3 }, "geometry": { "type": "Polygon", "coordinates": [ [ [ 95.682836077583332, 5.840263316121955 ], [ 95.527373560415128, 6.044987992509903 ], [ 95.216448526078736, 6.044987992509904 ], [ 95.060986008910547, 5.840263316121955 ], [ 95.216448526078736, 5.635611454294336 ], [ 95.527373560415128, 5.635611454294336 ], [ 95.682836077583332, 5.840263316121955 ] ] ] } },
{ "type": "Feature", "properties": { "hex_id": "hex_00121", "road_length_km": 16.716, "hex_area_km2": 2338.3 }, "geometry": { "type": "Polygon", "coordinates": [ [ [ 96.149223629087899, 2.776677882598519 ], [ 95.99376111191971, 2.980582025762943 ], [ 95.682836077583332, 2.980582025762943 ], [ 95.527373560415128, 2.776677882598519 ], [ 95.682836077583332, 2.572807987960138 ], [ 95.99376111191971, 2.572807987960138 ], [ 96.149223629087899, 2.776677882598519 ] ] ] } },
{ "type": "Feature", "properties": { "hex_id": "hex_00125", "road_length_km": 61.219, "hex_area_km2": 2338.3 }, "geometry": { "type": "Polygon", "coordinates": [ [ [ 96.149223629087899, 4.409083290159638 ], [ 95.99376111191971, 4.613352984691612 ], [ 95.682836077583332, 4.613352984691613 ], [ 95.527373560415128, 4.409083290159638 ], [ 95.682836077583332, 4.204868239039386 ], [ 95.99376111191971, 4.204868239039386 ], [ 96.149223629087899, 4.409083290159638 ] ] ] } },
{ "type": "Feature", "properties": { "hex_id": "hex_00126", "road_length_km": 41.455, "hex_area_km2": 2338.3 }, "geometry": { "type": "Polygon", "coordinates": [ [ [ 96.149223629087899, 4.817679897156174 ], [ 95.99376111191971, 5.022066608675423 ], [ 95.682836077583332, 5.022066608675423 ], [ 95.527373560415128, 4.817679897156174 ], [ 95.682836077583332, 4.613352984691613 ], [ 95.99376111191971, 4.613352984691612 ], [ 96.149223629087899, 4.817679897156174 ] ] ] } },
{ "type": "Feature", "properties": { "hex_id": "hex_00127", "road_length_km": 121.261, "hex_area_km2": 2338.3 }, "geometry": { "type": "Polygon", "coordinates": [ [ [ 96.149223629087899, 5.226515707281158 ], [ 95.99376111191971, 5.431029788225585 ], [ 95.682836077583332, 5.431029788225586 ], [ 95.527373560415128, 5.226515707281158 ], [ 95.682836077583332, 5.022066608675423 ], [ 95.99376111191971, 5.022066608675423 ], [ 96.149223629087899, 5.226515707281158 ] ] ] } },
{ "type": "Feature", "properties": { "hex_id": "hex_00128", "road_length_km": 21.148, "hex_area_km2": 2338.3 }, "geometry": { "type": "Polygon", "coordinates": [ [ [ 96.149223629087899, 5.635611454294338 ], [ 95.99376111191971, 5.840263316121958 ], [ 95.682836077583332, 5.840263316121958 ], [ 95.527373560415128, 5.635611454294338 ], [ 95.682836077583332, 5.431029788225586 ], [ 95.99376111191971, 5.431029788225585 ], [ 96.149223629087899, 5.635611454294338 ] ] ] } },
{ "type": "Feature", "properties": { "hex_id": "hex_00163", "road_length_km": 58.826, "hex_area_km2": 2338.3 }, "geometry": { "type": "Polygon", "coordinates": [ [ [ 96.615611180592481, 2.572807987960136 ], [ 96.460148663424292, 2.776677882598516 ], [ 96.149223629087899, 2.776677882598516 ], [ 95.99376111191971, 2.572807987960136 ], [ 96.149223629087899, 2.368969813173613 ], [ 96.460148663424292, 2.368969813173613 ], [ 96.615611180592481, 2.572807987960136 ] ] ] } },
{ "type": "Feature", "properties": { "hex_id": "hex_00167", "road_length_km": 135.431, "hex_area_km2": 2338.3 }, "geometry": { "type": "Polygon", "coordinates": [ [ [ 96.615611180592481, 4.204868239039383 ], [ 96.460148663424292, 4.409083290159635 ], [ 96.149223629087899, 4.409083290159636 ], [ 95.99376111191971, 4.204868239039383 ], [ 96.149223629087899, 4.000705263104871 ], [ 96.460148663424292, 4.000705263104871 ], [ 96.615611180592481, 4.204868239039383 ] ] ] } },
{ "type": "Feature", "properties": { "hex_id": "hex_00168", "road_length_km": 27.899, "hex_area_km2": 2338.3 }, "geometry": { "type": "Polygon", "coordinates": [ [ [ 96.615611180592481, 4.613352984691611 ], [ 96.460148663424292, 4.817679897156173 ], [ 96.149223629087899, 4.817679897156173 ], [ 95.99376111191971, 4.613352984691611 ], [ 96.149223629087899, 4.409083290159636 ], [ 96.460148663424292, 4.409083290159635 ], [ 96.615611180592481, 4.613352984691611 ] ] ] } },
{ "type": "Feature", "properties": { "hex_id": "hex_00169", "road_length_km": 28.554, "hex_area_km2": 2338.3 }, "geometry": { "type": "Polygon", "coordinates": [ [ [ 96.615611180592481, 5.02206660867542 ], [ 96.460148663424292, 5.226515707281155 ], [ 96.149223629087899, 5.226515707281155 ], [ 95.99376111191971, 5.02206660867542 ], [ 96.149223629087899, 4.817679897156173 ], [ 96.460148663424292, 4.817679897156173 ], [ 96.615611180592481, 5.02206660867542 ] ] ] } },
{ "type": "Feature", "properties": { "hex_id": "hex_00170", "road_length_km": 20.441, "hex_area_km2": 2338.3 }, "geometry": { "type": "Polygon", "coordinates": [ [ [ 96.615611180592481, 5.431029788225582 ], [ 96.460148663424292, 5.635611454294336 ], [ 96.149223629087899, 5.635611454294336 ], [ 95.99376111191971, 5.431029788225582 ], [ 96.149223629087899, 5.226515707281155 ], [ 96.460148663424292, 5.226515707281155 ], [ 96.615611180592481, 5.431029788225582 ] ] ] } },
{ "type": "Feature", "properties": { "hex_id": "hex_00209", "road_length_km": 51.443, "hex_area_km2": 2338.3 }, "geometry": { "type": "Polygon", "coordinates": [ [ [ 97.081998732097048, 3.592525293539507 ], [ 96.926536214928845, 3.796591800120676 ], [ 96.615611180592481, 3.796591800120676 ], [ 96.460148663424292, 3.592525293539507 ], [ 96.615611180592481, 3.388503192201634 ], [ 96.926536214928845, 3.388503192201634 ], [ 97.081998732097048, 3.592525293539507 ] ] ] } },
{ "type": "Feature", "properties": { "hex_id": "hex_00210", "road_length_km": 51.146, "hex_area_km2": 2338.3 }, "geometry": { "type": "Polygon", "coordinates": [ [ [ 97.081998732097048, 4.000705263104874 ], [ 96.926536214928845, 4.204868239039386 ], [ 96.615611180592481, 4.204868239039386 ], [ 96.460148663424292, 4.000705263104874 ], [ 96.615611180592481, 3.796591800120676 ], [ 96.926536214928845, 3.796591800120676 ], [ 97.081998732097048, 4.000705263104874 ] ] ] } },
{ "type": "Feature", "properties": { "hex_id": "hex_00211", "road_length_km": 131.978, "hex_area_km2": 2338.3 }, "geometry": { "type": "Polygon", "coordinates": [ [ [ 97.081998732097048, 4.409083290159638 ], [ 96.926536214928845, 4.613352984691612 ], [ 96.615611180592481, 4.613352984691613 ], [ 96.460148663424292, 4.409083290159638 ], [ 96.615611180592481, 4.204868239039386 ], [ 96.926536214928845, 4.204868239039386 ], [ 97.081998732097048, 4.409083290159638 ] ] ] } },
{ "type": "Feature", "properties": { "hex_id": "hex_00212", "road_length_km": 113.909, "hex_area_km2": 2338.3 }, "geometry": { "type": "Polygon", "coordinates": [ [ [ 97.081998732097048, 4.817679897156174 ], [ 96.926536214928845, 5.022066608675423 ], [ 96.615611180592481, 5.022066608675423 ], [ 96.460148663424292, 4.817679897156174 ], [ 96.615611180592481, 4.613352984691613 ], [ 96.926536214928845, 4.613352984691612 ], [ 97.081998732097048, 4.817679897156174 ] ] ] } },
{ "type": "Feature", "properties": { "hex_id": "hex_00213", "road_length_km": 120.202, "hex_area_km2": 2338.3 }, "geometry": { "type": "Polygon", "coordinates": [ [ [ 97.081998732097048, 5.226515707281158 ], [ 96.926536214928845, 5.431029788225585 ], [ 96.615611180592481, 5.431029788225586 ], [ 96.460148663424292, 5.226515707281158 ], [ 96.615611180592481, 5.022066608675423 ], [ 96.926536214928845, 5.022066608675423 ], [ 97.081998732097048, 5.226515707281158 ] ] ] } },
{ "type": "Feature", "properties": { "hex_id": "hex_00250", "road_length_km": 43.648, "hex_area_km2": 2338.3 }, "geometry": { "type": "Polygon", "coordinates": [ [ [ 97.548386283601616, 2.98058202576294 ], [ 97.392923766433441, 3.184522950035991 ], [ 97.081998732097048, 3.184522950035991 ], [ 96.926536214928845, 2.98058202576294 ], [ 97.081998732097048, 2.776677882598516 ], [ 97.392923766433441, 2.776677882598516 ], [ 97.548386283601616, 2.98058202576294 ] ] ] } },
{ "type": "Feature", "properties": { "hex_id": "hex_00251", "road_length_km": 58.896, "hex_area_km2": 2338.3 }, "geometry": { "type": "Polygon", "coordinates": [ [ [ 97.548386283601616, 3.388503192201632 ], [ 97.392923766433441, 3.592525293539505 ], [ 97.081998732097048, 3.592525293539505 ], [ 96.926536214928845, 3.388503192201632 ], [ 97.081998732097048, 3.184522950035991 ], [ 97.392923766433441, 3.184522950035991 ], [ 97.548386283601616, 3.388503192201632 ] ] ] } },
{ "type": "Feature", "properties": { "hex_id": "hex_00252", "road_length_km": 35.908, "hex_area_km2": 2338.3 }, "geometry": { "type": "Polygon", "coordinates": [ [ [ 97.548386283601616, 3.796591800120673 ], [ 97.392923766433441, 4.000705263104871 ], [ 97.081998732097048, 4.000705263104871 ], [ 96.926536214928845, 3.796591800120673 ], [ 97.081998732097048, 3.592525293539505 ], [ 97.392923766433441, 3.592525293539505 ], [ 97.548386283601616, 3.796591800120673 ] ] ] } },
{ "type": "Feature", "properties": { "hex_id": "hex_00253", "road_length_km": 81.361, "hex_area_km2": 2338.3 }, "geometry": { "type": "Polygon", "coordinates": [ [ [ 97.548386283601616, 4.204868239039383 ], [ 97.392923766433441, 4.409083290159635 ], [ 97.081998732097048, 4.409083290159636 ], [ 96.926536214928845, 4.204868239039383 ], [ 97.081998732097048, 4.000705263104871 ], [ 97.392923766433441, 4.000705263104871 ], [ 97.548386283601616, 4.204868239039383 ] ] ] } },
{ "type": "Feature", "properties": { "hex_id": "hex_00254", "road_length_km": 12.774, "hex_area_km2": 2338.3 }, "geometry": { "type": "Polygon", "coordinates": [ [ [ 97.548386283601616, 4.613352984691611 ], [ 97.392923766433441, 4.817679897156173 ], [ 97.081998732097048, 4.817679897156173 ], [ 96.926536214928845, 4.613352984691611 ], [ 97.081998732097048, 4.409083290159636 ], [ 97.392923766433441, 4.409083290159635 ], [ 97.548386283601616, 4.613352984691611 ] ] ] } },
{ "type": "Feature", "properties": { "hex_id": "hex_00255", "road_length_km": 80.66, "hex_area_km2": 2338.3 }, "geometry": { "type": "Polygon", "coordinates": [ [ [ 97.548386283601616, 5.02206660867542 ], [ 97.392923766433441, 5.226515707281155 ], [ 97.081998732097048, 5.226515707281155 ], [ 96.926536214928845, 5.02206660867542 ], [ 97.081998732097048, 4.817679897156173 ], [ 97.392923766433441, 4.817679897156173 ], [ 97.548386283601616, 5.02206660867542 ] ] ] } },
{ "type": "Feature", "properties": { "hex_id": "hex_00288", "road_length_km": 108.321, "hex_area_km2": 2338.3 }, "geometry": { "type": "Polygon", "coordinates": [ [ [ 98.014773835106197, 0.739103948342442 ], [ 97.859311317938008, 0.942779023365858 ], [ 97.548386283601616, 0.942779023365858 ], [ 97.392923766433441, 0.739103948342442 ], [ 97.548386283601616, 0.535437963178462 ], [ 97.859311317938008, 0.535437963178462 ], [ 98.014773835106197, 0.739103948342442 ] ] ] } },
{ "type": "Feature", "properties": { "hex_id": "hex_00289", "road_length_km": 55.325, "hex_area_km2": 2338.3 }, "geometry": { "type": "Polygon", "coordinates": [ [ [ 98.014773835106197, 1.146465694757878 ], [ 97.859311317938008, 1.350166470343798 ], [ 97.548386283601616, 1.350166470343798 ], [ 97.392923766433441, 1.146465694757878 ], [ 97.548386283601616, 0.942779023365858 ], [ 97.859311317938008, 0.942779023365858 ], [ 98.014773835106197, 1.146465694757878 ] ] ] } },
{ "type": "Feature", "properties": { "hex_id": "hex_00293", "road_length_km": 74.475, "hex_area_km2": 2338.3 }, "geometry": { "type": "Polygon", "coordinates": [ [ [ 98.014773835106197, 2.776677882598519 ], [ 97.859311317938008, 2.980582025762943 ], [ 97.548386283601616, 2.980582025762943 ], [ 97.392923766433441, 2.776677882598519 ], [ 97.548386283601616, 2.572807987960138 ], [ 97.859311317938008, 2.572807987960138 ], [ 98.014773835106197, 2.776677882598519 ] ] ] } },
{ "type": "Feature", "properties": { "hex_id": "hex_00295", "road_length_km": 65.055, "hex_area_km2": 2338.3 }, "geometry": { "type": "Polygon", "coordinates": [ [ [ 98.014773835106197, 3.592525293539507 ], [ 97.859311317938008, 3.796591800120676 ], [ 97.548386283601616, 3.796591800120676 ], [ 97.392923766433441, 3.592525293539507 ], [ 97.548386283601616, 3.388503192201634 ], [ 97.859311317938008, 3.388503192201634 ], [ 98.014773835106197, 3.592525293539507 ] ] ] } },
{ "type": "Feature", "properties": { "hex_id": "hex_00296", "road_length_km": 15.0, "hex_area_km2": 2338.3 }, "geometry": { "type": "Polygon", "coordinates": [ [ [ 98.014773835106197, 4.000705263104874 ], [ 97.859311317938008, 4.204868239039386 ], [ 97.548386283601616, 4.204868239039386 ], [ 97.392923766433441, 4.000705263104874 ], [ 97.548386283601616, 3.796591800120676 ], [ 97.859311317938008, 3.796591800120676 ], [ 98.014773835106197, 4.000705263104874 ] ] ] } },
{ "type": "Feature", "properties": { "hex_id": "hex_00297", "road_length_km": 2.497, "hex_area_km2": 2338.3 }, "geometry": { "type": "Polygon", "coordinates": [ [ [ 98.014773835106197, 4.409083290159638 ], [ 97.859311317938008, 4.613352984691612 ], [ 97.548386283601616, 4.613352984691613 ], [ 97.392923766433441, 4.409083290159638 ], [ 97.548386283601616, 4.204868239039386 ], [ 97.859311317938008, 4.204868239039386 ], [ 98.014773835106197, 4.409083290159638 ] ] ] } },
{ "type": "Feature", "properties": { "hex_id": "hex_00298", "road_length_km": 51.082, "hex_area_km2": 2338.3 }, "geometry": { "type": "Polygon", "coordinates": [ [ [ 98.014773835106197, 4.817679897156174 ], [ 97.859311317938008, 5.022066608675423 ], [ 97.548386283601616, 5.022066608675423 ], [ 97.392923766433441, 4.817679897156174 ], [ 97.548386283601616, 4.613352984691613 ], [ 97.859311317938008, 4.613352984691612 ], [ 98.014773835106197, 4.817679897156174 ] ] ] } },
{ "type": "Feature", "properties": { "hex_id": "hex_00299", "road_length_km": 27.916, "hex_area_km2": 2338.3 }, "geometry": { "type": "Polygon", "coordinates": [ [ [ 98.014773835106197, 5.226515707281158 ], [ 97.859311317938008, 5.431029788225585 ], [ 97.548386283601616, 5.431029788225586 ], [ 97.392923766433441, 5.226515707281158 ], [ 97.548386283601616, 5.022066608675423 ], [ 97.859311317938008, 5.022066608675423 ], [ 98.014773835106197, 5.226515707281158 ] ] ] } },
{ "type": "Feature", "properties": { "hex_id": "hex_00331", "road_length_km": 8.111, "hex_area_km2": 2338.3 }, "geometry": { "type": "Polygon", "coordinates": [ [ [ 98.481161386610779, 0.942779023365856 ], [ 98.32569886944259, 1.146465694757876 ], [ 98.014773835106197, 1.146465694757876 ], [ 97.859311317938008, 0.942779023365856 ], [ 98.014773835106197, 0.739103948342439 ], [ 98.32569886944259, 0.739103948342439 ], [ 98.481161386610779, 0.942779023365856 ] ] ] } },
{ "type": "Feature", "properties": { "hex_id": "hex_00334", "road_length_km": 65.048, "hex_area_km2": 2338.3 }, "geometry": { "type": "Polygon", "coordinates": [ [ [ 98.481161386610779, 2.165160833181423 ], [ 98.32569886944259, 2.368969813173613 ], [ 98.014773835106197, 2.368969813173613 ], [ 97.859311317938008, 2.165160833181423 ], [ 98.014773835106197, 1.961378526252104 ], [ 98.32569886944259, 1.961378526252104 ], [ 98.481161386610779, 2.165160833181423 ] ] ] } },
{ "type": "Feature", "properties": { "hex_id": "hex_00335", "road_length_km": 142.298, "hex_area_km2": 2338.3 }, "geometry": { "type": "Polygon", "coordinates": [ [ [ 98.481161386610779, 2.572807987960136 ], [ 98.32569886944259, 2.776677882598516 ], [ 98.014773835106197, 2.776677882598516 ], [ 97.859311317938008, 2.572807987960136 ], [ 98.014773835106197, 2.368969813173613 ], [ 98.32569886944259, 2.368969813173613 ], [ 98.481161386610779, 2.572807987960136 ] ] ] } },
{ "type": "Feature", "properties": { "hex_id": "hex_00336", "road_length_km": 126.683, "hex_area_km2": 2338.3 }, "geometry": { "type": "Polygon", "coordinates": [ [ [ 98.481161386610779, 2.98058202576294 ], [ 98.32569886944259, 3.184522950035991 ], [ 98.014773835106197, 3.184522950035991 ], [ 97.859311317938008, 2.98058202576294 ], [ 98.014773835106197, 2.776677882598516 ], [ 98.32569886944259, 2.776677882598516 ], [ 98.481161386610779, 2.98058202576294 ] ] ] } },
{ "type": "Feature", "properties": { "hex_id": "hex_00337", "road_length_km": 35.301, "hex_area_km2": 2338.3 }, "geometry": { "type": "Polygon", "coordinates": [ [ [ 98.481161386610779, 3.388503192201632 ], [ 98.32569886944259, 3.592525293539505 ], [ 98.014773835106197, 3.592525293539505 ], [ 97.859311317938008, 3.388503192201632 ], [ 98.014773835106197, 3.184522950035991 ], [ 98.32569886944259, 3.184522950035991 ], [ 98.481161386610779, 3.388503192201632 ] ] ] } },
{ "type": "Feature", "properties": { "hex_id": "hex_00338", "road_length_km": 22.201, "hex_area_km2": 2338.3 }, "geometry": { "type": "Polygon", "coordinates": [ [ [ 98.481161386610779, 3.796591800120673 ], [ 98.32569886944259, 4.000705263104871 ], [ 98.014773835106197, 4.000705263104871 ], [ 97.859311317938008, 3.796591800120673 ], [ 98.014773835106197, 3.592525293539505 ], [ 98.32569886944259, 3.592525293539505 ], [ 98.481161386610779, 3.796591800120673 ] ] ] } },
{ "type": "Feature", "properties": { "hex_id": "hex_00339", "road_length_km": 77.417, "hex_area_km2": 2338.3 }, "geometry": { "type": "Polygon", "coordinates": [ [ [ 98.481161386610779, 4.204868239039383 ], [ 98.32569886944259, 4.409083290159635 ], [ 98.014773835106197, 4.409083290159636 ], [ 97.859311317938008, 4.204868239039383 ], [ 98.014773835106197, 4.000705263104871 ], [ 98.32569886944259, 4.000705263104871 ], [ 98.481161386610779, 4.204868239039383 ] ] ] } },
{ "type": "Feature", "properties": { "hex_id": "hex_00340", "road_length_km": 50.39, "hex_area_km2": 2338.3 }, "geometry": { "type": "Polygon", "coordinates": [ [ [ 98.481161386610779, 4.613352984691611 ], [ 98.32569886944259, 4.817679897156173 ], [ 98.014773835106197, 4.817679897156173 ], [ 97.859311317938008, 4.613352984691611 ], [ 98.014773835106197, 4.409083290159636 ], [ 98.32569886944259, 4.409083290159635 ], [ 98.481161386610779, 4.613352984691611 ] ] ] } },
{ "type": "Feature", "properties": { "hex_id": "hex_00375", "road_length_km": 16.305, "hex_area_km2": 2338.3 }, "geometry": { "type": "Polygon", "coordinates": [ [ [ 98.947548938115361, 1.146465694757878 ], [ 98.792086420947172, 1.350166470343798 ], [ 98.481161386610779, 1.350166470343798 ], [ 98.32569886944259, 1.146465694757878 ], [ 98.481161386610779, 0.942779023365858 ], [ 98.792086420947172, 0.942779023365858 ], [ 98.947548938115361, 1.146465694757878 ] ] ] } },
{ "type": "Feature", "properties": { "hex_id": "hex_00376", "road_length_km": 43.478, "hex_area_km2": 2338.3 }, "geometry": { "type": "Polygon", "coordinates": [ [ [ 98.947548938115361, 1.553883859550217 ], [ 98.792086420947172, 1.757620373690711 ], [ 98.481161386610779, 1.757620373690711 ], [ 98.32569886944259, 1.553883859550217 ], [ 98.481161386610779, 1.350166470343798 ], [ 98.792086420947172, 1.350166470343798 ], [ 98.947548938115361, 1.553883859550217 ] ] ] } },
{ "type": "Feature", "properties": { "hex_id": "hex_00377", "road_length_km": 103.727, "hex_area_km2": 2338.3 }, "geometry": { "type": "Polygon", "coordinates": [ [ [ 98.947548938115361, 1.961378526252106 ], [ 98.792086420947172, 2.165160833181425 ], [ 98.481161386610779, 2.165160833181425 ], [ 98.32569886944259, 1.961378526252106 ], [ 98.481161386610779, 1.757620373690711 ], [ 98.792086420947172, 1.757620373690711 ], [ 98.947548938115361, 1.961378526252106 ] ] ] } },
{ "type": "Feature", "properties": { "hex_id": "hex_00378", "road_length_km": 105.377, "hex_area_km2": 2338.3 }, "geometry": { "type": "Polygon", "coordinates": [ [ [ 98.947548938115361, 2.368969813173615 ], [ 98.792086420947172, 2.572807987960138 ], [ 98.481161386610779, 2.572807987960138 ], [ 98.32569886944259, 2.368969813173615 ], [ 98.481161386610779, 2.165160833181425 ], [ 98.792086420947172, 2.165160833181425 ], [ 98.947548938115361, 2.368969813173615 ] ] ] } },
{ "type": "Feature", "properties": { "hex_id": "hex_00379", "road_length_km": 199.415, "hex_area_km2": 2338.3 }, "geometry": { "type": "Polygon", "coordinates": [ [ [ 98.947548938115361, 2.776677882598519 ], [ 98.792086420947172, 2.980582025762943 ], [ 98.481161386610779, 2.980582025762943 ], [ 98.32569886944259, 2.776677882598519 ], [ 98.481161386610779, 2.572807987960138 ], [ 98.792086420947172, 2.572807987960138 ], [ 98.947548938115361, 2.776677882598519 ] ] ] } },
{ "type": "Feature", "properties": { "hex_id": "hex_00380", "road_length_km": 79.657, "hex_area_km2": 2338.3 }, "geometry": { "type": "Polygon", "coordinates": [ [ [ 98.947548938115361, 3.184522950035994 ], [ 98.792086420947172, 3.388503192201634 ], [ 98.481161386610779, 3.388503192201634 ], [ 98.32569886944259, 3.184522950035994 ], [ 98.481161386610779, 2.980582025762943 ], [ 98.792086420947172, 2.980582025762943 ], [ 98.947548938115361, 3.184522950035994 ] ] ] } },
{ "type": "Feature", "properties": { "hex_id": "hex_00381", "road_length_km": 183.501, "hex_area_km2": 2338.3 }, "geometry": { "type": "Polygon", "coordinates": [ [ [ 98.947548938115361, 3.592525293539507 ], [ 98.792086420947172, 3.796591800120676 ], [ 98.481161386610779, 3.796591800120676 ], [ 98.32569886944259, 3.592525293539507 ], [ 98.481161386610779, 3.388503192201634 ], [ 98.792086420947172, 3.388503192201634 ], [ 98.947548938115361, 3.592525293539507 ] ] ] } },
{ "type": "Feature", "properties": { "hex_id": "hex_00382", "road_length_km": 16.182, "hex_area_km2": 2338.3 }, "geometry": { "type": "Polygon", "coordinates": [ [ [ 98.947548938115361, 4.000705263104874 ], [ 98.792086420947172, 4.204868239039386 ], [ 98.481161386610779, 4.204868239039386 ], [ 98.32569886944259, 4.000705263104874 ], [ 98.481161386610779, 3.796591800120676 ], [ 98.792086420947172, 3.796591800120676 ], [ 98.947548938115361, 4.000705263104874 ] ] ] } },
{ "type": "Feature", "properties": { "hex_id": "hex_00416", "road_length_km": 73.737, "hex_area_km2": 2338.3 }, "geometry": { "type": "Polygon", "coordinates": [ [ [ 99.413936489619928, 0.53543796317846 ], [ 99.258473972451739, 0.739103948342439 ], [ 98.947548938115361, 0.739103948342439 ], [ 98.792086420947172, 0.53543796317846 ], [ 98.947548938115361, 0.331778562396121 ], [ 99.258473972451739, 0.331778562396121 ], [ 99.413936489619928, 0.53543796317846 ] ] ] } },
{ "type": "Feature", "properties": { "hex_id": "hex_00417", "road_length_km": 52.181, "hex_area_km2": 2338.3 }, "geometry": { "type": "Polygon", "coordinates": [ [ [ 99.413936489619928, 0.942779023365856 ], [ 99.258473972451739, 1.146465694757876 ], [ 98.947548938115361, 1.146465694757876 ], [ 98.792086420947172, 0.942779023365856 ], [ 98.947548938115361, 0.739103948342439 ], [ 99.258473972451739, 0.739103948342439 ], [ 99.413936489619928, 0.942779023365856 ] ] ] } },
{ "type": "Feature", "properties": { "hex_id": "hex_00418", "road_length_km": 178.817, "hex_area_km2": 2338.3 }, "geometry": { "type": "Polygon", "coordinates": [ [ [ 99.413936489619928, 1.350166470343796 ], [ 99.258473972451739, 1.553883859550215 ], [ 98.947548938115361, 1.553883859550215 ], [ 98.792086420947172, 1.350166470343796 ], [ 98.947548938115361, 1.146465694757876 ], [ 99.258473972451739, 1.146465694757876 ], [ 99.413936489619928, 1.350166470343796 ] ] ] } },
{ "type": "Feature", "properties": { "hex_id": "hex_00419", "road_length_km": 96.524, "hex_area_km2": 2338.3 }, "geometry": { "type": "Polygon", "coordinates": [ [ [ 99.413936489619928, 1.757620373690709 ], [ 99.258473972451739, 1.961378526252104 ], [ 98.947548938115361, 1.961378526252104 ], [ 98.792086420947172, 1.757620373690709 ], [ 98.947548938115361, 1.553883859550215 ], [ 99.258473972451739, 1.553883859550215 ], [ 99.413936489619928, 1.757620373690709 ] ] ] } },
{ "type": "Feature", "properties": { "hex_id": "hex_00420", "road_length_km": 97.793, "hex_area_km2": 2338.3 }, "geometry": { "type": "Polygon", "coordinates": [ [ [ 99.413936489619928, 2.165160833181423 ], [ 99.258473972451739, 2.368969813173613 ], [ 98.947548938115361, 2.368969813173613 ], [ 98.792086420947172, 2.165160833181423 ], [ 98.947548938115361, 1.961378526252104 ], [ 99.258473972451739, 1.961378526252104 ], [ 99.413936489619928, 2.165160833181423 ] ] ] } },
{ "type": "Feature", "properties": { "hex_id": "hex_00421", "road_length_km": 141.472, "hex_area_km2": 2338.3 }, "geometry": { "type": "Polygon", "coordinates": [ [ [ 99.413936489619928, 2.572807987960136 ], [ 99.258473972451739, 2.776677882598516 ], [ 98.947548938115361, 2.776677882598516 ], [ 98.792086420947172, 2.572807987960136 ], [ 98.947548938115361, 2.368969813173613 ], [ 99.258473972451739, 2.368969813173613 ], [ 99.413936489619928, 2.572807987960136 ] ] ] } },
{ "type": "Feature", "properties": { "hex_id": "hex_00422", "road_length_km": 53.91, "hex_area_km2": 2338.3 }, "geometry": { "type": "Polygon", "coordinates": [ [ [ 99.413936489619928, 2.98058202576294 ], [ 99.258473972451739, 3.184522950035991 ], [ 98.947548938115361, 3.184522950035991 ], [ 98.792086420947172, 2.98058202576294 ], [ 98.947548938115361, 2.776677882598516 ], [ 99.258473972451739, 2.776677882598516 ], [ 99.413936489619928, 2.98058202576294 ] ] ] } },
{ "type": "Feature", "properties": { "hex_id": "hex_00423", "road_length_km": 103.856, "hex_area_km2": 2338.3 }, "geometry": { "type": "Polygon", "coordinates": [ [ [ 99.413936489619928, 3.388503192201632 ], [ 99.258473972451739, 3.592525293539505 ], [ 98.947548938115361, 3.592525293539505 ], [ 98.792086420947172, 3.388503192201632 ], [ 98.947548938115361, 3.184522950035991 ], [ 99.258473972451739, 3.184522950035991 ], [ 99.413936489619928, 3.388503192201632 ] ] ] } },
{ "type": "Feature", "properties": { "hex_id": "hex_00453", "road_length_km": 55.057, "hex_area_km2": 2338.3 }, "geometry": { "type": "Polygon", "coordinates": [ [ [ 99.88032404112451, -2.112532492886232 ], [ 99.724861523956307, -1.90875666483512 ], [ 99.413936489619928, -1.90875666483512 ], [ 99.258473972451739, -2.112532492886232 ], [ 99.413936489619928, -2.316334343279071 ], [ 99.724861523956307, -2.316334343279071 ], [ 99.88032404112451, -2.112532492886232 ] ] ] } },
{ "type": "Feature", "properties": { "hex_id": "hex_00459", "road_length_km": 87.847, "hex_area_km2": 2338.3 }, "geometry": { "type": "Polygon", "coordinates": [ [ [ 99.88032404112451, 0.331778562396123 ], [ 99.724861523956307, 0.535437963178462 ], [ 99.413936489619928, 0.535437963178462 ], [ 99.258473972451739, 0.331778562396123 ], [ 99.413936489619928, 0.12812324126456 ], [ 99.724861523956307, 0.12812324126456 ], [ 99.88032404112451, 0.331778562396123 ] ] ] } },
{ "type": "Feature", "properties": { "hex_id": "hex_00460", "road_length_km": 64.415, "hex_area_km2": 2338.3 }, "geometry": { "type": "Polygon", "coordinates": [ [ [ 99.88032404112451, 0.739103948342442 ], [ 99.724861523956307, 0.942779023365858 ], [ 99.413936489619928, 0.942779023365858 ], [ 99.258473972451739, 0.739103948342442 ], [ 99.413936489619928, 0.535437963178462 ], [ 99.724861523956307, 0.535437963178462 ], [ 99.88032404112451, 0.739103948342442 ] ] ] } },
{ "type": "Feature", "properties": { "hex_id": "hex_00461", "road_length_km": 43.798, "hex_area_km2": 2338.3 }, "geometry": { "type": "Polygon", "coordinates": [ [ [ 99.88032404112451, 1.146465694757878 ], [ 99.724861523956307, 1.350166470343798 ], [ 99.413936489619928, 1.350166470343798 ], [ 99.258473972451739, 1.146465694757878 ], [ 99.413936489619928, 0.942779023365858 ], [ 99.724861523956307, 0.942779023365858 ], [ 99.88032404112451, 1.146465694757878 ] ] ] } },
{ "type": "Feature", "properties": { "hex_id": "hex_00462", "road_length_km": 94.945, "hex_area_km2": 2338.3 }, "geometry": { "type": "Polygon", "coordinates": [ [ [ 99.88032404112451, 1.553883859550217 ], [ 99.724861523956307, 1.757620373690711 ], [ 99.413936489619928, 1.757620373690711 ], [ 99.258473972451739, 1.553883859550217 ], [ 99.413936489619928, 1.350166470343798 ], [ 99.724861523956307, 1.350166470343798 ], [ 99.88032404112451, 1.553883859550217 ] ] ] } },
{ "type": "Feature", "properties": { "hex_id": "hex_00464", "road_length_km": 48.493, "hex_area_km2": 2338.3 }, "geometry": { "type": "Polygon", "coordinates": [ [ [ 99.88032404112451, 2.368969813173615 ], [ 99.724861523956307, 2.572807987960138 ], [ 99.413936489619928, 2.572807987960138 ], [ 99.258473972451739, 2.368969813173615 ], [ 99.413936489619928, 2.165160833181425 ], [ 99.724861523956307, 2.165160833181425 ], [ 99.88032404112451, 2.368969813173615 ] ] ] } },
{ "type": "Feature", "properties": { "hex_id": "hex_00465", "road_length_km": 66.503, "hex_area_km2": 2338.3 }, "geometry": { "type": "Polygon", "coordinates": [ [ [ 99.88032404112451, 2.776677882598519 ], [ 99.724861523956307, 2.980582025762943 ], [ 99.413936489619928, 2.980582025762943 ], [ 99.258473972451739, 2.776677882598519 ], [ 99.413936489619928, 2.572807987960138 ], [ 99.724861523956307, 2.572807987960138 ], [ 99.88032404112451, 2.776677882598519 ] ] ] } },
{ "type": "Feature", "properties": { "hex_id": "hex_00466", "road_length_km": 75.02, "hex_area_km2": 2338.3 }, "geometry": { "type": "Polygon", "coordinates": [ [ [ 99.88032404112451, 3.184522950035994 ], [ 99.724861523956307, 3.388503192201634 ], [ 99.413936489619928, 3.388503192201634 ], [ 99.258473972451739, 3.184522950035994 ], [ 99.413936489619928, 2.980582025762943 ], [ 99.724861523956307, 2.980582025762943 ], [ 99.88032404112451, 3.184522950035994 ] ] ] } },
{ "type": "Feature", "properties": { "hex_id": "hex_00495", "road_length_km": 22.684, "hex_area_km2": 2338.3 }, "geometry": { "type": "Polygon", "coordinates": [ [ [ 100.346711592629077, -2.316334343279074 ], [ 100.191249075460888, -2.112532492886234 ], [ 99.88032404112451, -2.112532492886234 ], [ 99.724861523956307, -2.316334343279074 ], [ 99.88032404112451, -2.520164736933245 ], [ 100.191249075460888, -2.520164736933245 ], [ 100.346711592629077, -2.316334343279074 ] ] ] } },
{ "type": "Feature", "properties": { "hex_id": "hex_00499", "road_length_km": 58.411, "hex_area_km2": 2338.3 }, "geometry": { "type": "Polygon", "coordinates": [ [ [ 100.346711592629077, -0.686507331140564 ], [ 100.191249075460888, -0.482843286297452 ], [ 99.88032404112451, -0.482843286297452 ], [ 99.724861523956307, -0.686507331140564 ], [ 99.88032404112451, -0.890179818727112 ], [ 100.191249075460888, -0.890179818727112 ], [ 100.346711592629077, -0.686507331140564 ] ] ] } },
{ "type": "Feature", "properties": { "hex_id": "hex_00500", "road_length_km": 58.158, "hex_area_km2": 2338.3 }, "geometry": { "type": "Polygon", "coordinates": [ [ [ 100.346711592629077, -0.279185178940103 ], [ 100.191249075460888, -0.075530504484363 ], [ 99.88032404112451, -0.075530504484363 ], [ 99.724861523956307, -0.279185178940103 ], [ 99.88032404112451, -0.482843286297452 ], [ 100.191249075460888, -0.482843286297452 ], [ 100.346711592629077, -0.279185178940103 ] ] ] } },
{ "type": "Feature", "properties": { "hex_id": "hex_00501", "road_length_km": 105.807, "hex_area_km2": 2338.3 }, "geometry": { "type": "Polygon", "coordinates": [ [ [ 100.346711592629077, 0.128123241264558 ], [ 100.191249075460888, 0.331778562396121 ], [ 99.88032404112451, 0.331778562396121 ], [ 99.724861523956307, 0.128123241264558 ], [ 99.88032404112451, -0.075530504484363 ], [ 100.191249075460888, -0.075530504484363 ], [ 100.346711592629077, 0.128123241264558 ] ] ] } },
{ "type": "Feature", "properties": { "hex_id": "hex_00502", "road_length_km": 61.558, "hex_area_km2": 2338.3 }, "geometry": { "type": "Polygon", "coordinates": [ [ [ 100.346711592629077, 0.53543796317846 ], [ 100.191249075460888, 0.739103948342439 ], [ 99.88032404112451, 0.739103948342439 ], [ 99.724861523956307, 0.53543796317846 ], [ 99.88032404112451, 0.331778562396121 ], [ 100.191249075460888, 0.331778562396121 ], [ 100.346711592629077, 0.53543796317846 ] ] ] } },
{ "type": "Feature", "properties": { "hex_id": "hex_00505", "road_length_km": 103.461, "hex_area_km2": 2338.3 }, "geometry": { "type": "Polygon", "coordinates": [ [ [ 100.346711592629077, 1.757620373690709 ], [ 100.191249075460888, 1.961378526252104 ], [ 99.88032404112451, 1.961378526252104 ], [ 99.724861523956307, 1.757620373690709 ], [ 99.88032404112451, 1.553883859550215 ], [ 100.191249075460888, 1.553883859550215 ], [ 100.346711592629077, 1.757620373690709 ] ] ] } },
{ "type": "Feature", "properties": { "hex_id": "hex_00506", "road_length_km": 64.291, "hex_area_km2": 2338.3 }, "geometry": { "type": "Polygon", "coordinates": [ [ [ 100.346711592629077, 2.165160833181423 ], [ 100.191249075460888, 2.368969813173613 ], [ 99.88032404112451, 2.368969813173613 ], [ 99.724861523956307, 2.165160833181423 ], [ 99.88032404112451, 1.961378526252104 ], [ 100.191249075460888, 1.961378526252104 ], [ 100.346711592629077, 2.165160833181423 ] ] ] } },
{ "type": "Feature", "properties": { "hex_id": "hex_00508", "road_length_km": 17.469, "hex_area_km2": 2338.3 }, "geometry": { "type": "Polygon", "coordinates": [ [ [ 100.346711592629077, 2.98058202576294 ], [ 100.191249075460888, 3.184522950035991 ], [ 99.88032404112451, 3.184522950035991 ], [ 99.724861523956307, 2.98058202576294 ], [ 99.88032404112451, 2.776677882598516 ], [ 100.191249075460888, 2.776677882598516 ], [ 100.346711592629077, 2.98058202576294 ] ] ] } },
{ "type": "Feature", "properties": { "hex_id": "hex_00540", "road_length_km": 36.674, "hex_area_km2": 2338.3 }, "geometry": { "type": "Polygon", "coordinates": [ [ [ 100.813099144133673, -1.705004341168034 ], [ 100.65763662696547, -1.501273006600811 ], [ 100.346711592629077, -1.501273006600811 ], [ 100.191249075460888, -1.705004341168034 ], [ 100.346711592629077, -1.90875666483512 ], [ 100.65763662696547, -1.90875666483512 ], [ 100.813099144133673, -1.705004341168034 ] ] ] } },
{ "type": "Feature", "properties": { "hex_id": "hex_00541", "road_length_km": 69.163, "hex_area_km2": 2338.3 }, "geometry": { "type": "Polygon", "coordinates": [ [ [ 100.813099144133673, -1.297560148235311 ], [ 100.65763662696547, -1.093863255272653 ], [ 100.346711592629077, -1.093863255272653 ], [ 100.191249075460888, -1.297560148235311 ], [ 100.346711592629077, -1.501273006600811 ], [ 100.65763662696547, -1.501273006600811 ], [ 100.813099144133673, -1.297560148235311 ] ] ] } },
{ "type": "Feature", "properties": { "hex_id": "hex_00542", "road_length_km": 181.888, "hex_area_km2": 2338.3 }, "geometry": { "type": "Polygon", "coordinates": [ [ [ 100.813099144133673, -0.890179818727109 ], [ 100.65763662696547, -0.686507331140562 ], [ 100.346711592629077, -0.686507331140562 ], [ 100.191249075460888, -0.890179818727109 ], [ 100.346711592629077, -1.093863255272653 ], [ 100.65763662696547, -1.093863255272653 ], [ 100.813099144133673, -0.890179818727109 ] ] ] } },
{ "type": "Feature", "properties": { "hex_id": "hex_00543", "road_length_km": 107.008, "hex_area_km2": 2338.3 }, "geometry": { "type": "Polygon", "coordinates": [ [ [ 100.813099144133673, -0.48284328629745 ], [ 100.65763662696547, -0.279185178940101 ], [ 100.346711592629077, -0.279185178940101 ], [ 100.191249075460888, -0.48284328629745 ], [ 100.346711592629077, -0.686507331140562 ], [ 100.65763662696547, -0.686507331140562 ], [ 100.813099144133673, -0.48284328629745 ] ] ] } },
{ "type": "Feature", "properties": { "hex_id": "hex_00544", "road_length_km": 111.21, "hex_area_km2": 2338.3 }, "geometry": { "type": "Polygon", "coordinates": [ [ [ 100.813099144133673, -0.075530504484361 ], [ 100.65763662696547, 0.12812324126456 ], [ 100.346711592629077, 0.12812324126456 ], [ 100.191249075460888, -0.075530504484361 ], [ 100.346711592629077, -0.279185178940101 ], [ 100.65763662696547, -0.279185178940101 ], [ 100.813099144133673, -0.075530504484361 ] ] ] } },
{ "type": "Feature", "properties": { "hex_id": "hex_00545", "road_length_km": 9.847, "hex_area_km2": 2338.3 }, "geometry": { "type": "Polygon", "coordinates": [ [ [ 100.813099144133673, 0.331778562396123 ], [ 100.65763662696547, 0.535437963178462 ], [ 100.346711592629077, 0.535437963178462 ], [ 100.191249075460888, 0.331778562396123 ], [ 100.346711592629077, 0.12812324126456 ], [ 100.65763662696547, 0.12812324126456 ], [ 100.813099144133673, 0.331778562396123 ] ] ] } },
{ "type": "Feature", "properties": { "hex_id": "hex_00548", "road_length_km": 49.069, "hex_area_km2": 2338.3 }, "geometry": { "type": "Polygon", "coordinates": [ [ [ 100.813099144133673, 1.553883859550217 ], [ 100.65763662696547, 1.757620373690711 ], [ 100.346711592629077, 1.757620373690711 ], [ 100.191249075460888, 1.553883859550217 ], [ 100.346711592629077, 1.350166470343798 ], [ 100.65763662696547, 1.350166470343798 ], [ 100.813099144133673, 1.553883859550217 ] ] ] } },
{ "type": "Feature", "properties": { "hex_id": "hex_00580", "road_length_km": 26.514, "hex_area_km2": 2338.3 }, "geometry": { "type": "Polygon", "coordinates": [ [ [ 101.279486695638241, -2.724026198019544 ], [ 101.124024178470052, -2.520164736933245 ], [ 100.813099144133673, -2.520164736933245 ], [ 100.65763662696547, -2.724026198019544 ], [ 100.813099144133673, -2.927921254250273 ], [ 101.124024178470052, -2.927921254250273 ], [ 101.279486695638241, -2.724026198019544 ] ] ] } },
{ "type": "Feature", "properties": { "hex_id": "hex_00581", "road_length_km": 76.999, "hex_area_km2": 2338.3 }, "geometry": { "type": "Polygon", "coordinates": [ [ [ 101.279486695638241, -2.316334343279074 ], [ 101.124024178470052, -2.112532492886234 ], [ 100.813099144133673, -2.112532492886234 ], [ 100.65763662696547, -2.316334343279074 ], [ 100.813099144133673, -2.520164736933245 ], [ 101.124024178470052, -2.520164736933245 ], [ 101.279486695638241, -2.316334343279074 ] ] ] } },
{ "type": "Feature", "properties": { "hex_id": "hex_00582", "road_length_km": 64.585, "hex_area_km2": 2338.3 }, "geometry": { "type": "Polygon", "coordinates": [ [ [ 101.279486695638241, -1.908756664835123 ], [ 101.124024178470052, -1.705004341168037 ], [ 100.813099144133673, -1.705004341168037 ], [ 100.65763662696547, -1.908756664835123 ], [ 100.813099144133673, -2.112532492886234 ], [ 101.124024178470052, -2.112532492886234 ], [ 101.279486695638241, -1.908756664835123 ] ] ] } },
{ "type": "Feature", "properties": { "hex_id": "hex_00583", "road_length_km": 56.79, "hex_area_km2": 2338.3 }, "geometry": { "type": "Polygon", "coordinates": [ [ [ 101.279486695638241, -1.501273006600813 ], [ 101.124024178470052, -1.297560148235313 ], [ 100.813099144133673, -1.297560148235313 ], [ 100.65763662696547, -1.501273006600813 ], [ 100.813099144133673, -1.705004341168037 ], [ 101.124024178470052, -1.705004341168037 ], [ 101.279486695638241, -1.501273006600813 ] ] ] } },
{ "type": "Feature", "properties": { "hex_id": "hex_00584", "road_length_km": 49.078, "hex_area_km2": 2338.3 }, "geometry": { "type": "Polygon", "coordinates": [ [ [ 101.279486695638241, -1.093863255272656 ], [ 101.124024178470052, -0.890179818727112 ], [ 100.813099144133673, -0.890179818727112 ], [ 100.65763662696547, -1.093863255272656 ], [ 100.813099144133673, -1.297560148235313 ], [ 101.124024178470052, -1.297560148235313 ], [ 101.279486695638241, -1.093863255272656 ] ] ] } },
{ "type": "Feature", "properties": { "hex_id": "hex_00585", "road_length_km": 73.009, "hex_area_km2": 2338.3 }, "geometry": { "type": "Polygon", "coordinates": [ [ [ 101.279486695638241, -0.686507331140564 ], [ 101.124024178470052, -0.482843286297452 ], [ 100.813099144133673, -0.482843286297452 ], [ 100.65763662696547, -0.686507331140564 ], [ 100.813099144133673, -0.890179818727112 ], [ 101.124024178470052, -0.890179818727112 ], [ 101.279486695638241, -0.686507331140564 ] ] ] } },
{ "type": "Feature", "properties": { "hex_id": "hex_00587", "road_length_km": 90.095, "hex_area_km2": 2338.3 }, "geometry": { "type": "Polygon", "coordinates": [ [ [ 101.279486695638241, 0.128123241264558 ], [ 101.124024178470052, 0.331778562396121 ], [ 100.813099144133673, 0.331778562396121 ], [ 100.65763662696547, 0.128123241264558 ], [ 100.813099144133673, -0.075530504484363 ], [ 101.124024178470052, -0.075530504484363 ], [ 101.279486695638241, 0.128123241264558 ] ] ] } },
{ "type": "Feature", "properties": { "hex_id": "hex_00588", "road_length_km": 17.281, "hex_area_km2": 2338.3 }, "geometry": { "type": "Polygon", "coordinates": [ [ [ 101.279486695638241, 0.53543796317846 ], [ 101.124024178470052, 0.739103948342439 ], [ 100.813099144133673, 0.739103948342439 ], [ 100.65763662696547, 0.53543796317846 ], [ 100.813099144133673, 0.331778562396121 ], [ 101.124024178470052, 0.331778562396121 ], [ 101.279486695638241, 0.53543796317846 ] ] ] } },
{ "type": "Feature", "properties": { "hex_id": "hex_00589", "road_length_km": 9.924, "hex_area_km2": 2338.3 }, "geometry": { "type": "Polygon", "coordinates": [ [ [ 101.279486695638241, 0.942779023365856 ], [ 101.124024178470052, 1.146465694757876 ], [ 100.813099144133673, 1.146465694757876 ], [ 100.65763662696547, 0.942779023365856 ], [ 100.813099144133673, 0.739103948342439 ], [ 101.124024178470052, 0.739103948342439 ], [ 101.279486695638241, 0.942779023365856 ] ] ] } },
{ "type": "Feature", "properties": { "hex_id": "hex_00590", "road_length_km": 36.315, "hex_area_km2": 2338.3 }, "geometry": { "type": "Polygon", "coordinates": [ [ [ 101.279486695638241, 1.350166470343796 ], [ 101.124024178470052, 1.553883859550215 ], [ 100.813099144133673, 1.553883859550215 ], [ 100.65763662696547, 1.350166470343796 ], [ 100.813099144133673, 1.146465694757876 ], [ 101.124024178470052, 1.146465694757876 ], [ 101.279486695638241, 1.350166470343796 ] ] ] } },
{ "type": "Feature", "properties": { "hex_id": "hex_00591", "road_length_km": 108.536, "hex_area_km2": 2338.3 }, "geometry": { "type": "Polygon", "coordinates": [ [ [ 101.279486695638241, 1.757620373690709 ], [ 101.124024178470052, 1.961378526252104 ], [ 100.813099144133673, 1.961378526252104 ], [ 100.65763662696547, 1.757620373690709 ], [ 100.813099144133673, 1.553883859550215 ], [ 101.124024178470052, 1.553883859550215 ], [ 101.279486695638241, 1.757620373690709 ] ] ] } },
{ "type": "Feature", "properties": { "hex_id": "hex_00592", "road_length_km": 19.184, "hex_area_km2": 2338.3 }, "geometry": { "type": "Polygon", "coordinates": [ [ [ 101.279486695638241, 2.165160833181423 ], [ 101.124024178470052, 2.368969813173613 ], [ 100.813099144133673, 2.368969813173613 ], [ 100.65763662696547, 2.165160833181423 ], [ 100.813099144133673, 1.961378526252104 ], [ 101.124024178470052, 1.961378526252104 ], [ 101.279486695638241, 2.165160833181423 ] ] ] } },
{ "type": "Feature", "properties": { "hex_id": "hex_00622", "road_length_km": 38.493, "hex_area_km2": 2338.3 }, "geometry": { "type": "Polygon", "coordinates": [ [ [ 101.745874247142822, -3.335822282451609 ], [ 101.590411729974633, -3.13185243717068 ], [ 101.279486695638241, -3.13185243717068 ], [ 101.124024178470052, -3.335822282451609 ], [ 101.279486695638241, -3.539833330183447 ], [ 101.590411729974633, -3.539833330183447 ], [ 101.745874247142822, -3.335822282451609 ] ] ] } },
{ "type": "Feature", "properties": { "hex_id": "hex_00623", "road_length_km": 70.388, "hex_area_km2": 2338.3 }, "geometry": { "type": "Polygon", "coordinates": [ [ [ 101.745874247142822, -2.927921254250271 ], [ 101.590411729974633, -2.724026198019542 ], [ 101.279486695638241, -2.724026198019542 ], [ 101.124024178470052, -2.927921254250271 ], [ 101.279486695638241, -3.13185243717068 ], [ 101.590411729974633, -3.13185243717068 ], [ 101.745874247142822, -2.927921254250271 ] ] ] } },
{ "type": "Feature", "properties": { "hex_id": "hex_00624", "road_length_km": 30.87, "hex_area_km2": 2338.3 }, "geometry": { "type": "Polygon", "coordinates": [ [ [ 101.745874247142822, -2.520164736933243 ], [ 101.590411729974633, -2.316334343279071 ], [ 101.279486695638241, -2.316334343279071 ], [ 101.124024178470052, -2.520164736933243 ], [ 101.279486695638241, -2.724026198019542 ], [ 101.590411729974633, -2.724026198019542 ], [ 101.745874247142822, -2.520164736933243 ] ] ] } },
{ "type": "Feature", "properties": { "hex_id": "hex_00625", "road_length_km": 126.491, "hex_area_km2": 2338.3 }, "geometry": { "type": "Polygon", "coordinates": [ [ [ 101.745874247142822, -2.112532492886232 ], [ 101.590411729974633, -1.90875666483512 ], [ 101.279486695638241, -1.90875666483512 ], [ 101.124024178470052, -2.112532492886232 ], [ 101.279486695638241, -2.316334343279071 ], [ 101.590411729974633, -2.316334343279071 ], [ 101.745874247142822, -2.112532492886232 ] ] ] } },
{ "type": "Feature", "properties": { "hex_id": "hex_00626", "road_length_km": 68.592, "hex_area_km2": 2338.3 }, "geometry": { "type": "Polygon", "coordinates": [ [ [ 101.745874247142822, -1.705004341168034 ], [ 101.590411729974633, -1.501273006600811 ], [ 101.279486695638241, -1.501273006600811 ], [ 101.124024178470052, -1.705004341168034 ], [ 101.279486695638241, -1.90875666483512 ], [ 101.590411729974633, -1.90875666483512 ], [ 101.745874247142822, -1.705004341168034 ] ] ] } },
{ "type": "Feature", "properties": { "hex_id": "hex_00628", "road_length_km": 94.11, "hex_area_km2": 2338.3 }, "geometry": { "type": "Polygon", "coordinates": [ [ [ 101.745874247142822, -0.890179818727109 ], [ 101.590411729974633, -0.686507331140562 ], [ 101.279486695638241, -0.686507331140562 ], [ 101.124024178470052, -0.890179818727109 ], [ 101.279486695638241, -1.093863255272653 ], [ 101.590411729974633, -1.093863255272653 ], [ 101.745874247142822, -0.890179818727109 ] ] ] } },
{ "type": "Feature", "properties": { "hex_id": "hex_00629", "road_length_km": 76.835, "hex_area_km2": 2338.3 }, "geometry": { "type": "Polygon", "coordinates": [ [ [ 101.745874247142822, -0.48284328629745 ], [ 101.590411729974633, -0.279185178940101 ], [ 101.279486695638241, -0.279185178940101 ], [ 101.124024178470052, -0.48284328629745 ], [ 101.279486695638241, -0.686507331140562 ], [ 101.590411729974633, -0.686507331140562 ], [ 101.745874247142822, -0.48284328629745 ] ] ] } },
{ "type": "Feature", "properties": { "hex_id": "hex_00630", "road_length_km": 46.605, "hex_area_km2": 2338.3 }, "geometry": { "type": "Polygon", "coordinates": [ [ [ 101.745874247142822, -0.075530504484361 ], [ 101.590411729974633, 0.12812324126456 ], [ 101.279486695638241, 0.12812324126456 ], [ 101.124024178470052, -0.075530504484361 ], [ 101.279486695638241, -0.279185178940101 ], [ 101.590411729974633, -0.279185178940101 ], [ 101.745874247142822, -0.075530504484361 ] ] ] } },
{ "type": "Feature", "properties": { "hex_id": "hex_00631", "road_length_km": 144.621, "hex_area_km2": 2338.3 }, "geometry": { "type": "Polygon", "coordinates": [ [ [ 101.745874247142822, 0.331778562396123 ], [ 101.590411729974633, 0.535437963178462 ], [ 101.279486695638241, 0.535437963178462 ], [ 101.124024178470052, 0.331778562396123 ], [ 101.279486695638241, 0.12812324126456 ], [ 101.590411729974633, 0.12812324126456 ], [ 101.745874247142822, 0.331778562396123 ] ] ] } },
{ "type": "Feature", "properties": { "hex_id": "hex_00632", "road_length_km": 70.649, "hex_area_km2": 2338.3 }, "geometry": { "type": "Polygon", "coordinates": [ [ [ 101.745874247142822, 0.739103948342442 ], [ 101.590411729974633, 0.942779023365858 ], [ 101.279486695638241, 0.942779023365858 ], [ 101.124024178470052, 0.739103948342442 ], [ 101.279486695638241, 0.535437963178462 ], [ 101.590411729974633, 0.535437963178462 ], [ 101.745874247142822, 0.739103948342442 ] ] ] } },
{ "type": "Feature", "properties": { "hex_id": "hex_00633", "road_length_km": 40.024, "hex_area_km2": 2338.3 }, "geometry": { "type": "Polygon", "coordinates": [ [ [ 101.745874247142822, 1.146465694757878 ], [ 101.590411729974633, 1.350166470343798 ], [ 101.279486695638241, 1.350166470343798 ], [ 101.124024178470052, 1.146465694757878 ], [ 101.279486695638241, 0.942779023365858 ], [ 101.590411729974633, 0.942779023365858 ], [ 101.745874247142822, 1.146465694757878 ] ] ] } },
{ "type": "Feature", "properties": { "hex_id": "hex_00634", "road_length_km": 100.361, "hex_area_km2": 2338.3 }, "geometry": { "type": "Polygon", "coordinates": [ [ [ 101.745874247142822, 1.553883859550217 ], [ 101.590411729974633, 1.757620373690711 ], [ 101.279486695638241, 1.757620373690711 ], [ 101.124024178470052, 1.553883859550217 ], [ 101.279486695638241, 1.350166470343798 ], [ 101.590411729974633, 1.350166470343798 ], [ 101.745874247142822, 1.553883859550217 ] ] ] } },
{ "type": "Feature", "properties": { "hex_id": "hex_00664", "road_length_km": 75.074, "hex_area_km2": 2338.3 }, "geometry": { "type": "Polygon", "coordinates": [ [ [ 102.21226179864739, -3.539833330183449 ], [ 102.056799281479186, -3.335822282451612 ], [ 101.745874247142822, -3.335822282451612 ], [ 101.590411729974633, -3.539833330183449 ], [ 101.745874247142822, -3.743888125171488 ], [ 102.056799281479186, -3.743888125171488 ], [ 102.21226179864739, -3.539833330183449 ] ] ] } },
{ "type": "Feature", "properties": { "hex_id": "hex_00665", "road_length_km": 5.238, "hex_area_km2": 2338.3 }, "geometry": { "type": "Polygon", "coordinates": [ [ [ 102.21226179864739, -3.131852437170682 ], [ 102.056799281479186, -2.927921254250273 ], [ 101.745874247142822, -2.927921254250273 ], [ 101.590411729974633, -3.131852437170682 ], [ 101.745874247142822, -3.335822282451612 ], [ 102.056799281479186, -3.335822282451612 ], [ 102.21226179864739, -3.131852437170682 ] ] ] } },
{ "type": "Feature", "properties": { "hex_id": "hex_00667", "road_length_km": 69.144, "hex_area_km2": 2338.3 }, "geometry": { "type": "Polygon", "coordinates": [ [ [ 102.21226179864739, -2.316334343279074 ], [ 102.056799281479186, -2.112532492886234 ], [ 101.745874247142822, -2.112532492886234 ], [ 101.590411729974633, -2.316334343279074 ], [ 101.745874247142822, -2.520164736933245 ], [ 102.056799281479186, -2.520164736933245 ], [ 102.21226179864739, -2.316334343279074 ] ] ] } },
{ "type": "Feature", "properties": { "hex_id": "hex_00668", "road_length_km": 0.991, "hex_area_km2": 2338.3 }, "geometry": { "type": "Polygon", "coordinates": [ [ [ 102.21226179864739, -1.908756664835123 ], [ 102.056799281479186, -1.705004341168037 ], [ 101.745874247142822, -1.705004341168037 ], [ 101.590411729974633, -1.908756664835123 ], [ 101.745874247142822, -2.112532492886234 ], [ 102.056799281479186, -2.112532492886234 ], [ 102.21226179864739, -1.908756664835123 ] ] ] } },
{ "type": "Feature", "properties": { "hex_id": "hex_00669", "road_length_km": 80.947, "hex_area_km2": 2338.3 }, "geometry": { "type": "Polygon", "coordinates": [ [ [ 102.21226179864739, -1.501273006600813 ], [ 102.056799281479186, -1.297560148235313 ], [ 101.745874247142822, -1.297560148235313 ], [ 101.590411729974633, -1.501273006600813 ], [ 101.745874247142822, -1.705004341168037 ], [ 102.056799281479186, -1.705004341168037 ], [ 102.21226179864739, -1.501273006600813 ] ] ] } },
{ "type": "Feature", "properties": { "hex_id": "hex_00670", "road_length_km": 34.943, "hex_area_km2": 2338.3 }, "geometry": { "type": "Polygon", "coordinates": [ [ [ 102.21226179864739, -1.093863255272656 ], [ 102.056799281479186, -0.890179818727112 ], [ 101.745874247142822, -0.890179818727112 ], [ 101.590411729974633, -1.093863255272656 ], [ 101.745874247142822, -1.297560148235313 ], [ 102.056799281479186, -1.297560148235313 ], [ 102.21226179864739, -1.093863255272656 ] ] ] } },
{ "type": "Feature", "properties": { "hex_id": "hex_00673", "road_length_km": 47.384, "hex_area_km2": 2338.3 }, "geometry": { "type": "Polygon", "coordinates": [ [ [ 102.21226179864739, 0.128123241264558 ], [ 102.056799281479186, 0.331778562396121 ], [ 101.745874247142822, 0.331778562396121 ], [ 101.590411729974633, 0.128123241264558 ], [ 101.745874247142822, -0.075530504484363 ], [ 102.056799281479186, -0.075530504484363 ], [ 102.21226179864739, 0.128123241264558 ] ] ] } },
{ "type": "Feature", "properties": { "hex_id": "hex_00674", "road_length_km": 104.202, "hex_area_km2": 2338.3 }, "geometry": { "type": "Polygon", "coordinates": [ [ [ 102.21226179864739, 0.53543796317846 ], [ 102.056799281479186, 0.739103948342439 ], [ 101.745874247142822, 0.739103948342439 ], [ 101.590411729974633, 0.53543796317846 ], [ 101.745874247142822, 0.331778562396121 ], [ 102.056799281479186, 0.331778562396121 ], [ 102.21226179864739, 0.53543796317846 ] ] ] } },
{ "type": "Feature", "properties": { "hex_id": "hex_00675", "road_length_km": 21.864, "hex_area_km2": 2338.3 }, "geometry": { "type": "Polygon", "coordinates": [ [ [ 102.21226179864739, 0.942779023365856 ], [ 102.056799281479186, 1.146465694757876 ], [ 101.745874247142822, 1.146465694757876 ], [ 101.590411729974633, 0.942779023365856 ], [ 101.745874247142822, 0.739103948342439 ], [ 102.056799281479186, 0.739103948342439 ], [ 102.21226179864739, 0.942779023365856 ] ] ] } },
{ "type": "Feature", "properties": { "hex_id": "hex_00706", "road_length_km": 49.637, "hex_area_km2": 2338.3 }, "geometry": { "type": "Polygon", "coordinates": [ [ [ 102.678649350151957, -4.152139161494564 ], [ 102.523186832983782, -3.947989217232773 ], [ 102.21226179864739, -3.947989217232773 ], [ 102.056799281479186, -4.152139161494564 ], [ 102.21226179864739, -4.356340518694456 ], [ 102.523186832983782, -4.356340518694457 ], [ 102.678649350151957, -4.152139161494564 ] ] ] } },
{ "type": "Feature", "properties": { "hex_id": "hex_00707", "road_length_km": 170.4, "hex_area_km2": 2338.3 }, "geometry": { "type": "Polygon", "coordinates": [ [ [ 102.678649350151957, -3.743888125171486 ], [ 102.523186832983782, -3.539833330183447 ], [ 102.21226179864739, -3.539833330183447 ], [ 102.056799281479186, -3.743888125171486 ], [ 102.21226179864739, -3.947989217232773 ], [ 102.523186832983782, -3.947989217232773 ], [ 102.678649350151957, -3.743888125171486 ] ] ] } },
{ "type": "Feature", "properties": { "hex_id": "hex_00708", "road_length_km": 24.882, "hex_area_km2": 2338.3 }, "geometry": { "type": "Polygon", "coordinates": [ [ [ 102.678649350151957, -3.335822282451609 ], [ 102.523186832983782, -3.13185243717068 ], [ 102.21226179864739, -3.13185243717068 ], [ 102.056799281479186, -3.335822282451609 ], [ 102.21226179864739, -3.539833330183447 ], [ 102.523186832983782, -3.539833330183447 ], [ 102.678649350151957, -3.335822282451609 ] ] ] } },
{ "type": "Feature", "properties": { "hex_id": "hex_00711", "road_length_km": 102.583, "hex_area_km2": 2338.3 }, "geometry": { "type": "Polygon", "coordinates": [ [ [ 102.678649350151957, -2.112532492886232 ], [ 102.523186832983782, -1.90875666483512 ], [ 102.21226179864739, -1.90875666483512 ], [ 102.056799281479186, -2.112532492886232 ], [ 102.21226179864739, -2.316334343279071 ], [ 102.523186832983782, -2.316334343279071 ], [ 102.678649350151957, -2.112532492886232 ] ] ] } },
{ "type": "Feature", "properties": { "hex_id": "hex_00712", "road_length_km": 41.222, "hex_area_km2": 2338.3 }, "geometry": { "type": "Polygon", "coordinates": [ [ [ 102.678649350151957, -1.705004341168034 ], [ 102.523186832983782, -1.501273006600811 ], [ 102.21226179864739, -1.501273006600811 ], [ 102.056799281479186, -1.705004341168034 ], [ 102.21226179864739, -1.90875666483512 ], [ 102.523186832983782, -1.90875666483512 ], [ 102.678649350151957, -1.705004341168034 ] ] ] } },
{ "type": "Feature", "properties": { "hex_id": "hex_00713", "road_length_km": 52.613, "hex_area_km2": 2338.3 }, "geometry": { "type": "Polygon", "coordinates": [ [ [ 102.678649350151957, -1.297560148235311 ], [ 102.523186832983782, -1.093863255272653 ], [ 102.21226179864739, -1.093863255272653 ], [ 102.056799281479186, -1.297560148235311 ], [ 102.21226179864739, -1.501273006600811 ], [ 102.523186832983782, -1.501273006600811 ], [ 102.678649350151957, -1.297560148235311 ] ] ] } },
{ "type": "Feature", "properties": { "hex_id": "hex_00714", "road_length_km": 41.578, "hex_area_km2": 2338.3 }, "geometry": { "type": "Polygon", "coordinates": [ [ [ 102.678649350151957, -0.890179818727109 ], [ 102.523186832983782, -0.686507331140562 ], [ 102.21226179864739, -0.686507331140562 ], [ 102.056799281479186, -0.890179818727109 ], [ 102.21226179864739, -1.093863255272653 ], [ 102.523186832983782, -1.093863255272653 ], [ 102.678649350151957, -0.890179818727109 ] ] ] } },
{ "type": "Feature", "properties": { "hex_id": "hex_00715", "road_length_km": 83.421, "hex_area_km2": 2338.3 }, "geometry": { "type": "Polygon", "coordinates": [ [ [ 102.678649350151957, -0.48284328629745 ], [ 102.523186832983782, -0.279185178940101 ], [ 102.21226179864739, -0.279185178940101 ], [ 102.056799281479186, -0.48284328629745 ], [ 102.21226179864739, -0.686507331140562 ], [ 102.523186832983782, -0.686507331140562 ], [ 102.678649350151957, -0.48284328629745 ] ] ] } },
{ "type": "Feature", "properties": { "hex_id": "hex_00716", "road_length_km": 38.135, "hex_area_km2": 2338.3 }, "geometry": { "type": "Polygon", "coordinates": [ [ [ 102.678649350151957, -0.075530504484361 ], [ 102.523186832983782, 0.12812324126456 ], [ 102.21226179864739, 0.12812324126456 ], [ 102.056799281479186, -0.075530504484361 ], [ 102.21226179864739, -0.279185178940101 ], [ 102.523186832983782, -0.279185178940101 ], [ 102.678649350151957, -0.075530504484361 ] ] ] } },
{ "type": "Feature", "properties": { "hex_id": "hex_00718", "road_length_km": 19.413, "hex_area_km2": 2338.3 }, "geometry": { "type": "Polygon", "coordinates": [ [ [ 102.678649350151957, 0.739103948342442 ], [ 102.523186832983782, 0.942779023365858 ], [ 102.21226179864739, 0.942779023365858 ], [ 102.056799281479186, 0.739103948342442 ], [ 102.21226179864739, 0.535437963178462 ], [ 102.523186832983782, 0.535437963178462 ], [ 102.678649350151957, 0.739103948342442 ] ] ] } },
{ "type": "Feature", "properties": { "hex_id": "hex_00719", "road_length_km": 5.738, "hex_area_km2": 2338.3 }, "geometry": { "type": "Polygon", "coordinates": [ [ [ 102.678649350151957, 1.146465694757878 ], [ 102.523186832983782, 1.350166470343798 ], [ 102.21226179864739, 1.350166470343798 ], [ 102.056799281479186, 1.146465694757878 ], [ 102.21226179864739, 0.942779023365858 ], [ 102.523186832983782, 0.942779023365858 ], [ 102.678649350151957, 1.146465694757878 ] ] ] } },
{ "type": "Feature", "properties": { "hex_id": "hex_00748", "road_length_km": 120.463, "hex_area_km2": 2338.3 }, "geometry": { "type": "Polygon", "coordinates": [ [ [ 103.145036901656539, -4.356340518694458 ], [ 102.98957438448835, -4.152139161494565 ], [ 102.678649350151957, -4.152139161494565 ], [ 102.523186832983782, -4.356340518694458 ], [ 102.678649350151957, -4.56059585548233 ], [ 102.98957438448835, -4.560595855482331 ], [ 103.145036901656539, -4.356340518694458 ] ] ] } },
{ "type": "Feature", "properties": { "hex_id": "hex_00749", "road_length_km": 3.66, "hex_area_km2": 2338.3 }, "geometry": { "type": "Polygon", "coordinates": [ [ [ 103.145036901656539, -3.947989217232776 ], [ 102.98957438448835, -3.743888125171488 ], [ 102.678649350151957, -3.743888125171488 ], [ 102.523186832983782, -3.947989217232776 ], [ 102.678649350151957, -4.152139161494565 ], [ 102.98957438448835, -4.152139161494565 ], [ 103.145036901656539, -3.947989217232776 ] ] ] } },
{ "type": "Feature", "properties": { "hex_id": "hex_00750", "road_length_km": 74.194, "hex_area_km2": 2338.3 }, "geometry": { "type": "Polygon", "coordinates": [ [ [ 103.145036901656539, -3.539833330183449 ], [ 102.98957438448835, -3.335822282451612 ], [ 102.678649350151957, -3.335822282451612 ], [ 102.523186832983782, -3.539833330183449 ], [ 102.678649350151957, -3.743888125171488 ], [ 102.98957438448835, -3.743888125171488 ], [ 103.145036901656539, -3.539833330183449 ] ] ] } },
{ "type": "Feature", "properties": { "hex_id": "hex_00751", "road_length_km": 98.019, "hex_area_km2": 2338.3 }, "geometry": { "type": "Polygon", "coordinates": [ [ [ 103.145036901656539, -3.131852437170682 ], [ 102.98957438448835, -2.927921254250273 ], [ 102.678649350151957, -2.927921254250273 ], [ 102.523186832983782, -3.131852437170682 ], [ 102.678649350151957, -3.335822282451612 ], [ 102.98957438448835, -3.335822282451612 ], [ 103.145036901656539, -3.131852437170682 ] ] ] } },
{ "type": "Feature", "properties": { "hex_id": "hex_00752", "road_length_km": 62.557, "hex_area_km2": 2338.3 }, "geometry": { "type": "Polygon", "coordinates": [ [ [ 103.145036901656539, -2.724026198019544 ], [ 102.98957438448835, -2.520164736933245 ], [ 102.678649350151957, -2.520164736933245 ], [ 102.523186832983782, -2.724026198019544 ], [ 102.678649350151957, -2.927921254250273 ], [ 102.98957438448835, -2.927921254250273 ], [ 103.145036901656539, -2.724026198019544 ] ] ] } },
{ "type": "Feature", "properties": { "hex_id": "hex_00753", "road_length_km": 77.146, "hex_area_km2": 2338.3 }, "geometry": { "type": "Polygon", "coordinates": [ [ [ 103.145036901656539, -2.316334343279074 ], [ 102.98957438448835, -2.112532492886234 ], [ 102.678649350151957, -2.112532492886234 ], [ 102.523186832983782, -2.316334343279074 ], [ 102.678649350151957, -2.520164736933245 ], [ 102.98957438448835, -2.520164736933245 ], [ 103.145036901656539, -2.316334343279074 ] ] ] } },
{ "type": "Feature", "properties": { "hex_id": "hex_00754", "road_length_km": 57.039, "hex_area_km2": 2338.3 }, "geometry": { "type": "Polygon", "coordinates": [ [ [ 103.145036901656539, -1.908756664835123 ], [ 102.98957438448835, -1.705004341168037 ], [ 102.678649350151957, -1.705004341168037 ], [ 102.523186832983782, -1.908756664835123 ], [ 102.678649350151957, -2.112532492886234 ], [ 102.98957438448835, -2.112532492886234 ], [ 103.145036901656539, -1.908756664835123 ] ] ] } },
{ "type": "Feature", "properties": { "hex_id": "hex_00755", "road_length_km": 115.059, "hex_area_km2": 2338.3 }, "geometry": { "type": "Polygon", "coordinates": [ [ [ 103.145036901656539, -1.501273006600813 ], [ 102.98957438448835, -1.297560148235313 ], [ 102.678649350151957, -1.297560148235313 ], [ 102.523186832983782, -1.501273006600813 ], [ 102.678649350151957, -1.705004341168037 ], [ 102.98957438448835, -1.705004341168037 ], [ 103.145036901656539, -1.501273006600813 ] ] ] } },
{ "type": "Feature", "properties": { "hex_id": "hex_00756", "road_length_km": 103.67, "hex_area_km2": 2338.3 }, "geometry": { "type": "Polygon", "coordinates": [ [ [ 103.145036901656539, -1.093863255272656 ], [ 102.98957438448835, -0.890179818727112 ], [ 102.678649350151957, -0.890179818727112 ], [ 102.523186832983782, -1.093863255272656 ], [ 102.678649350151957, -1.297560148235313 ], [ 102.98957438448835, -1.297560148235313 ], [ 103.145036901656539, -1.093863255272656 ] ] ] } },
{ "type": "Feature", "properties": { "hex_id": "hex_00757", "road_length_km": 74.451, "hex_area_km2": 2338.3 }, "geometry": { "type": "Polygon", "coordinates": [ [ [ 103.145036901656539, -0.686507331140564 ], [ 102.98957438448835, -0.482843286297452 ], [ 102.678649350151957, -0.482843286297452 ], [ 102.523186832983782, -0.686507331140564 ], [ 102.678649350151957, -0.890179818727112 ], [ 102.98957438448835, -0.890179818727112 ], [ 103.145036901656539, -0.686507331140564 ] ] ] } },
{ "type": "Feature", "properties": { "hex_id": "hex_00758", "road_length_km": 12.059, "hex_area_km2": 2338.3 }, "geometry": { "type": "Polygon", "coordinates": [ [ [ 103.145036901656539, -0.279185178940103 ], [ 102.98957438448835, -0.075530504484363 ], [ 102.678649350151957, -0.075530504484363 ], [ 102.523186832983782, -0.279185178940103 ], [ 102.678649350151957, -0.482843286297452 ], [ 102.98957438448835, -0.482843286297452 ], [ 103.145036901656539, -0.279185178940103 ] ] ] } },
{ "type": "Feature", "properties": { "hex_id": "hex_00790", "road_length_km": 41.593, "hex_area_km2": 2338.3 }, "geometry": { "type": "Polygon", "coordinates": [ [ [ 103.611424453161121, -4.96927876580786 ], [ 103.455961935992931, -4.764907744724163 ], [ 103.145036901656539, -4.764907744724163 ], [ 102.98957438448835, -4.96927876580786 ], [ 103.145036901656539, -5.173711504951152 ], [ 103.455961935992931, -5.173711504951153 ], [ 103.611424453161121, -4.96927876580786 ] ] ] } },
{ "type": "Feature", "properties": { "hex_id": "hex_00791", "road_length_km": 50.947, "hex_area_km2": 2338.3 }, "geometry": { "type": "Polygon", "coordinates": [ [ [ 103.611424453161121, -4.560595855482329 ], [ 103.455961935992931, -4.356340518694457 ], [ 103.145036901656539, -4.356340518694456 ], [ 102.98957438448835, -4.560595855482329 ], [ 103.145036901656539, -4.764907744724163 ], [ 103.455961935992931, -4.764907744724163 ], [ 103.611424453161121, -4.560595855482329 ] ] ] } },
{ "type": "Feature", "properties": { "hex_id": "hex_00792", "road_length_km": 86.472, "hex_area_km2": 2338.3 }, "geometry": { "type": "Polygon", "coordinates": [ [ [ 103.611424453161121, -4.152139161494564 ], [ 103.455961935992931, -3.947989217232773 ], [ 103.145036901656539, -3.947989217232773 ], [ 102.98957438448835, -4.152139161494564 ], [ 103.145036901656539, -4.356340518694456 ], [ 103.455961935992931, -4.356340518694457 ], [ 103.611424453161121, -4.152139161494564 ] ] ] } },
{ "type": "Feature", "properties": { "hex_id": "hex_00793", "road_length_km": 89.861, "hex_area_km2": 2338.3 }, "geometry": { "type": "Polygon", "coordinates": [ [ [ 103.611424453161121, -3.743888125171486 ], [ 103.455961935992931, -3.539833330183447 ], [ 103.145036901656539, -3.539833330183447 ], [ 102.98957438448835, -3.743888125171486 ], [ 103.145036901656539, -3.947989217232773 ], [ 103.455961935992931, -3.947989217232773 ], [ 103.611424453161121, -3.743888125171486 ] ] ] } },
{ "type": "Feature", "properties": { "hex_id": "hex_00794", "road_length_km": 22.554, "hex_area_km2": 2338.3 }, "geometry": { "type": "Polygon", "coordinates": [ [ [ 103.611424453161121, -3.335822282451609 ], [ 103.455961935992931, -3.13185243717068 ], [ 103.145036901656539, -3.13185243717068 ], [ 102.98957438448835, -3.335822282451609 ], [ 103.145036901656539, -3.539833330183447 ], [ 103.455961935992931, -3.539833330183447 ], [ 103.611424453161121, -3.335822282451609 ] ] ] } },
{ "type": "Feature", "properties": { "hex_id": "hex_00795", "road_length_km": 79.139, "hex_area_km2": 2338.3 }, "geometry": { "type": "Polygon", "coordinates": [ [ [ 103.611424453161121, -2.927921254250271 ], [ 103.455961935992931, -2.724026198019542 ], [ 103.145036901656539, -2.724026198019542 ], [ 102.98957438448835, -2.927921254250271 ], [ 103.145036901656539, -3.13185243717068 ], [ 103.455961935992931, -3.13185243717068 ], [ 103.611424453161121, -2.927921254250271 ] ] ] } },
{ "type": "Feature", "properties": { "hex_id": "hex_00796", "road_length_km": 2.307, "hex_area_km2": 2338.3 }, "geometry": { "type": "Polygon", "coordinates": [ [ [ 103.611424453161121, -2.520164736933243 ], [ 103.455961935992931, -2.316334343279071 ], [ 103.145036901656539, -2.316334343279071 ], [ 102.98957438448835, -2.520164736933243 ], [ 103.145036901656539, -2.724026198019542 ], [ 103.455961935992931, -2.724026198019542 ], [ 103.611424453161121, -2.520164736933243 ] ] ] } },
{ "type": "Feature", "properties": { "hex_id": "hex_00798", "road_length_km": 131.83, "hex_area_km2": 2338.3 }, "geometry": { "type": "Polygon", "coordinates": [ [ [ 103.611424453161121, -1.705004341168034 ], [ 103.455961935992931, -1.501273006600811 ], [ 103.145036901656539, -1.501273006600811 ], [ 102.98957438448835, -1.705004341168034 ], [ 103.145036901656539, -1.90875666483512 ], [ 103.455961935992931, -1.90875666483512 ], [ 103.611424453161121, -1.705004341168034 ] ] ] } },
{ "type": "Feature", "properties": { "hex_id": "hex_00799", "road_length_km": 142.656, "hex_area_km2": 2338.3 }, "geometry": { "type": "Polygon", "coordinates": [ [ [ 103.611424453161121, -1.297560148235311 ], [ 103.455961935992931, -1.093863255272653 ], [ 103.145036901656539, -1.093863255272653 ], [ 102.98957438448835, -1.297560148235311 ], [ 103.145036901656539, -1.501273006600811 ], [ 103.455961935992931, -1.501273006600811 ], [ 103.611424453161121, -1.297560148235311 ] ] ] } },
{ "type": "Feature", "properties": { "hex_id": "hex_00800", "road_length_km": 38.292, "hex_area_km2": 2338.3 }, "geometry": { "type": "Polygon", "coordinates": [ [ [ 103.611424453161121, -0.890179818727109 ], [ 103.455961935992931, -0.686507331140562 ], [ 103.145036901656539, -0.686507331140562 ], [ 102.98957438448835, -0.890179818727109 ], [ 103.145036901656539, -1.093863255272653 ], [ 103.455961935992931, -1.093863255272653 ], [ 103.611424453161121, -0.890179818727109 ] ] ] } },
{ "type": "Feature", "properties": { "hex_id": "hex_00801", "road_length_km": 70.85, "hex_area_km2": 2338.3 }, "geometry": { "type": "Polygon", "coordinates": [ [ [ 103.611424453161121, -0.48284328629745 ], [ 103.455961935992931, -0.279185178940101 ], [ 103.145036901656539, -0.279185178940101 ], [ 102.98957438448835, -0.48284328629745 ], [ 103.145036901656539, -0.686507331140562 ], [ 103.455961935992931, -0.686507331140562 ], [ 103.611424453161121, -0.48284328629745 ] ] ] } },
{ "type": "Feature", "properties": { "hex_id": "hex_00805", "road_length_km": 25.941, "hex_area_km2": 2338.3 }, "geometry": { "type": "Polygon", "coordinates": [ [ [ 103.611424453161121, 1.146465694757878 ], [ 103.455961935992931, 1.350166470343798 ], [ 103.145036901656539, 1.350166470343798 ], [ 102.98957438448835, 1.146465694757878 ], [ 103.145036901656539, 0.942779023365858 ], [ 103.455961935992931, 0.942779023365858 ], [ 103.611424453161121, 1.146465694757878 ] ] ] } },
{ "type": "Feature", "properties": { "hex_id": "hex_00832", "road_length_km": 81.768, "hex_area_km2": 2338.3 }, "geometry": { "type": "Polygon", "coordinates": [ [ [ 104.077812004665702, -5.173711504951155 ], [ 103.922349487497513, -4.969278765807862 ], [ 103.611424453161121, -4.969278765807862 ], [ 103.455961935992931, -5.173711504951155 ], [ 103.611424453161121, -5.378208555511724 ], [ 103.922349487497513, -5.378208555511726 ], [ 104.077812004665702, -5.173711504951155 ] ] ] } },
{ "type": "Feature", "properties": { "hex_id": "hex_00833", "road_length_km": 32.668, "hex_area_km2": 2338.3 }, "geometry": { "type": "Polygon", "coordinates": [ [ [ 104.077812004665702, -4.764907744724166 ], [ 103.922349487497513, -4.560595855482331 ], [ 103.611424453161121, -4.56059585548233 ], [ 103.455961935992931, -4.764907744724166 ], [ 103.611424453161121, -4.969278765807862 ], [ 103.922349487497513, -4.969278765807862 ], [ 104.077812004665702, -4.764907744724166 ] ] ] } },
{ "type": "Feature", "properties": { "hex_id": "hex_00835", "road_length_km": 98.458, "hex_area_km2": 2338.3 }, "geometry": { "type": "Polygon", "coordinates": [ [ [ 104.077812004665702, -3.947989217232776 ], [ 103.922349487497513, -3.743888125171488 ], [ 103.611424453161121, -3.743888125171488 ], [ 103.455961935992931, -3.947989217232776 ], [ 103.611424453161121, -4.152139161494565 ], [ 103.922349487497513, -4.152139161494565 ], [ 104.077812004665702, -3.947989217232776 ] ] ] } },
{ "type": "Feature", "properties": { "hex_id": "hex_00836", "road_length_km": 84.91, "hex_area_km2": 2338.3 }, "geometry": { "type": "Polygon", "coordinates": [ [ [ 104.077812004665702, -3.539833330183449 ], [ 103.922349487497513, -3.335822282451612 ], [ 103.611424453161121, -3.335822282451612 ], [ 103.455961935992931, -3.539833330183449 ], [ 103.611424453161121, -3.743888125171488 ], [ 103.922349487497513, -3.743888125171488 ], [ 104.077812004665702, -3.539833330183449 ] ] ] } },
{ "type": "Feature", "properties": { "hex_id": "hex_00838", "road_length_km": 81.703, "hex_area_km2": 2338.3 }, "geometry": { "type": "Polygon", "coordinates": [ [ [ 104.077812004665702, -2.724026198019544 ], [ 103.922349487497513, -2.520164736933245 ], [ 103.611424453161121, -2.520164736933245 ], [ 103.455961935992931, -2.724026198019544 ], [ 103.611424453161121, -2.927921254250273 ], [ 103.922349487497513, -2.927921254250273 ], [ 104.077812004665702, -2.724026198019544 ] ] ] } },
{ "type": "Feature", "properties": { "hex_id": "hex_00839", "road_length_km": 59.797, "hex_area_km2": 2338.3 }, "geometry": { "type": "Polygon", "coordinates": [ [ [ 104.077812004665702, -2.316334343279074 ], [ 103.922349487497513, -2.112532492886234 ], [ 103.611424453161121, -2.112532492886234 ], [ 103.455961935992931, -2.316334343279074 ], [ 103.611424453161121, -2.520164736933245 ], [ 103.922349487497513, -2.520164736933245 ], [ 104.077812004665702, -2.316334343279074 ] ] ] } },
{ "type": "Feature", "properties": { "hex_id": "hex_00840", "road_length_km": 47.116, "hex_area_km2": 2338.3 }, "geometry": { "type": "Polygon", "coordinates": [ [ [ 104.077812004665702, -1.908756664835123 ], [ 103.922349487497513, -1.705004341168037 ], [ 103.611424453161121, -1.705004341168037 ], [ 103.455961935992931, -1.908756664835123 ], [ 103.611424453161121, -2.112532492886234 ], [ 103.922349487497513, -2.112532492886234 ], [ 104.077812004665702, -1.908756664835123 ] ] ] } },
{ "type": "Feature", "properties": { "hex_id": "hex_00841", "road_length_km": 121.813, "hex_area_km2": 2338.3 }, "geometry": { "type": "Polygon", "coordinates": [ [ [ 104.077812004665702, -1.501273006600813 ], [ 103.922349487497513, -1.297560148235313 ], [ 103.611424453161121, -1.297560148235313 ], [ 103.455961935992931, -1.501273006600813 ], [ 103.611424453161121, -1.705004341168037 ], [ 103.922349487497513, -1.705004341168037 ], [ 104.077812004665702, -1.501273006600813 ] ] ] } },
{ "type": "Feature", "properties": { "hex_id": "hex_00842", "road_length_km": 30.903, "hex_area_km2": 2338.3 }, "geometry": { "type": "Polygon", "coordinates": [ [ [ 104.077812004665702, -1.093863255272656 ], [ 103.922349487497513, -0.890179818727112 ], [ 103.611424453161121, -0.890179818727112 ], [ 103.455961935992931, -1.093863255272656 ], [ 103.611424453161121, -1.297560148235313 ], [ 103.922349487497513, -1.297560148235313 ], [ 104.077812004665702, -1.093863255272656 ] ] ] } },
{ "type": "Feature", "properties": { "hex_id": "hex_00847", "road_length_km": 38.362, "hex_area_km2": 2338.3 }, "geometry": { "type": "Polygon", "coordinates": [ [ [ 104.077812004665702, 0.942779023365856 ], [ 103.922349487497513, 1.146465694757876 ], [ 103.611424453161121, 1.146465694757876 ], [ 103.455961935992931, 0.942779023365856 ], [ 103.611424453161121, 0.739103948342439 ], [ 103.922349487497513, 0.739103948342439 ], [ 104.077812004665702, 0.942779023365856 ] ] ] } },
{ "type": "Feature", "properties": { "hex_id": "hex_00874", "road_length_km": 13.974, "hex_area_km2": 2338.3 }, "geometry": { "type": "Polygon", "coordinates": [ [ [ 104.54419955617027, -5.787406001892072 ], [ 104.388737039002081, -5.582772518299616 ], [ 104.077812004665702, -5.582772518299616 ], [ 103.922349487497513, -5.787406001892072 ], [ 104.077812004665702, -5.992111622950875 ], [ 104.388737039002081, -5.992111622950876 ], [ 104.54419955617027, -5.787406001892072 ] ] ] } },
{ "type": "Feature", "properties": { "hex_id": "hex_00875", "road_length_km": 76.639, "hex_area_km2": 2338.3 }, "geometry": { "type": "Polygon", "coordinates": [ [ [ 104.54419955617027, -5.378208555511724 ], [ 104.388737039002081, -5.173711504951153 ], [ 104.077812004665702, -5.173711504951152 ], [ 103.922349487497513, -5.378208555511724 ], [ 104.077812004665702, -5.582772518299616 ], [ 104.388737039002081, -5.582772518299616 ], [ 104.54419955617027, -5.378208555511724 ] ] ] } },
{ "type": "Feature", "properties": { "hex_id": "hex_00876", "road_length_km": 91.014, "hex_area_km2": 2338.3 }, "geometry": { "type": "Polygon", "coordinates": [ [ [ 104.54419955617027, -4.96927876580786 ], [ 104.388737039002081, -4.764907744724163 ], [ 104.077812004665702, -4.764907744724163 ], [ 103.922349487497513, -4.96927876580786 ], [ 104.077812004665702, -5.173711504951152 ], [ 104.388737039002081, -5.173711504951153 ], [ 104.54419955617027, -4.96927876580786 ] ] ] } },
{ "type": "Feature", "properties": { "hex_id": "hex_00877", "road_length_km": 42.29, "hex_area_km2": 2338.3 }, "geometry": { "type": "Polygon", "coordinates": [ [ [ 104.54419955617027, -4.560595855482329 ], [ 104.388737039002081, -4.356340518694457 ], [ 104.077812004665702, -4.356340518694456 ], [ 103.922349487497513, -4.560595855482329 ], [ 104.077812004665702, -4.764907744724163 ], [ 104.388737039002081, -4.764907744724163 ], [ 104.54419955617027, -4.560595855482329 ] ] ] } },
{ "type": "Feature", "properties": { "hex_id": "hex_00878", "road_length_km": 99.987, "hex_area_km2": 2338.3 }, "geometry": { "type": "Polygon", "coordinates": [ [ [ 104.54419955617027, -4.152139161494564 ], [ 104.388737039002081, -3.947989217232773 ], [ 104.077812004665702, -3.947989217232773 ], [ 103.922349487497513, -4.152139161494564 ], [ 104.077812004665702, -4.356340518694456 ], [ 104.388737039002081, -4.356340518694457 ], [ 104.54419955617027, -4.152139161494564 ] ] ] } },
{ "type": "Feature", "properties": { "hex_id": "hex_00879", "road_length_km": 61.371, "hex_area_km2": 2338.3 }, "geometry": { "type": "Polygon", "coordinates": [ [ [ 104.54419955617027, -3.743888125171486 ], [ 104.388737039002081, -3.539833330183447 ], [ 104.077812004665702, -3.539833330183447 ], [ 103.922349487497513, -3.743888125171486 ], [ 104.077812004665702, -3.947989217232773 ], [ 104.388737039002081, -3.947989217232773 ], [ 104.54419955617027, -3.743888125171486 ] ] ] } },
{ "type": "Feature", "properties": { "hex_id": "hex_00880", "road_length_km": 88.899, "hex_area_km2": 2338.3 }, "geometry": { "type": "Polygon", "coordinates": [ [ [ 104.54419955617027, -3.335822282451609 ], [ 104.388737039002081, -3.13185243717068 ], [ 104.077812004665702, -3.13185243717068 ], [ 103.922349487497513, -3.335822282451609 ], [ 104.077812004665702, -3.539833330183447 ], [ 104.388737039002081, -3.539833330183447 ], [ 104.54419955617027, -3.335822282451609 ] ] ] } },
{ "type": "Feature", "properties": { "hex_id": "hex_00881", "road_length_km": 104.667, "hex_area_km2": 2338.3 }, "geometry": { "type": "Polygon", "coordinates": [ [ [ 104.54419955617027, -2.927921254250271 ], [ 104.388737039002081, -2.724026198019542 ], [ 104.077812004665702, -2.724026198019542 ], [ 103.922349487497513, -2.927921254250271 ], [ 104.077812004665702, -3.13185243717068 ], [ 104.388737039002081, -3.13185243717068 ], [ 104.54419955617027, -2.927921254250271 ] ] ] } },
{ "type": "Feature", "properties": { "hex_id": "hex_00882", "road_length_km": 39.672, "hex_area_km2": 2338.3 }, "geometry": { "type": "Polygon", "coordinates": [ [ [ 104.54419955617027, -2.520164736933243 ], [ 104.388737039002081, -2.316334343279071 ], [ 104.077812004665702, -2.316334343279071 ], [ 103.922349487497513, -2.520164736933243 ], [ 104.077812004665702, -2.724026198019542 ], [ 104.388737039002081, -2.724026198019542 ], [ 104.54419955617027, -2.520164736933243 ] ] ] } },
{ "type": "Feature", "properties": { "hex_id": "hex_00890", "road_length_km": 46.247, "hex_area_km2": 2338.3 }, "geometry": { "type": "Polygon", "coordinates": [ [ [ 104.54419955617027, 0.739103948342442 ], [ 104.388737039002081, 0.942779023365858 ], [ 104.077812004665702, 0.942779023365858 ], [ 103.922349487497513, 0.739103948342442 ], [ 104.077812004665702, 0.535437963178462 ], [ 104.388737039002081, 0.535437963178462 ], [ 104.54419955617027, 0.739103948342442 ] ] ] } },
{ "type": "Feature", "properties": { "hex_id": "hex_00891", "road_length_km": 135.055, "hex_area_km2": 2338.3 }, "geometry": { "type": "Polygon", "coordinates": [ [ [ 104.54419955617027, 1.146465694757878 ], [ 104.388737039002081, 1.350166470343798 ], [ 104.077812004665702, 1.350166470343798 ], [ 103.922349487497513, 1.146465694757878 ], [ 104.077812004665702, 0.942779023365858 ], [ 104.388737039002081, 0.942779023365858 ], [ 104.54419955617027, 1.146465694757878 ] ] ] } },
{ "type": "Feature", "properties": { "hex_id": "hex_00917", "road_length_km": 71.343, "hex_area_km2": 2338.3 }, "geometry": { "type": "Polygon", "coordinates": [ [ [ 105.010587107674851, -5.582772518299619 ], [ 104.855124590506648, -5.378208555511726 ], [ 104.54419955617027, -5.378208555511724 ], [ 104.388737039002081, -5.582772518299619 ], [ 104.54419955617027, -5.787406001892075 ], [ 104.855124590506648, -5.787406001892075 ], [ 105.010587107674851, -5.582772518299619 ] ] ] } },
{ "type": "Feature", "properties": { "hex_id": "hex_00918", "road_length_km": 12.192, "hex_area_km2": 2338.3 }, "geometry": { "type": "Polygon", "coordinates": [ [ [ 105.010587107674851, -5.173711504951155 ], [ 104.855124590506648, -4.969278765807862 ], [ 104.54419955617027, -4.969278765807862 ], [ 104.388737039002081, -5.173711504951155 ], [ 104.54419955617027, -5.378208555511724 ], [ 104.855124590506648, -5.378208555511726 ], [ 105.010587107674851, -5.173711504951155 ] ] ] } },
{ "type": "Feature", "properties": { "hex_id": "hex_00919", "road_length_km": 104.76, "hex_area_km2": 2338.3 }, "geometry": { "type": "Polygon", "coordinates": [ [ [ 105.010587107674851, -4.764907744724166 ], [ 104.855124590506648, -4.560595855482331 ], [ 104.54419955617027, -4.56059585548233 ], [ 104.388737039002081, -4.764907744724166 ], [ 104.54419955617027, -4.969278765807862 ], [ 104.855124590506648, -4.969278765807862 ], [ 105.010587107674851, -4.764907744724166 ] ] ] } },
{ "type": "Feature", "properties": { "hex_id": "hex_00920", "road_length_km": 3.292, "hex_area_km2": 2338.3 }, "geometry": { "type": "Polygon", "coordinates": [ [ [ 105.010587107674851, -4.356340518694458 ], [ 104.855124590506648, -4.152139161494565 ], [ 104.54419955617027, -4.152139161494565 ], [ 104.388737039002081, -4.356340518694458 ], [ 104.54419955617027, -4.56059585548233 ], [ 104.855124590506648, -4.560595855482331 ], [ 105.010587107674851, -4.356340518694458 ] ] ] } },
{ "type": "Feature", "properties": { "hex_id": "hex_00921", "road_length_km": 40.543, "hex_area_km2": 2338.3 }, "geometry": { "type": "Polygon", "coordinates": [ [ [ 105.010587107674851, -3.947989217232776 ], [ 104.855124590506648, -3.743888125171488 ], [ 104.54419955617027, -3.743888125171488 ], [ 104.388737039002081, -3.947989217232776 ], [ 104.54419955617027, -4.152139161494565 ], [ 104.855124590506648, -4.152139161494565 ], [ 105.010587107674851, -3.947989217232776 ] ] ] } },
{ "type": "Feature", "properties": { "hex_id": "hex_00922", "road_length_km": 54.982, "hex_area_km2": 2338.3 }, "geometry": { "type": "Polygon", "coordinates": [ [ [ 105.010587107674851, -3.539833330183449 ], [ 104.855124590506648, -3.335822282451612 ], [ 104.54419955617027, -3.335822282451612 ], [ 104.388737039002081, -3.539833330183449 ], [ 104.54419955617027, -3.743888125171488 ], [ 104.855124590506648, -3.743888125171488 ], [ 105.010587107674851, -3.539833330183449 ] ] ] } },
{ "type": "Feature", "properties": { "hex_id": "hex_00923", "road_length_km": 148.44, "hex_area_km2": 2338.3 }, "geometry": { "type": "Polygon", "coordinates": [ [ [ 105.010587107674851, -3.131852437170682 ], [ 104.855124590506648, -2.927921254250273 ], [ 104.54419955617027, -2.927921254250273 ], [ 104.388737039002081, -3.131852437170682 ], [ 104.54419955617027, -3.335822282451612 ], [ 104.855124590506648, -3.335822282451612 ], [ 105.010587107674851, -3.131852437170682 ] ] ] } },
{ "type": "Feature", "properties": { "hex_id": "hex_00924", "road_length_km": 72.319, "hex_area_km2": 2338.3 }, "geometry": { "type": "Polygon", "coordinates": [ [ [ 105.010587107674851, -2.724026198019544 ], [ 104.855124590506648, -2.520164736933245 ], [ 104.54419955617027, -2.520164736933245 ], [ 104.388737039002081, -2.724026198019544 ], [ 104.54419955617027, -2.927921254250273 ], [ 104.855124590506648, -2.927921254250273 ], [ 105.010587107674851, -2.724026198019544 ] ] ] } },
{ "type": "Feature", "properties": { "hex_id": "hex_00925", "road_length_km": 20.013, "hex_area_km2": 2338.3 }, "geometry": { "type": "Polygon", "coordinates": [ [ [ 105.010587107674851, -2.316334343279074 ], [ 104.855124590506648, -2.112532492886234 ], [ 104.54419955617027, -2.112532492886234 ], [ 104.388737039002081, -2.316334343279074 ], [ 104.54419955617027, -2.520164736933245 ], [ 104.855124590506648, -2.520164736933245 ], [ 105.010587107674851, -2.316334343279074 ] ] ] } },
{ "type": "Feature", "properties": { "hex_id": "hex_00929", "road_length_km": 1.552, "hex_area_km2": 2338.3 }, "geometry": { "type": "Polygon", "coordinates": [ [ [ 105.010587107674851, -0.686507331140564 ], [ 104.855124590506648, -0.482843286297452 ], [ 104.54419955617027, -0.482843286297452 ], [ 104.388737039002081, -0.686507331140564 ], [ 104.54419955617027, -0.890179818727112 ], [ 104.855124590506648, -0.890179818727112 ], [ 105.010587107674851, -0.686507331140564 ] ] ] } },
{ "type": "Feature", "properties": { "hex_id": "hex_00930", "road_length_km": 53.391, "hex_area_km2": 2338.3 }, "geometry": { "type": "Polygon", "coordinates": [ [ [ 105.010587107674851, -0.279185178940103 ], [ 104.855124590506648, -0.075530504484363 ], [ 104.54419955617027, -0.075530504484363 ], [ 104.388737039002081, -0.279185178940103 ], [ 104.54419955617027, -0.482843286297452 ], [ 104.855124590506648, -0.482843286297452 ], [ 105.010587107674851, -0.279185178940103 ] ] ] } },
{ "type": "Feature", "properties": { "hex_id": "hex_00931", "road_length_km": 14.692, "hex_area_km2": 2338.3 }, "geometry": { "type": "Polygon", "coordinates": [ [ [ 105.010587107674851, 0.128123241264558 ], [ 104.855124590506648, 0.331778562396121 ], [ 104.54419955617027, 0.331778562396121 ], [ 104.388737039002081, 0.128123241264558 ], [ 104.54419955617027, -0.075530504484363 ], [ 104.855124590506648, -0.075530504484363 ], [ 105.010587107674851, 0.128123241264558 ] ] ] } },
{ "type": "Feature", "properties": { "hex_id": "hex_00933", "road_length_km": 105.641, "hex_area_km2": 2338.3 }, "geometry": { "type": "Polygon", "coordinates": [ [ [ 105.010587107674851, 0.942779023365856 ], [ 104.855124590506648, 1.146465694757876 ], [ 104.54419955617027, 1.146465694757876 ], [ 104.388737039002081, 0.942779023365856 ], [ 104.54419955617027, 0.739103948342439 ], [ 104.855124590506648, 0.739103948342439 ], [ 105.010587107674851, 0.942779023365856 ] ] ] } },
{ "type": "Feature", "properties": { "hex_id": "hex_00934", "road_length_km": 11.816, "hex_area_km2": 2338.3 }, "geometry": { "type": "Polygon", "coordinates": [ [ [ 105.010587107674851, 1.350166470343796 ], [ 104.855124590506648, 1.553883859550215 ], [ 104.54419955617027, 1.553883859550215 ], [ 104.388737039002081, 1.350166470343796 ], [ 104.54419955617027, 1.146465694757876 ], [ 104.855124590506648, 1.146465694757876 ], [ 105.010587107674851, 1.350166470343796 ] ] ] } },
{ "type": "Feature", "properties": { "hex_id": "hex_00961", "road_length_km": 152.899, "hex_area_km2": 2338.3 }, "geometry": { "type": "Polygon", "coordinates": [ [ [ 105.476974659179419, -5.378208555511724 ], [ 105.32151214201123, -5.173711504951153 ], [ 105.010587107674851, -5.173711504951152 ], [ 104.855124590506648, -5.378208555511724 ], [ 105.010587107674851, -5.582772518299616 ], [ 105.32151214201123, -5.582772518299616 ], [ 105.476974659179419, -5.378208555511724 ] ] ] } },
{ "type": "Feature", "properties": { "hex_id": "hex_00962", "road_length_km": 110.695, "hex_area_km2": 2338.3 }, "geometry": { "type": "Polygon", "coordinates": [ [ [ 105.476974659179419, -4.96927876580786 ], [ 105.32151214201123, -4.764907744724163 ], [ 105.010587107674851, -4.764907744724163 ], [ 104.855124590506648, -4.96927876580786 ], [ 105.010587107674851, -5.173711504951152 ], [ 105.32151214201123, -5.173711504951153 ], [ 105.476974659179419, -4.96927876580786 ] ] ] } },
{ "type": "Feature", "properties": { "hex_id": "hex_00963", "road_length_km": 88.407, "hex_area_km2": 2338.3 }, "geometry": { "type": "Polygon", "coordinates": [ [ [ 105.476974659179419, -4.560595855482329 ], [ 105.32151214201123, -4.356340518694457 ], [ 105.010587107674851, -4.356340518694456 ], [ 104.855124590506648, -4.560595855482329 ], [ 105.010587107674851, -4.764907744724163 ], [ 105.32151214201123, -4.764907744724163 ], [ 105.476974659179419, -4.560595855482329 ] ] ] } },
{ "type": "Feature", "properties": { "hex_id": "hex_00964", "road_length_km": 107.564, "hex_area_km2": 2338.3 }, "geometry": { "type": "Polygon", "coordinates": [ [ [ 105.476974659179419, -4.152139161494564 ], [ 105.32151214201123, -3.947989217232773 ], [ 105.010587107674851, -3.947989217232773 ], [ 104.855124590506648, -4.152139161494564 ], [ 105.010587107674851, -4.356340518694456 ], [ 105.32151214201123, -4.356340518694457 ], [ 105.476974659179419, -4.152139161494564 ] ] ] } },
{ "type": "Feature", "properties": { "hex_id": "hex_00965", "road_length_km": 5.298, "hex_area_km2": 2338.3 }, "geometry": { "type": "Polygon", "coordinates": [ [ [ 105.476974659179419, -3.743888125171486 ], [ 105.32151214201123, -3.539833330183447 ], [ 105.010587107674851, -3.539833330183447 ], [ 104.855124590506648, -3.743888125171486 ], [ 105.010587107674851, -3.947989217232773 ], [ 105.32151214201123, -3.947989217232773 ], [ 105.476974659179419, -3.743888125171486 ] ] ] } },
{ "type": "Feature", "properties": { "hex_id": "hex_00969", "road_length_km": 35.491, "hex_area_km2": 2338.3 }, "geometry": { "type": "Polygon", "coordinates": [ [ [ 105.476974659179419, -2.112532492886232 ], [ 105.32151214201123, -1.90875666483512 ], [ 105.010587107674851, -1.90875666483512 ], [ 104.855124590506648, -2.112532492886232 ], [ 105.010587107674851, -2.316334343279071 ], [ 105.32151214201123, -2.316334343279071 ], [ 105.476974659179419, -2.112532492886232 ] ] ] } },
{ "type": "Feature", "properties": { "hex_id": "hex_01000", "road_length_km": 82.629, "hex_area_km2": 2338.3 }, "geometry": { "type": "Polygon", "coordinates": [ [ [ 105.943362210684015, -6.811708116040911 ], [ 105.787899693515811, -6.606687605550285 ], [ 105.476974659179419, -6.606687605550285 ], [ 105.32151214201123, -6.811708116040911 ], [ 105.476974659179419, -7.016813979872656 ], [ 105.787899693515811, -7.016813979872656 ], [ 105.943362210684015, -6.811708116040911 ] ] ] } },
{ "type": "Feature", "properties": { "hex_id": "hex_01001", "road_length_km": 70.172, "hex_area_km2": 2338.3 }, "geometry": { "type": "Polygon", "coordinates": [ [ [ 105.943362210684015, -6.401749786460014 ], [ 105.787899693515811, -6.196892006542339 ], [ 105.476974659179419, -6.196892006542339 ], [ 105.32151214201123, -6.401749786460014 ], [ 105.476974659179419, -6.606687605550285 ], [ 105.787899693515811, -6.606687605550285 ], [ 105.943362210684015, -6.401749786460014 ] ] ] } },
{ "type": "Feature", "properties": { "hex_id": "hex_01002", "road_length_km": 23.992, "hex_area_km2": 2338.3 }, "geometry": { "type": "Polygon", "coordinates": [ [ [ 105.943362210684015, -5.992111622950878 ], [ 105.787899693515811, -5.787406001892075 ], [ 105.476974659179419, -5.787406001892075 ], [ 105.32151214201123, -5.992111622950878 ], [ 105.476974659179419, -6.196892006542339 ], [ 105.787899693515811, -6.196892006542339 ], [ 105.943362210684015, -5.992111622950878 ] ] ] } },
{ "type": "Feature", "properties": { "hex_id": "hex_01003", "road_length_km": 102.332, "hex_area_km2": 2338.3 }, "geometry": { "type": "Polygon", "coordinates": [ [ [ 105.943362210684015, -5.582772518299619 ], [ 105.787899693515811, -5.378208555511726 ], [ 105.476974659179419, -5.378208555511724 ], [ 105.32151214201123, -5.582772518299619 ], [ 105.476974659179419, -5.787406001892075 ], [ 105.787899693515811, -5.787406001892075 ], [ 105.943362210684015, -5.582772518299619 ] ] ] } },
{ "type": "Feature", "properties": { "hex_id": "hex_01004", "road_length_km": 123.784, "hex_area_km2": 2338.3 }, "geometry": { "type": "Polygon", "coordinates": [ [ [ 105.943362210684015, -5.173711504951155 ], [ 105.787899693515811, -4.969278765807862 ], [ 105.476974659179419, -4.969278765807862 ], [ 105.32151214201123, -5.173711504951155 ], [ 105.476974659179419, -5.378208555511724 ], [ 105.787899693515811, -5.378208555511726 ], [ 105.943362210684015, -5.173711504951155 ] ] ] } },
{ "type": "Feature", "properties": { "hex_id": "hex_01005", "road_length_km": 38.596, "hex_area_km2": 2338.3 }, "geometry": { "type": "Polygon", "coordinates": [ [ [ 105.943362210684015, -4.764907744724166 ], [ 105.787899693515811, -4.560595855482331 ], [ 105.476974659179419, -4.56059585548233 ], [ 105.32151214201123, -4.764907744724166 ], [ 105.476974659179419, -4.969278765807862 ], [ 105.787899693515811, -4.969278765807862 ], [ 105.943362210684015, -4.764907744724166 ] ] ] } },
{ "type": "Feature", "properties": { "hex_id": "hex_01006", "road_length_km": 34.409, "hex_area_km2": 2338.3 }, "geometry": { "type": "Polygon", "coordinates": [ [ [ 105.943362210684015, -4.356340518694458 ], [ 105.787899693515811, -4.152139161494565 ], [ 105.476974659179419, -4.152139161494565 ], [ 105.32151214201123, -4.356340518694458 ], [ 105.476974659179419, -4.56059585548233 ], [ 105.787899693515811, -4.560595855482331 ], [ 105.943362210684015, -4.356340518694458 ] ] ] } },
{ "type": "Feature", "properties": { "hex_id": "hex_01012", "road_length_km": 94.467, "hex_area_km2": 2338.3 }, "geometry": { "type": "Polygon", "coordinates": [ [ [ 105.943362210684015, -1.908756664835123 ], [ 105.787899693515811, -1.705004341168037 ], [ 105.476974659179419, -1.705004341168037 ], [ 105.32151214201123, -1.908756664835123 ], [ 105.476974659179419, -2.112532492886234 ], [ 105.787899693515811, -2.112532492886234 ], [ 105.943362210684015, -1.908756664835123 ] ] ] } },
{ "type": "Feature", "properties": { "hex_id": "hex_01013", "road_length_km": 11.978, "hex_area_km2": 2338.3 }, "geometry": { "type": "Polygon", "coordinates": [ [ [ 105.943362210684015, -1.501273006600813 ], [ 105.787899693515811, -1.297560148235313 ], [ 105.476974659179419, -1.297560148235313 ], [ 105.32151214201123, -1.501273006600813 ], [ 105.476974659179419, -1.705004341168037 ], [ 105.787899693515811, -1.705004341168037 ], [ 105.943362210684015, -1.501273006600813 ] ] ] } },
{ "type": "Feature", "properties": { "hex_id": "hex_01043", "road_length_km": 46.169, "hex_area_km2": 2338.3 }, "geometry": { "type": "Polygon", "coordinates": [ [ [ 106.409749762188582, -7.016813979872654 ], [ 106.254287245020393, -6.811708116040909 ], [ 105.943362210684015, -6.811708116040909 ], [ 105.787899693515811, -7.016813979872654 ], [ 105.943362210684015, -7.222007869034138 ], [ 106.254287245020393, -7.222007869034138 ], [ 106.409749762188582, -7.016813979872654 ] ] ] } },
{ "type": "Feature", "properties": { "hex_id": "hex_01044", "road_length_km": 11.9, "hex_area_km2": 2338.3 }, "geometry": { "type": "Polygon", "coordinates": [ [ [ 106.409749762188582, -6.606687605550284 ], [ 106.254287245020393, -6.401749786460011 ], [ 105.943362210684015, -6.401749786460011 ], [ 105.787899693515811, -6.606687605550284 ], [ 105.943362210684015, -6.811708116040909 ], [ 106.254287245020393, -6.811708116040909 ], [ 106.409749762188582, -6.606687605550284 ] ] ] } },
{ "type": "Feature", "properties": { "hex_id": "hex_01045", "road_length_km": 192.233, "hex_area_km2": 2338.3 }, "geometry": { "type": "Polygon", "coordinates": [ [ [ 106.409749762188582, -6.196892006542337 ], [ 106.254287245020393, -5.992111622950876 ], [ 105.943362210684015, -5.992111622950875 ], [ 105.787899693515811, -6.196892006542337 ], [ 105.943362210684015, -6.401749786460011 ], [ 106.254287245020393, -6.401749786460011 ], [ 106.409749762188582, -6.196892006542337 ] ] ] } },
{ "type": "Feature", "properties": { "hex_id": "hex_01046", "road_length_km": 40.158, "hex_area_km2": 2338.3 }, "geometry": { "type": "Polygon", "coordinates": [ [ [ 106.409749762188582, -5.787406001892072 ], [ 106.254287245020393, -5.582772518299616 ], [ 105.943362210684015, -5.582772518299616 ], [ 105.787899693515811, -5.787406001892072 ], [ 105.943362210684015, -5.992111622950875 ], [ 106.254287245020393, -5.992111622950876 ], [ 106.409749762188582, -5.787406001892072 ] ] ] } },
{ "type": "Feature", "properties": { "hex_id": "hex_01047", "road_length_km": 5.744, "hex_area_km2": 2338.3 }, "geometry": { "type": "Polygon", "coordinates": [ [ [ 106.409749762188582, -5.378208555511724 ], [ 106.254287245020393, -5.173711504951153 ], [ 105.943362210684015, -5.173711504951152 ], [ 105.787899693515811, -5.378208555511724 ], [ 105.943362210684015, -5.582772518299616 ], [ 106.254287245020393, -5.582772518299616 ], [ 106.409749762188582, -5.378208555511724 ] ] ] } },
{ "type": "Feature", "properties": { "hex_id": "hex_01054", "road_length_km": 38.606, "hex_area_km2": 2338.3 }, "geometry": { "type": "Polygon", "coordinates": [ [ [ 106.409749762188582, -2.520164736933243 ], [ 106.254287245020393, -2.316334343279071 ], [ 105.943362210684015, -2.316334343279071 ], [ 105.787899693515811, -2.520164736933243 ], [ 105.943362210684015, -2.724026198019542 ], [ 106.254287245020393, -2.724026198019542 ], [ 106.409749762188582, -2.520164736933243 ] ] ] } },
{ "type": "Feature", "properties": { "hex_id": "hex_01055", "road_length_km": 100.481, "hex_area_km2": 2338.3 }, "geometry": { "type": "Polygon", "coordinates": [ [ [ 106.409749762188582, -2.112532492886232 ], [ 106.254287245020393, -1.90875666483512 ], [ 105.943362210684015, -1.90875666483512 ], [ 105.787899693515811, -2.112532492886232 ], [ 105.943362210684015, -2.316334343279071 ], [ 106.254287245020393, -2.316334343279071 ], [ 106.409749762188582, -2.112532492886232 ] ] ] } },
{ "type": "Feature", "properties": { "hex_id": "hex_01056", "road_length_km": 60.557, "hex_area_km2": 2338.3 }, "geometry": { "type": "Polygon", "coordinates": [ [ [ 106.409749762188582, -1.705004341168034 ], [ 106.254287245020393, -1.501273006600811 ], [ 105.943362210684015, -1.501273006600811 ], [ 105.787899693515811, -1.705004341168034 ], [ 105.943362210684015, -1.90875666483512 ], [ 106.254287245020393, -1.90875666483512 ], [ 106.409749762188582, -1.705004341168034 ] ] ] } },
{ "type": "Feature", "properties": { "hex_id": "hex_01068", "road_length_km": 27.517, "hex_area_km2": 2338.3 }, "geometry": { "type": "Polygon", "coordinates": [ [ [ 106.409749762188582, 3.184522950035994 ], [ 106.254287245020393, 3.388503192201634 ], [ 105.943362210684015, 3.388503192201634 ], [ 105.787899693515811, 3.184522950035994 ], [ 105.943362210684015, 2.980582025762943 ], [ 106.254287245020393, 2.980582025762943 ], [ 106.409749762188582, 3.184522950035994 ] ] ] } },
{ "type": "Feature", "properties": { "hex_id": "hex_01085", "road_length_km": 85.711, "hex_area_km2": 2338.3 }, "geometry": { "type": "Polygon", "coordinates": [ [ [ 106.876137313693164, -7.222007869034141 ], [ 106.720674796524975, -7.016813979872656 ], [ 106.409749762188582, -7.016813979872656 ], [ 106.254287245020393, -7.222007869034141 ], [ 106.409749762188582, -7.427292465900016 ], [ 106.720674796524975, -7.427292465900016 ], [ 106.876137313693164, -7.222007869034141 ] ] ] } },
{ "type": "Feature", "properties": { "hex_id": "hex_01086", "road_length_km": 115.502, "hex_area_km2": 2338.3 }, "geometry": { "type": "Polygon", "coordinates": [ [ [ 106.876137313693164, -6.811708116040911 ], [ 106.720674796524975, -6.606687605550285 ], [ 106.409749762188582, -6.606687605550285 ], [ 106.254287245020393, -6.811708116040911 ], [ 106.409749762188582, -7.016813979872656 ], [ 106.720674796524975, -7.016813979872656 ], [ 106.876137313693164, -6.811708116040911 ] ] ] } },
{ "type": "Feature", "properties": { "hex_id": "hex_01087", "road_length_km": 183.927, "hex_area_km2": 2338.3 }, "geometry": { "type": "Polygon", "coordinates": [ [ [ 106.876137313693164, -6.401749786460014 ], [ 106.720674796524975, -6.196892006542339 ], [ 106.409749762188582, -6.196892006542339 ], [ 106.254287245020393, -6.401749786460014 ], [ 106.409749762188582, -6.606687605550285 ], [ 106.720674796524975, -6.606687605550285 ], [ 106.876137313693164, -6.401749786460014 ] ] ] } },
{ "type": "Feature", "properties": { "hex_id": "hex_01088", "road_length_km": 29.003, "hex_area_km2": 2338.3 }, "geometry": { "type": "Polygon", "coordinates": [ [ [ 106.876137313693164, -5.992111622950878 ], [ 106.720674796524975, -5.787406001892075 ], [ 106.409749762188582, -5.787406001892075 ], [ 106.254287245020393, -5.992111622950878 ], [ 106.409749762188582, -6.196892006542339 ], [ 106.720674796524975, -6.196892006542339 ], [ 106.876137313693164, -5.992111622950878 ] ] ] } },
{ "type": "Feature", "properties": { "hex_id": "hex_01095", "road_length_km": 48.326, "hex_area_km2": 2338.3 }, "geometry": { "type": "Polygon", "coordinates": [ [ [ 106.876137313693164, -3.131852437170682 ], [ 106.720674796524975, -2.927921254250273 ], [ 106.409749762188582, -2.927921254250273 ], [ 106.254287245020393, -3.131852437170682 ], [ 106.409749762188582, -3.335822282451612 ], [ 106.720674796524975, -3.335822282451612 ], [ 106.876137313693164, -3.131852437170682 ] ] ] } },
{ "type": "Feature", "properties": { "hex_id": "hex_01096", "road_length_km": 44.709, "hex_area_km2": 2338.3 }, "geometry": { "type": "Polygon", "coordinates": [ [ [ 106.876137313693164, -2.724026198019544 ], [ 106.720674796524975, -2.520164736933245 ], [ 106.409749762188582, -2.520164736933245 ], [ 106.254287245020393, -2.724026198019544 ], [ 106.409749762188582, -2.927921254250273 ], [ 106.720674796524975, -2.927921254250273 ], [ 106.876137313693164, -2.724026198019544 ] ] ] } },
{ "type": "Feature", "properties": { "hex_id": "hex_01097", "road_length_km": 6.618, "hex_area_km2": 2338.3 }, "geometry": { "type": "Polygon", "coordinates": [ [ [ 106.876137313693164, -2.316334343279074 ], [ 106.720674796524975, -2.112532492886234 ], [ 106.409749762188582, -2.112532492886234 ], [ 106.254287245020393, -2.316334343279074 ], [ 106.409749762188582, -2.520164736933245 ], [ 106.720674796524975, -2.520164736933245 ], [ 106.876137313693164, -2.316334343279074 ] ] ] } },
{ "type": "Feature", "properties": { "hex_id": "hex_01128", "road_length_km": 84.636, "hex_area_km2": 2338.3 }, "geometry": { "type": "Polygon", "coordinates": [ [ [ 107.342524865197731, -7.427292465900016 ], [ 107.187062348029528, -7.222007869034138 ], [ 106.876137313693164, -7.222007869034138 ], [ 106.720674796524975, -7.427292465900016 ], [ 106.876137313693164, -7.632670463572577 ], [ 107.187062348029528, -7.632670463572579 ], [ 107.342524865197731, -7.427292465900016 ] ] ] } },
{ "type": "Feature", "properties": { "hex_id": "hex_01129", "road_length_km": 56.048, "hex_area_km2": 2338.3 }, "geometry": { "type": "Polygon", "coordinates": [ [ [ 107.342524865197731, -7.016813979872654 ], [ 107.187062348029528, -6.811708116040909 ], [ 106.876137313693164, -6.811708116040909 ], [ 106.720674796524975, -7.016813979872654 ], [ 106.876137313693164, -7.222007869034138 ], [ 107.187062348029528, -7.222007869034138 ], [ 107.342524865197731, -7.016813979872654 ] ] ] } },
{ "type": "Feature", "properties": { "hex_id": "hex_01130", "road_length_km": 112.692, "hex_area_km2": 2338.3 }, "geometry": { "type": "Polygon", "coordinates": [ [ [ 107.342524865197731, -6.606687605550284 ], [ 107.187062348029528, -6.401749786460011 ], [ 106.876137313693164, -6.401749786460011 ], [ 106.720674796524975, -6.606687605550284 ], [ 106.876137313693164, -6.811708116040909 ], [ 107.187062348029528, -6.811708116040909 ], [ 107.342524865197731, -6.606687605550284 ] ] ] } },
{ "type": "Feature", "properties": { "hex_id": "hex_01131", "road_length_km": 98.783, "hex_area_km2": 2338.3 }, "geometry": { "type": "Polygon", "coordinates": [ [ [ 107.342524865197731, -6.196892006542337 ], [ 107.187062348029528, -5.992111622950876 ], [ 106.876137313693164, -5.992111622950875 ], [ 106.720674796524975, -6.196892006542337 ], [ 106.876137313693164, -6.401749786460011 ], [ 107.187062348029528, -6.401749786460011 ], [ 107.342524865197731, -6.196892006542337 ] ] ] } },
{ "type": "Feature", "properties": { "hex_id": "hex_01170", "road_length_km": 80.237, "hex_area_km2": 2338.3 }, "geometry": { "type": "Polygon", "coordinates": [ [ [ 107.808912416702299, -7.63267046357258 ], [ 107.653449899534124, -7.427292465900016 ], [ 107.342524865197731, -7.427292465900016 ], [ 107.187062348029528, -7.63267046357258 ], [ 107.342524865197731, -7.838144566226982 ], [ 107.653449899534124, -7.838144566226983 ], [ 107.808912416702299, -7.63267046357258 ] ] ] } },
{ "type": "Feature", "properties": { "hex_id": "hex_01171", "road_length_km": 72.195, "hex_area_km2": 2338.3 }, "geometry": { "type": "Polygon", "coordinates": [ [ [ 107.808912416702299, -7.222007869034141 ], [ 107.653449899534124, -7.016813979872656 ], [ 107.342524865197731, -7.016813979872656 ], [ 107.187062348029528, -7.222007869034141 ], [ 107.342524865197731, -7.427292465900016 ], [ 107.653449899534124, -7.427292465900016 ], [ 107.808912416702299, -7.222007869034141 ] ] ] } },
{ "type": "Feature", "properties": { "hex_id": "hex_01172", "road_length_km": 150.224, "hex_area_km2": 2338.3 }, "geometry": { "type": "Polygon", "coordinates": [ [ [ 107.808912416702299, -6.811708116040911 ], [ 107.653449899534124, -6.606687605550285 ], [ 107.342524865197731, -6.606687605550285 ], [ 107.187062348029528, -6.811708116040911 ], [ 107.342524865197731, -7.016813979872656 ], [ 107.653449899534124, -7.016813979872656 ], [ 107.808912416702299, -6.811708116040911 ] ] ] } },
{ "type": "Feature", "properties": { "hex_id": "hex_01173", "road_length_km": 99.735, "hex_area_km2": 2338.3 }, "geometry": { "type": "Polygon", "coordinates": [ [ [ 107.808912416702299, -6.401749786460014 ], [ 107.653449899534124, -6.196892006542339 ], [ 107.342524865197731, -6.196892006542339 ], [ 107.187062348029528, -6.401749786460014 ], [ 107.342524865197731, -6.606687605550285 ], [ 107.653449899534124, -6.606687605550285 ], [ 107.808912416702299, -6.401749786460014 ] ] ] } },
{ "type": "Feature", "properties": { "hex_id": "hex_01181", "road_length_km": 1.948, "hex_area_km2": 2338.3 }, "geometry": { "type": "Polygon", "coordinates": [ [ [ 107.808912416702299, -3.131852437170682 ], [ 107.653449899534124, -2.927921254250273 ], [ 107.342524865197731, -2.927921254250273 ], [ 107.187062348029528, -3.131852437170682 ], [ 107.342524865197731, -3.335822282451612 ], [ 107.653449899534124, -3.335822282451612 ], [ 107.808912416702299, -3.131852437170682 ] ] ] } },
{ "type": "Feature", "properties": { "hex_id": "hex_01182", "road_length_km": 80.114, "hex_area_km2": 2338.3 }, "geometry": { "type": "Polygon", "coordinates": [ [ [ 107.808912416702299, -2.724026198019544 ], [ 107.653449899534124, -2.520164736933245 ], [ 107.342524865197731, -2.520164736933245 ], [ 107.187062348029528, -2.724026198019544 ], [ 107.342524865197731, -2.927921254250273 ], [ 107.653449899534124, -2.927921254250273 ], [ 107.808912416702299, -2.724026198019544 ] ] ] } },
{ "type": "Feature", "properties": { "hex_id": "hex_01213", "road_length_km": 65.816, "hex_area_km2": 2338.3 }, "geometry": { "type": "Polygon", "coordinates": [ [ [ 108.27529996820688, -7.838144566226981 ], [ 108.119837451038691, -7.632670463572579 ], [ 107.808912416702299, -7.632670463572577 ], [ 107.653449899534124, -7.838144566226981 ], [ 107.808912416702299, -8.043717489460143 ], [ 108.119837451038691, -8.043717489460143 ], [ 108.27529996820688, -7.838144566226981 ] ] ] } },
{ "type": "Feature", "properties": { "hex_id": "hex_01215", "road_length_km": 114.853, "hex_area_km2": 2338.3 }, "geometry": { "type": "Polygon", "coordinates": [ [ [ 108.27529996820688, -7.016813979872654 ], [ 108.119837451038691, -6.811708116040909 ], [ 107.808912416702299, -6.811708116040909 ], [ 107.653449899534124, -7.016813979872654 ], [ 107.808912416702299, -7.222007869034138 ], [ 108.119837451038691, -7.222007869034138 ], [ 108.27529996820688, -7.016813979872654 ] ] ] } },
{ "type": "Feature", "properties": { "hex_id": "hex_01216", "road_length_km": 25.494, "hex_area_km2": 2338.3 }, "geometry": { "type": "Polygon", "coordinates": [ [ [ 108.27529996820688, -6.606687605550284 ], [ 108.119837451038691, -6.401749786460011 ], [ 107.808912416702299, -6.401749786460011 ], [ 107.653449899534124, -6.606687605550284 ], [ 107.808912416702299, -6.811708116040909 ], [ 108.119837451038691, -6.811708116040909 ], [ 108.27529996820688, -6.606687605550284 ] ] ] } },
{ "type": "Feature", "properties": { "hex_id": "hex_01217", "road_length_km": 48.402, "hex_area_km2": 2338.3 }, "geometry": { "type": "Polygon", "coordinates": [ [ [ 108.27529996820688, -6.196892006542337 ], [ 108.119837451038691, -5.992111622950876 ], [ 107.808912416702299, -5.992111622950875 ], [ 107.653449899534124, -6.196892006542337 ], [ 107.808912416702299, -6.401749786460011 ], [ 108.119837451038691, -6.401749786460011 ], [ 108.27529996820688, -6.196892006542337 ] ] ] } },
{ "type": "Feature", "properties": { "hex_id": "hex_01225", "road_length_km": 56.744, "hex_area_km2": 2338.3 }, "geometry": { "type": "Polygon", "coordinates": [ [ [ 108.27529996820688, -2.927921254250271 ], [ 108.119837451038691, -2.724026198019542 ], [ 107.808912416702299, -2.724026198019542 ], [ 107.653449899534124, -2.927921254250271 ], [ 107.808912416702299, -3.13185243717068 ], [ 108.119837451038691, -3.13185243717068 ], [ 108.27529996820688, -2.927921254250271 ] ] ] } },
{ "type": "Feature", "properties": { "hex_id": "hex_01226", "road_length_km": 11.795, "hex_area_km2": 2338.3 }, "geometry": { "type": "Polygon", "coordinates": [ [ [ 108.27529996820688, -2.520164736933243 ], [ 108.119837451038691, -2.316334343279071 ], [ 107.808912416702299, -2.316334343279071 ], [ 107.653449899534124, -2.520164736933243 ], [ 107.808912416702299, -2.724026198019542 ], [ 108.119837451038691, -2.724026198019542 ], [ 108.27529996820688, -2.520164736933243 ] ] ] } },
{ "type": "Feature", "properties": { "hex_id": "hex_01241", "road_length_km": 14.587, "hex_area_km2": 2338.3 }, "geometry": { "type": "Polygon", "coordinates": [ [ [ 108.27529996820688, 3.592525293539507 ], [ 108.119837451038691, 3.796591800120676 ], [ 107.808912416702299, 3.796591800120676 ], [ 107.653449899534124, 3.592525293539507 ], [ 107.808912416702299, 3.388503192201634 ], [ 108.119837451038691, 3.388503192201634 ], [ 108.27529996820688, 3.592525293539507 ] ] ] } },
{ "type": "Feature", "properties": { "hex_id": "hex_01256", "road_length_km": 89.87, "hex_area_km2": 2338.3 }, "geometry": { "type": "Polygon", "coordinates": [ [ [ 108.741687519711462, -7.63267046357258 ], [ 108.586225002543273, -7.427292465900016 ], [ 108.27529996820688, -7.427292465900016 ], [ 108.119837451038691, -7.63267046357258 ], [ 108.27529996820688, -7.838144566226982 ], [ 108.586225002543273, -7.838144566226983 ], [ 108.741687519711462, -7.63267046357258 ] ] ] } },
{ "type": "Feature", "properties": { "hex_id": "hex_01257", "road_length_km": 156.364, "hex_area_km2": 2338.3 }, "geometry": { "type": "Polygon", "coordinates": [ [ [ 108.741687519711462, -7.222007869034141 ], [ 108.586225002543273, -7.016813979872656 ], [ 108.27529996820688, -7.016813979872656 ], [ 108.119837451038691, -7.222007869034141 ], [ 108.27529996820688, -7.427292465900016 ], [ 108.586225002543273, -7.427292465900016 ], [ 108.741687519711462, -7.222007869034141 ] ] ] } },
{ "type": "Feature", "properties": { "hex_id": "hex_01258", "road_length_km": 156.785, "hex_area_km2": 2338.3 }, "geometry": { "type": "Polygon", "coordinates": [ [ [ 108.741687519711462, -6.811708116040911 ], [ 108.586225002543273, -6.606687605550285 ], [ 108.27529996820688, -6.606687605550285 ], [ 108.119837451038691, -6.811708116040911 ], [ 108.27529996820688, -7.016813979872656 ], [ 108.586225002543273, -7.016813979872656 ], [ 108.741687519711462, -6.811708116040911 ] ] ] } },
{ "type": "Feature", "properties": { "hex_id": "hex_01259", "road_length_km": 98.19, "hex_area_km2": 2338.3 }, "geometry": { "type": "Polygon", "coordinates": [ [ [ 108.741687519711462, -6.401749786460014 ], [ 108.586225002543273, -6.196892006542339 ], [ 108.27529996820688, -6.196892006542339 ], [ 108.119837451038691, -6.401749786460014 ], [ 108.27529996820688, -6.606687605550285 ], [ 108.586225002543273, -6.606687605550285 ], [ 108.741687519711462, -6.401749786460014 ] ] ] } },
{ "type": "Feature", "properties": { "hex_id": "hex_01268", "road_length_km": 8.96, "hex_area_km2": 2338.3 }, "geometry": { "type": "Polygon", "coordinates": [ [ [ 108.741687519711462, -2.724026198019544 ], [ 108.586225002543273, -2.520164736933245 ], [ 108.27529996820688, -2.520164736933245 ], [ 108.119837451038691, -2.724026198019544 ], [ 108.27529996820688, -2.927921254250273 ], [ 108.586225002543273, -2.927921254250273 ], [ 108.741687519711462, -2.724026198019544 ] ] ] } },
{ "type": "Feature", "properties": { "hex_id": "hex_01284", "road_length_km": 63.221, "hex_area_km2": 2338.3 }, "geometry": { "type": "Polygon", "coordinates": [ [ [ 108.741687519711462, 3.796591800120673 ], [ 108.586225002543273, 4.000705263104871 ], [ 108.27529996820688, 4.000705263104871 ], [ 108.119837451038691, 3.796591800120673 ], [ 108.27529996820688, 3.592525293539505 ], [ 108.586225002543273, 3.592525293539505 ], [ 108.741687519711462, 3.796591800120673 ] ] ] } },
{ "type": "Feature", "properties": { "hex_id": "hex_01285", "road_length_km": 38.999, "hex_area_km2": 2338.3 }, "geometry": { "type": "Polygon", "coordinates": [ [ [ 108.741687519711462, 4.204868239039383 ], [ 108.586225002543273, 4.409083290159635 ], [ 108.27529996820688, 4.409083290159636 ], [ 108.119837451038691, 4.204868239039383 ], [ 108.27529996820688, 4.000705263104871 ], [ 108.586225002543273, 4.000705263104871 ], [ 108.741687519711462, 4.204868239039383 ] ] ] } },
{ "type": "Feature", "properties": { "hex_id": "hex_01299", "road_length_km": 46.984, "hex_area_km2": 2338.3 }, "geometry": { "type": "Polygon", "coordinates": [ [ [ 109.208075071216044, -7.838144566226981 ], [ 109.052612554047855, -7.632670463572579 ], [ 108.741687519711462, -7.632670463572577 ], [ 108.586225002543273, -7.838144566226981 ], [ 108.741687519711462, -8.043717489460143 ], [ 109.052612554047855, -8.043717489460143 ], [ 109.208075071216044, -7.838144566226981 ] ] ] } },
{ "type": "Feature", "properties": { "hex_id": "hex_01300", "road_length_km": 216.403, "hex_area_km2": 2338.3 }, "geometry": { "type": "Polygon", "coordinates": [ [ [ 109.208075071216044, -7.427292465900016 ], [ 109.052612554047855, -7.222007869034138 ], [ 108.741687519711462, -7.222007869034138 ], [ 108.586225002543273, -7.427292465900016 ], [ 108.741687519711462, -7.632670463572577 ], [ 109.052612554047855, -7.632670463572579 ], [ 109.208075071216044, -7.427292465900016 ] ] ] } },
{ "type": "Feature", "properties": { "hex_id": "hex_01301", "road_length_km": 135.254, "hex_area_km2": 2338.3 }, "geometry": { "type": "Polygon", "coordinates": [ [ [ 109.208075071216044, -7.016813979872654 ], [ 109.052612554047855, -6.811708116040909 ], [ 108.741687519711462, -6.811708116040909 ], [ 108.586225002543273, -7.016813979872654 ], [ 108.741687519711462, -7.222007869034138 ], [ 109.052612554047855, -7.222007869034138 ], [ 109.208075071216044, -7.016813979872654 ] ] ] } },
{ "type": "Feature", "properties": { "hex_id": "hex_01319", "road_length_km": 69.633, "hex_area_km2": 2338.3 }, "geometry": { "type": "Polygon", "coordinates": [ [ [ 109.208075071216044, 0.331778562396123 ], [ 109.052612554047855, 0.535437963178462 ], [ 108.741687519711462, 0.535437963178462 ], [ 108.586225002543273, 0.331778562396123 ], [ 108.741687519711462, 0.12812324126456 ], [ 109.052612554047855, 0.12812324126456 ], [ 109.208075071216044, 0.331778562396123 ] ] ] } },
{ "type": "Feature", "properties": { "hex_id": "hex_01320", "road_length_km": 59.564, "hex_area_km2": 2338.3 }, "geometry": { "type": "Polygon", "coordinates": [ [ [ 109.208075071216044, 0.739103948342442 ], [ 109.052612554047855, 0.942779023365858 ], [ 108.741687519711462, 0.942779023365858 ], [ 108.586225002543273, 0.739103948342442 ], [ 108.741687519711462, 0.535437963178462 ], [ 109.052612554047855, 0.535437963178462 ], [ 109.208075071216044, 0.739103948342442 ] ] ] } },
{ "type": "Feature", "properties": { "hex_id": "hex_01321", "road_length_km": 47.987, "hex_area_km2": 2338.3 }, "geometry": { "type": "Polygon", "coordinates": [ [ [ 109.208075071216044, 1.146465694757878 ], [ 109.052612554047855, 1.350166470343798 ], [ 108.741687519711462, 1.350166470343798 ], [ 108.586225002543273, 1.146465694757878 ], [ 108.741687519711462, 0.942779023365858 ], [ 109.052612554047855, 0.942779023365858 ], [ 109.208075071216044, 1.146465694757878 ] ] ] } },
{ "type": "Feature", "properties": { "hex_id": "hex_01342", "road_length_km": 160.81, "hex_area_km2": 2338.3 }, "geometry": { "type": "Polygon", "coordinates": [ [ [ 109.674462622720611, -7.63267046357258 ], [ 109.519000105552422, -7.427292465900016 ], [ 109.208075071216044, -7.427292465900016 ], [ 109.052612554047855, -7.63267046357258 ], [ 109.208075071216044, -7.838144566226982 ], [ 109.519000105552422, -7.838144566226983 ], [ 109.674462622720611, -7.63267046357258 ] ] ] } },
{ "type": "Feature", "properties": { "hex_id": "hex_01343", "road_length_km": 1.607, "hex_area_km2": 2338.3 }, "geometry": { "type": "Polygon", "coordinates": [ [ [ 109.674462622720611, -7.222007869034141 ], [ 109.519000105552422, -7.016813979872656 ], [ 109.208075071216044, -7.016813979872656 ], [ 109.052612554047855, -7.222007869034141 ], [ 109.208075071216044, -7.427292465900016 ], [ 109.519000105552422, -7.427292465900016 ], [ 109.674462622720611, -7.222007869034141 ] ] ] } },
{ "type": "Feature", "properties": { "hex_id": "hex_01344", "road_length_km": 66.985, "hex_area_km2": 2338.3 }, "geometry": { "type": "Polygon", "coordinates": [ [ [ 109.674462622720611, -6.811708116040911 ], [ 109.519000105552422, -6.606687605550285 ], [ 109.208075071216044, -6.606687605550285 ], [ 109.052612554047855, -6.811708116040911 ], [ 109.208075071216044, -7.016813979872656 ], [ 109.519000105552422, -7.016813979872656 ], [ 109.674462622720611, -6.811708116040911 ] ] ] } },
{ "type": "Feature", "properties": { "hex_id": "hex_01360", "road_length_km": 9.25, "hex_area_km2": 2338.3 }, "geometry": { "type": "Polygon", "coordinates": [ [ [ 109.674462622720611, -0.279185178940103 ], [ 109.519000105552422, -0.075530504484363 ], [ 109.208075071216044, -0.075530504484363 ], [ 109.052612554047855, -0.279185178940103 ], [ 109.208075071216044, -0.482843286297452 ], [ 109.519000105552422, -0.482843286297452 ], [ 109.674462622720611, -0.279185178940103 ] ] ] } },
{ "type": "Feature", "properties": { "hex_id": "hex_01361", "road_length_km": 106.614, "hex_area_km2": 2338.3 }, "geometry": { "type": "Polygon", "coordinates": [ [ [ 109.674462622720611, 0.128123241264558 ], [ 109.519000105552422, 0.331778562396121 ], [ 109.208075071216044, 0.331778562396121 ], [ 109.052612554047855, 0.128123241264558 ], [ 109.208075071216044, -0.075530504484363 ], [ 109.519000105552422, -0.075530504484363 ], [ 109.674462622720611, 0.128123241264558 ] ] ] } },
{ "type": "Feature", "properties": { "hex_id": "hex_01362", "road_length_km": 97.81, "hex_area_km2": 2338.3 }, "geometry": { "type": "Polygon", "coordinates": [ [ [ 109.674462622720611, 0.53543796317846 ], [ 109.519000105552422, 0.739103948342439 ], [ 109.208075071216044, 0.739103948342439 ], [ 109.052612554047855, 0.53543796317846 ], [ 109.208075071216044, 0.331778562396121 ], [ 109.519000105552422, 0.331778562396121 ], [ 109.674462622720611, 0.53543796317846 ] ] ] } },
{ "type": "Feature", "properties": { "hex_id": "hex_01363", "road_length_km": 48.255, "hex_area_km2": 2338.3 }, "geometry": { "type": "Polygon", "coordinates": [ [ [ 109.674462622720611, 0.942779023365856 ], [ 109.519000105552422, 1.146465694757876 ], [ 109.208075071216044, 1.146465694757876 ], [ 109.052612554047855, 0.942779023365856 ], [ 109.208075071216044, 0.739103948342439 ], [ 109.519000105552422, 0.739103948342439 ], [ 109.674462622720611, 0.942779023365856 ] ] ] } },
{ "type": "Feature", "properties": { "hex_id": "hex_01364", "road_length_km": 64.6, "hex_area_km2": 2338.3 }, "geometry": { "type": "Polygon", "coordinates": [ [ [ 109.674462622720611, 1.350166470343796 ], [ 109.519000105552422, 1.553883859550215 ], [ 109.208075071216044, 1.553883859550215 ], [ 109.052612554047855, 1.350166470343796 ], [ 109.208075071216044, 1.146465694757876 ], [ 109.519000105552422, 1.146465694757876 ], [ 109.674462622720611, 1.350166470343796 ] ] ] } },
{ "type": "Feature", "properties": { "hex_id": "hex_01365", "road_length_km": 62.905, "hex_area_km2": 2338.3 }, "geometry": { "type": "Polygon", "coordinates": [ [ [ 109.674462622720611, 1.757620373690709 ], [ 109.519000105552422, 1.961378526252104 ], [ 109.208075071216044, 1.961378526252104 ], [ 109.052612554047855, 1.757620373690709 ], [ 109.208075071216044, 1.553883859550215 ], [ 109.519000105552422, 1.553883859550215 ], [ 109.674462622720611, 1.757620373690709 ] ] ] } },
{ "type": "Feature", "properties": { "hex_id": "hex_01366", "road_length_km": 11.044, "hex_area_km2": 2338.3 }, "geometry": { "type": "Polygon", "coordinates": [ [ [ 109.674462622720611, 2.165160833181423 ], [ 109.519000105552422, 2.368969813173613 ], [ 109.208075071216044, 2.368969813173613 ], [ 109.052612554047855, 2.165160833181423 ], [ 109.208075071216044, 1.961378526252104 ], [ 109.519000105552422, 1.961378526252104 ], [ 109.674462622720611, 2.165160833181423 ] ] ] } },
{ "type": "Feature", "properties": { "hex_id": "hex_01385", "road_length_km": 71.805, "hex_area_km2": 2338.3 }, "geometry": { "type": "Polygon", "coordinates": [ [ [ 110.140850174225193, -7.838144566226981 ], [ 109.985387657056989, -7.632670463572579 ], [ 109.674462622720611, -7.632670463572577 ], [ 109.519000105552422, -7.838144566226981 ], [ 109.674462622720611, -8.043717489460143 ], [ 109.985387657056989, -8.043717489460143 ], [ 110.140850174225193, -7.838144566226981 ] ] ] } },
{ "type": "Feature", "properties": { "hex_id": "hex_01386", "road_length_km": 71.192, "hex_area_km2": 2338.3 }, "geometry": { "type": "Polygon", "coordinates": [ [ [ 110.140850174225193, -7.427292465900016 ], [ 109.985387657056989, -7.222007869034138 ], [ 109.674462622720611, -7.222007869034138 ], [ 109.519000105552422, -7.427292465900016 ], [ 109.674462622720611, -7.632670463572577 ], [ 109.985387657056989, -7.632670463572579 ], [ 110.140850174225193, -7.427292465900016 ] ] ] } },
{ "type": "Feature", "properties": { "hex_id": "hex_01387", "road_length_km": 77.097, "hex_area_km2": 2338.3 }, "geometry": { "type": "Polygon", "coordinates": [ [ [ 110.140850174225193, -7.016813979872654 ], [ 109.985387657056989, -6.811708116040909 ], [ 109.674462622720611, -6.811708116040909 ], [ 109.519000105552422, -7.016813979872654 ], [ 109.674462622720611, -7.222007869034138 ], [ 109.985387657056989, -7.222007869034138 ], [ 110.140850174225193, -7.016813979872654 ] ] ] } },
{ "type": "Feature", "properties": { "hex_id": "hex_01400", "road_length_km": 32.252, "hex_area_km2": 2338.3 }, "geometry": { "type": "Polygon", "coordinates": [ [ [ 110.140850174225193, -1.705004341168034 ], [ 109.985387657056989, -1.501273006600811 ], [ 109.674462622720611, -1.501273006600811 ], [ 109.519000105552422, -1.705004341168034 ], [ 109.674462622720611, -1.90875666483512 ], [ 109.985387657056989, -1.90875666483512 ], [ 110.140850174225193, -1.705004341168034 ] ] ] } },
{ "type": "Feature", "properties": { "hex_id": "hex_01401", "road_length_km": 5.601, "hex_area_km2": 2338.3 }, "geometry": { "type": "Polygon", "coordinates": [ [ [ 110.140850174225193, -1.297560148235311 ], [ 109.985387657056989, -1.093863255272653 ], [ 109.674462622720611, -1.093863255272653 ], [ 109.519000105552422, -1.297560148235311 ], [ 109.674462622720611, -1.501273006600811 ], [ 109.985387657056989, -1.501273006600811 ], [ 110.140850174225193, -1.297560148235311 ] ] ] } },
{ "type": "Feature", "properties": { "hex_id": "hex_01404", "road_length_km": 79.489, "hex_area_km2": 2338.3 }, "geometry": { "type": "Polygon", "coordinates": [ [ [ 110.140850174225193, -0.075530504484361 ], [ 109.985387657056989, 0.12812324126456 ], [ 109.674462622720611, 0.12812324126456 ], [ 109.519000105552422, -0.075530504484361 ], [ 109.674462622720611, -0.279185178940101 ], [ 109.985387657056989, -0.279185178940101 ], [ 110.140850174225193, -0.075530504484361 ] ] ] } },
{ "type": "Feature", "properties": { "hex_id": "hex_01405", "road_length_km": 81.811, "hex_area_km2": 2338.3 }, "geometry": { "type": "Polygon", "coordinates": [ [ [ 110.140850174225193, 0.331778562396123 ], [ 109.985387657056989, 0.535437963178462 ], [ 109.674462622720611, 0.535437963178462 ], [ 109.519000105552422, 0.331778562396123 ], [ 109.674462622720611, 0.12812324126456 ], [ 109.985387657056989, 0.12812324126456 ], [ 110.140850174225193, 0.331778562396123 ] ] ] } },
{ "type": "Feature", "properties": { "hex_id": "hex_01406", "road_length_km": 5.165, "hex_area_km2": 2338.3 }, "geometry": { "type": "Polygon", "coordinates": [ [ [ 110.140850174225193, 0.739103948342442 ], [ 109.985387657056989, 0.942779023365858 ], [ 109.674462622720611, 0.942779023365858 ], [ 109.519000105552422, 0.739103948342442 ], [ 109.674462622720611, 0.535437963178462 ], [ 109.985387657056989, 0.535437963178462 ], [ 110.140850174225193, 0.739103948342442 ] ] ] } },
{ "type": "Feature", "properties": { "hex_id": "hex_01407", "road_length_km": 64.952, "hex_area_km2": 2338.3 }, "geometry": { "type": "Polygon", "coordinates": [ [ [ 110.140850174225193, 1.146465694757878 ], [ 109.985387657056989, 1.350166470343798 ], [ 109.674462622720611, 1.350166470343798 ], [ 109.519000105552422, 1.146465694757878 ], [ 109.674462622720611, 0.942779023365858 ], [ 109.985387657056989, 0.942779023365858 ], [ 110.140850174225193, 1.146465694757878 ] ] ] } },
{ "type": "Feature", "properties": { "hex_id": "hex_01408", "road_length_km": 11.513, "hex_area_km2": 2338.3 }, "geometry": { "type": "Polygon", "coordinates": [ [ [ 110.140850174225193, 1.553883859550217 ], [ 109.985387657056989, 1.757620373690711 ], [ 109.674462622720611, 1.757620373690711 ], [ 109.519000105552422, 1.553883859550217 ], [ 109.674462622720611, 1.350166470343798 ], [ 109.985387657056989, 1.350166470343798 ], [ 110.140850174225193, 1.553883859550217 ] ] ] } },
{ "type": "Feature", "properties": { "hex_id": "hex_01409", "road_length_km": 7.512, "hex_area_km2": 2338.3 }, "geometry": { "type": "Polygon", "coordinates": [ [ [ 110.140850174225193, 1.961378526252106 ], [ 109.985387657056989, 2.165160833181425 ], [ 109.674462622720611, 2.165160833181425 ], [ 109.519000105552422, 1.961378526252106 ], [ 109.674462622720611, 1.757620373690711 ], [ 109.985387657056989, 1.757620373690711 ], [ 110.140850174225193, 1.961378526252106 ] ] ] } },
{ "type": "Feature", "properties": { "hex_id": "hex_01427", "road_length_km": 50.037, "hex_area_km2": 2338.3 }, "geometry": { "type": "Polygon", "coordinates": [ [ [ 110.60723772572976, -8.043717489460144 ], [ 110.451775208561571, -7.838144566226983 ], [ 110.140850174225193, -7.838144566226982 ], [ 109.985387657056989, -8.043717489460144 ], [ 110.140850174225193, -8.249391960643482 ], [ 110.451775208561571, -8.249391960643482 ], [ 110.60723772572976, -8.043717489460144 ] ] ] } },
{ "type": "Feature", "properties": { "hex_id": "hex_01428", "road_length_km": 163.927, "hex_area_km2": 2338.3 }, "geometry": { "type": "Polygon", "coordinates": [ [ [ 110.60723772572976, -7.63267046357258 ], [ 110.451775208561571, -7.427292465900016 ], [ 110.140850174225193, -7.427292465900016 ], [ 109.985387657056989, -7.63267046357258 ], [ 110.140850174225193, -7.838144566226982 ], [ 110.451775208561571, -7.838144566226983 ], [ 110.60723772572976, -7.63267046357258 ] ] ] } },
{ "type": "Feature", "properties": { "hex_id": "hex_01429", "road_length_km": 119.832, "hex_area_km2": 2338.3 }, "geometry": { "type": "Polygon", "coordinates": [ [ [ 110.60723772572976, -7.222007869034141 ], [ 110.451775208561571, -7.016813979872656 ], [ 110.140850174225193, -7.016813979872656 ], [ 109.985387657056989, -7.222007869034141 ], [ 110.140850174225193, -7.427292465900016 ], [ 110.451775208561571, -7.427292465900016 ], [ 110.60723772572976, -7.222007869034141 ] ] ] } },
{ "type": "Feature", "properties": { "hex_id": "hex_01430", "road_length_km": 86.019, "hex_area_km2": 2338.3 }, "geometry": { "type": "Polygon", "coordinates": [ [ [ 110.60723772572976, -6.811708116040911 ], [ 110.451775208561571, -6.606687605550285 ], [ 110.140850174225193, -6.606687605550285 ], [ 109.985387657056989, -6.811708116040911 ], [ 110.140850174225193, -7.016813979872656 ], [ 110.451775208561571, -7.016813979872656 ], [ 110.60723772572976, -6.811708116040911 ] ] ] } },
{ "type": "Feature", "properties": { "hex_id": "hex_01443", "road_length_km": 121.244, "hex_area_km2": 2338.3 }, "geometry": { "type": "Polygon", "coordinates": [ [ [ 110.60723772572976, -1.501273006600813 ], [ 110.451775208561571, -1.297560148235313 ], [ 110.140850174225193, -1.297560148235313 ], [ 109.985387657056989, -1.501273006600813 ], [ 110.140850174225193, -1.705004341168037 ], [ 110.451775208561571, -1.705004341168037 ], [ 110.60723772572976, -1.501273006600813 ] ] ] } },
{ "type": "Feature", "properties": { "hex_id": "hex_01444", "road_length_km": 29.608, "hex_area_km2": 2338.3 }, "geometry": { "type": "Polygon", "coordinates": [ [ [ 110.60723772572976, -1.093863255272656 ], [ 110.451775208561571, -0.890179818727112 ], [ 110.140850174225193, -0.890179818727112 ], [ 109.985387657056989, -1.093863255272656 ], [ 110.140850174225193, -1.297560148235313 ], [ 110.451775208561571, -1.297560148235313 ], [ 110.60723772572976, -1.093863255272656 ] ] ] } },
{ "type": "Feature", "properties": { "hex_id": "hex_01445", "road_length_km": 66.11, "hex_area_km2": 2338.3 }, "geometry": { "type": "Polygon", "coordinates": [ [ [ 110.60723772572976, -0.686507331140564 ], [ 110.451775208561571, -0.482843286297452 ], [ 110.140850174225193, -0.482843286297452 ], [ 109.985387657056989, -0.686507331140564 ], [ 110.140850174225193, -0.890179818727112 ], [ 110.451775208561571, -0.890179818727112 ], [ 110.60723772572976, -0.686507331140564 ] ] ] } },
{ "type": "Feature", "properties": { "hex_id": "hex_01446", "road_length_km": 63.781, "hex_area_km2": 2338.3 }, "geometry": { "type": "Polygon", "coordinates": [ [ [ 110.60723772572976, -0.279185178940103 ], [ 110.451775208561571, -0.075530504484363 ], [ 110.140850174225193, -0.075530504484363 ], [ 109.985387657056989, -0.279185178940103 ], [ 110.140850174225193, -0.482843286297452 ], [ 110.451775208561571, -0.482843286297452 ], [ 110.60723772572976, -0.279185178940103 ] ] ] } },
{ "type": "Feature", "properties": { "hex_id": "hex_01447", "road_length_km": 132.4, "hex_area_km2": 2338.3 }, "geometry": { "type": "Polygon", "coordinates": [ [ [ 110.60723772572976, 0.128123241264558 ], [ 110.451775208561571, 0.331778562396121 ], [ 110.140850174225193, 0.331778562396121 ], [ 109.985387657056989, 0.128123241264558 ], [ 110.140850174225193, -0.075530504484363 ], [ 110.451775208561571, -0.075530504484363 ], [ 110.60723772572976, 0.128123241264558 ] ] ] } },
{ "type": "Feature", "properties": { "hex_id": "hex_01448", "road_length_km": 52.336, "hex_area_km2": 2338.3 }, "geometry": { "type": "Polygon", "coordinates": [ [ [ 110.60723772572976, 0.53543796317846 ], [ 110.451775208561571, 0.739103948342439 ], [ 110.140850174225193, 0.739103948342439 ], [ 109.985387657056989, 0.53543796317846 ], [ 110.140850174225193, 0.331778562396121 ], [ 110.451775208561571, 0.331778562396121 ], [ 110.60723772572976, 0.53543796317846 ] ] ] } },
{ "type": "Feature", "properties": { "hex_id": "hex_01449", "road_length_km": 33.783, "hex_area_km2": 2338.3 }, "geometry": { "type": "Polygon", "coordinates": [ [ [ 110.60723772572976, 0.942779023365856 ], [ 110.451775208561571, 1.146465694757876 ], [ 110.140850174225193, 1.146465694757876 ], [ 109.985387657056989, 0.942779023365856 ], [ 110.140850174225193, 0.739103948342439 ], [ 110.451775208561571, 0.739103948342439 ], [ 110.60723772572976, 0.942779023365856 ] ] ] } },
{ "type": "Feature", "properties": { "hex_id": "hex_01470", "road_length_km": 27.51, "hex_area_km2": 2338.3 }, "geometry": { "type": "Polygon", "coordinates": [ [ [ 111.073625277234356, -8.249391960643479 ], [ 110.918162760066153, -8.043717489460143 ], [ 110.60723772572976, -8.043717489460143 ], [ 110.451775208561571, -8.249391960643479 ], [ 110.60723772572976, -8.45517071927965 ], [ 110.918162760066153, -8.45517071927965 ], [ 111.073625277234356, -8.249391960643479 ] ] ] } },
{ "type": "Feature", "properties": { "hex_id": "hex_01471", "road_length_km": 92.738, "hex_area_km2": 2338.3 }, "geometry": { "type": "Polygon", "coordinates": [ [ [ 111.073625277234356, -7.838144566226981 ], [ 110.918162760066153, -7.632670463572579 ], [ 110.60723772572976, -7.632670463572577 ], [ 110.451775208561571, -7.838144566226981 ], [ 110.60723772572976, -8.043717489460143 ], [ 110.918162760066153, -8.043717489460143 ], [ 111.073625277234356, -7.838144566226981 ] ] ] } },
{ "type": "Feature", "properties": { "hex_id": "hex_01472", "road_length_km": 116.658, "hex_area_km2": 2338.3 }, "geometry": { "type": "Polygon", "coordinates": [ [ [ 111.073625277234356, -7.427292465900016 ], [ 110.918162760066153, -7.222007869034138 ], [ 110.60723772572976, -7.222007869034138 ], [ 110.451775208561571, -7.427292465900016 ], [ 110.60723772572976, -7.632670463572577 ], [ 110.918162760066153, -7.632670463572579 ], [ 111.073625277234356, -7.427292465900016 ] ] ] } },
{ "type": "Feature", "properties": { "hex_id": "hex_01473", "road_length_km": 61.627, "hex_area_km2": 2338.3 }, "geometry": { "type": "Polygon", "coordinates": [ [ [ 111.073625277234356, -7.016813979872654 ], [ 110.918162760066153, -6.811708116040909 ], [ 110.60723772572976, -6.811708116040909 ], [ 110.451775208561571, -7.016813979872654 ], [ 110.60723772572976, -7.222007869034138 ], [ 110.918162760066153, -7.222007869034138 ], [ 111.073625277234356, -7.016813979872654 ] ] ] } },
{ "type": "Feature", "properties": { "hex_id": "hex_01474", "road_length_km": 35.871, "hex_area_km2": 2338.3 }, "geometry": { "type": "Polygon", "coordinates": [ [ [ 111.073625277234356, -6.606687605550284 ], [ 110.918162760066153, -6.401749786460011 ], [ 110.60723772572976, -6.401749786460011 ], [ 110.451775208561571, -6.606687605550284 ], [ 110.60723772572976, -6.811708116040909 ], [ 110.918162760066153, -6.811708116040909 ], [ 111.073625277234356, -6.606687605550284 ] ] ] } },
{ "type": "Feature", "properties": { "hex_id": "hex_01486", "road_length_km": 71.568, "hex_area_km2": 2338.3 }, "geometry": { "type": "Polygon", "coordinates": [ [ [ 111.073625277234356, -1.705004341168034 ], [ 110.918162760066153, -1.501273006600811 ], [ 110.60723772572976, -1.501273006600811 ], [ 110.451775208561571, -1.705004341168034 ], [ 110.60723772572976, -1.90875666483512 ], [ 110.918162760066153, -1.90875666483512 ], [ 111.073625277234356, -1.705004341168034 ] ] ] } },
{ "type": "Feature", "properties": { "hex_id": "hex_01487", "road_length_km": 38.544, "hex_area_km2": 2338.3 }, "geometry": { "type": "Polygon", "coordinates": [ [ [ 111.073625277234356, -1.297560148235311 ], [ 110.918162760066153, -1.093863255272653 ], [ 110.60723772572976, -1.093863255272653 ], [ 110.451775208561571, -1.297560148235311 ], [ 110.60723772572976, -1.501273006600811 ], [ 110.918162760066153, -1.501273006600811 ], [ 111.073625277234356, -1.297560148235311 ] ] ] } },
{ "type": "Feature", "properties": { "hex_id": "hex_01488", "road_length_km": 14.388, "hex_area_km2": 2338.3 }, "geometry": { "type": "Polygon", "coordinates": [ [ [ 111.073625277234356, -0.890179818727109 ], [ 110.918162760066153, -0.686507331140562 ], [ 110.60723772572976, -0.686507331140562 ], [ 110.451775208561571, -0.890179818727109 ], [ 110.60723772572976, -1.093863255272653 ], [ 110.918162760066153, -1.093863255272653 ], [ 111.073625277234356, -0.890179818727109 ] ] ] } },
{ "type": "Feature", "properties": { "hex_id": "hex_01490", "road_length_km": 60.936, "hex_area_km2": 2338.3 }, "geometry": { "type": "Polygon", "coordinates": [ [ [ 111.073625277234356, -0.075530504484361 ], [ 110.918162760066153, 0.12812324126456 ], [ 110.60723772572976, 0.12812324126456 ], [ 110.451775208561571, -0.075530504484361 ], [ 110.60723772572976, -0.279185178940101 ], [ 110.918162760066153, -0.279185178940101 ], [ 111.073625277234356, -0.075530504484361 ] ] ] } },
{ "type": "Feature", "properties": { "hex_id": "hex_01512", "road_length_km": 20.752, "hex_area_km2": 2338.3 }, "geometry": { "type": "Polygon", "coordinates": [ [ [ 111.540012828738924, -8.455170719279652 ], [ 111.384550311570734, -8.249391960643482 ], [ 111.073625277234356, -8.249391960643482 ], [ 110.918162760066153, -8.455170719279652 ], [ 111.073625277234356, -8.661056517363349 ], [ 111.384550311570734, -8.661056517363349 ], [ 111.540012828738924, -8.455170719279652 ] ] ] } },
{ "type": "Feature", "properties": { "hex_id": "hex_01513", "road_length_km": 108.824, "hex_area_km2": 2338.3 }, "geometry": { "type": "Polygon", "coordinates": [ [ [ 111.540012828738924, -8.043717489460144 ], [ 111.384550311570734, -7.838144566226983 ], [ 111.073625277234356, -7.838144566226982 ], [ 110.918162760066153, -8.043717489460144 ], [ 111.073625277234356, -8.249391960643482 ], [ 111.384550311570734, -8.249391960643482 ], [ 111.540012828738924, -8.043717489460144 ] ] ] } },
{ "type": "Feature", "properties": { "hex_id": "hex_01514", "road_length_km": 30.716, "hex_area_km2": 2338.3 }, "geometry": { "type": "Polygon", "coordinates": [ [ [ 111.540012828738924, -7.63267046357258 ], [ 111.384550311570734, -7.427292465900016 ], [ 111.073625277234356, -7.427292465900016 ], [ 110.918162760066153, -7.63267046357258 ], [ 111.073625277234356, -7.838144566226982 ], [ 111.384550311570734, -7.838144566226983 ], [ 111.540012828738924, -7.63267046357258 ] ] ] } },
{ "type": "Feature", "properties": { "hex_id": "hex_01515", "road_length_km": 42.146, "hex_area_km2": 2338.3 }, "geometry": { "type": "Polygon", "coordinates": [ [ [ 111.540012828738924, -7.222007869034141 ], [ 111.384550311570734, -7.016813979872656 ], [ 111.073625277234356, -7.016813979872656 ], [ 110.918162760066153, -7.222007869034141 ], [ 111.073625277234356, -7.427292465900016 ], [ 111.384550311570734, -7.427292465900016 ], [ 111.540012828738924, -7.222007869034141 ] ] ] } },
{ "type": "Feature", "properties": { "hex_id": "hex_01516", "road_length_km": 100.098, "hex_area_km2": 2338.3 }, "geometry": { "type": "Polygon", "coordinates": [ [ [ 111.540012828738924, -6.811708116040911 ], [ 111.384550311570734, -6.606687605550285 ], [ 111.073625277234356, -6.606687605550285 ], [ 110.918162760066153, -6.811708116040911 ], [ 111.073625277234356, -7.016813979872656 ], [ 111.384550311570734, -7.016813979872656 ], [ 111.540012828738924, -6.811708116040911 ] ] ] } },
{ "type": "Feature", "properties": { "hex_id": "hex_01527", "road_length_km": 32.806, "hex_area_km2": 2338.3 }, "geometry": { "type": "Polygon", "coordinates": [ [ [ 111.540012828738924, -2.316334343279074 ], [ 111.384550311570734, -2.112532492886234 ], [ 111.073625277234356, -2.112532492886234 ], [ 110.918162760066153, -2.316334343279074 ], [ 111.073625277234356, -2.520164736933245 ], [ 111.384550311570734, -2.520164736933245 ], [ 111.540012828738924, -2.316334343279074 ] ] ] } },
{ "type": "Feature", "properties": { "hex_id": "hex_01528", "road_length_km": 57.324, "hex_area_km2": 2338.3 }, "geometry": { "type": "Polygon", "coordinates": [ [ [ 111.540012828738924, -1.908756664835123 ], [ 111.384550311570734, -1.705004341168037 ], [ 111.073625277234356, -1.705004341168037 ], [ 110.918162760066153, -1.908756664835123 ], [ 111.073625277234356, -2.112532492886234 ], [ 111.384550311570734, -2.112532492886234 ], [ 111.540012828738924, -1.908756664835123 ] ] ] } },
{ "type": "Feature", "properties": { "hex_id": "hex_01529", "road_length_km": 27.596, "hex_area_km2": 2338.3 }, "geometry": { "type": "Polygon", "coordinates": [ [ [ 111.540012828738924, -1.501273006600813 ], [ 111.384550311570734, -1.297560148235313 ], [ 111.073625277234356, -1.297560148235313 ], [ 110.918162760066153, -1.501273006600813 ], [ 111.073625277234356, -1.705004341168037 ], [ 111.384550311570734, -1.705004341168037 ], [ 111.540012828738924, -1.501273006600813 ] ] ] } },
{ "type": "Feature", "properties": { "hex_id": "hex_01533", "road_length_km": 58.642, "hex_area_km2": 2338.3 }, "geometry": { "type": "Polygon", "coordinates": [ [ [ 111.540012828738924, 0.128123241264558 ], [ 111.384550311570734, 0.331778562396121 ], [ 111.073625277234356, 0.331778562396121 ], [ 110.918162760066153, 0.128123241264558 ], [ 111.073625277234356, -0.075530504484363 ], [ 111.384550311570734, -0.075530504484363 ], [ 111.540012828738924, 0.128123241264558 ] ] ] } },
{ "type": "Feature", "properties": { "hex_id": "hex_01556", "road_length_km": 123.254, "hex_area_km2": 2338.3 }, "geometry": { "type": "Polygon", "coordinates": [ [ [ 112.006400380243491, -8.249391960643479 ], [ 111.850937863075316, -8.043717489460143 ], [ 111.540012828738924, -8.043717489460143 ], [ 111.384550311570734, -8.249391960643479 ], [ 111.540012828738924, -8.45517071927965 ], [ 111.850937863075316, -8.45517071927965 ], [ 112.006400380243491, -8.249391960643479 ] ] ] } },
{ "type": "Feature", "properties": { "hex_id": "hex_01557", "road_length_km": 74.665, "hex_area_km2": 2338.3 }, "geometry": { "type": "Polygon", "coordinates": [ [ [ 112.006400380243491, -7.838144566226981 ], [ 111.850937863075316, -7.632670463572579 ], [ 111.540012828738924, -7.632670463572577 ], [ 111.384550311570734, -7.838144566226981 ], [ 111.540012828738924, -8.043717489460143 ], [ 111.850937863075316, -8.043717489460143 ], [ 112.006400380243491, -7.838144566226981 ] ] ] } },
{ "type": "Feature", "properties": { "hex_id": "hex_01558", "road_length_km": 133.298, "hex_area_km2": 2338.3 }, "geometry": { "type": "Polygon", "coordinates": [ [ [ 112.006400380243491, -7.427292465900016 ], [ 111.850937863075316, -7.222007869034138 ], [ 111.540012828738924, -7.222007869034138 ], [ 111.384550311570734, -7.427292465900016 ], [ 111.540012828738924, -7.632670463572577 ], [ 111.850937863075316, -7.632670463572579 ], [ 112.006400380243491, -7.427292465900016 ] ] ] } },
{ "type": "Feature", "properties": { "hex_id": "hex_01559", "road_length_km": 79.715, "hex_area_km2": 2338.3 }, "geometry": { "type": "Polygon", "coordinates": [ [ [ 112.006400380243491, -7.016813979872654 ], [ 111.850937863075316, -6.811708116040909 ], [ 111.540012828738924, -6.811708116040909 ], [ 111.384550311570734, -7.016813979872654 ], [ 111.540012828738924, -7.222007869034138 ], [ 111.850937863075316, -7.222007869034138 ], [ 112.006400380243491, -7.016813979872654 ] ] ] } },
{ "type": "Feature", "properties": { "hex_id": "hex_01560", "road_length_km": 55.76, "hex_area_km2": 2338.3 }, "geometry": { "type": "Polygon", "coordinates": [ [ [ 112.006400380243491, -6.606687605550284 ], [ 111.850937863075316, -6.401749786460011 ], [ 111.540012828738924, -6.401749786460011 ], [ 111.384550311570734, -6.606687605550284 ], [ 111.540012828738924, -6.811708116040909 ], [ 111.850937863075316, -6.811708116040909 ], [ 112.006400380243491, -6.606687605550284 ] ] ] } },
{ "type": "Feature", "properties": { "hex_id": "hex_01569", "road_length_km": 10.457, "hex_area_km2": 2338.3 }, "geometry": { "type": "Polygon", "coordinates": [ [ [ 112.006400380243491, -2.927921254250271 ], [ 111.850937863075316, -2.724026198019542 ], [ 111.540012828738924, -2.724026198019542 ], [ 111.384550311570734, -2.927921254250271 ], [ 111.540012828738924, -3.13185243717068 ], [ 111.850937863075316, -3.13185243717068 ], [ 112.006400380243491, -2.927921254250271 ] ] ] } },
{ "type": "Feature", "properties": { "hex_id": "hex_01570", "road_length_km": 109.866, "hex_area_km2": 2338.3 }, "geometry": { "type": "Polygon", "coordinates": [ [ [ 112.006400380243491, -2.520164736933243 ], [ 111.850937863075316, -2.316334343279071 ], [ 111.540012828738924, -2.316334343279071 ], [ 111.384550311570734, -2.520164736933243 ], [ 111.540012828738924, -2.724026198019542 ], [ 111.850937863075316, -2.724026198019542 ], [ 112.006400380243491, -2.520164736933243 ] ] ] } },
{ "type": "Feature", "properties": { "hex_id": "hex_01571", "road_length_km": 42.694, "hex_area_km2": 2338.3 }, "geometry": { "type": "Polygon", "coordinates": [ [ [ 112.006400380243491, -2.112532492886232 ], [ 111.850937863075316, -1.90875666483512 ], [ 111.540012828738924, -1.90875666483512 ], [ 111.384550311570734, -2.112532492886232 ], [ 111.540012828738924, -2.316334343279071 ], [ 111.850937863075316, -2.316334343279071 ], [ 112.006400380243491, -2.112532492886232 ] ] ] } },
{ "type": "Feature", "properties": { "hex_id": "hex_01575", "road_length_km": 21.889, "hex_area_km2": 2338.3 }, "geometry": { "type": "Polygon", "coordinates": [ [ [ 112.006400380243491, -0.48284328629745 ], [ 111.850937863075316, -0.279185178940101 ], [ 111.540012828738924, -0.279185178940101 ], [ 111.384550311570734, -0.48284328629745 ], [ 111.540012828738924, -0.686507331140562 ], [ 111.850937863075316, -0.686507331140562 ], [ 112.006400380243491, -0.48284328629745 ] ] ] } },
{ "type": "Feature", "properties": { "hex_id": "hex_01576", "road_length_km": 88.148, "hex_area_km2": 2338.3 }, "geometry": { "type": "Polygon", "coordinates": [ [ [ 112.006400380243491, -0.075530504484361 ], [ 111.850937863075316, 0.12812324126456 ], [ 111.540012828738924, 0.12812324126456 ], [ 111.384550311570734, -0.075530504484361 ], [ 111.540012828738924, -0.279185178940101 ], [ 111.850937863075316, -0.279185178940101 ], [ 112.006400380243491, -0.075530504484361 ] ] ] } },
{ "type": "Feature", "properties": { "hex_id": "hex_01577", "road_length_km": 60.515, "hex_area_km2": 2338.3 }, "geometry": { "type": "Polygon", "coordinates": [ [ [ 112.006400380243491, 0.331778562396123 ], [ 111.850937863075316, 0.535437963178462 ], [ 111.540012828738924, 0.535437963178462 ], [ 111.384550311570734, 0.331778562396123 ], [ 111.540012828738924, 0.12812324126456 ], [ 111.850937863075316, 0.12812324126456 ], [ 112.006400380243491, 0.331778562396123 ] ] ] } },
{ "type": "Feature", "properties": { "hex_id": "hex_01579", "road_length_km": 9.745, "hex_area_km2": 2338.3 }, "geometry": { "type": "Polygon", "coordinates": [ [ [ 112.006400380243491, 1.146465694757878 ], [ 111.850937863075316, 1.350166470343798 ], [ 111.540012828738924, 1.350166470343798 ], [ 111.384550311570734, 1.146465694757878 ], [ 111.540012828738924, 0.942779023365858 ], [ 111.850937863075316, 0.942779023365858 ], [ 112.006400380243491, 1.146465694757878 ] ] ] } },
{ "type": "Feature", "properties": { "hex_id": "hex_01599", "road_length_km": 106.629, "hex_area_km2": 2338.3 }, "geometry": { "type": "Polygon", "coordinates": [ [ [ 112.472787931748073, -8.043717489460144 ], [ 112.317325414579869, -7.838144566226983 ], [ 112.006400380243491, -7.838144566226982 ], [ 111.850937863075316, -8.043717489460144 ], [ 112.006400380243491, -8.249391960643482 ], [ 112.317325414579869, -8.249391960643482 ], [ 112.472787931748073, -8.043717489460144 ] ] ] } },
{ "type": "Feature", "properties": { "hex_id": "hex_01600", "road_length_km": 115.686, "hex_area_km2": 2338.3 }, "geometry": { "type": "Polygon", "coordinates": [ [ [ 112.472787931748073, -7.63267046357258 ], [ 112.317325414579869, -7.427292465900016 ], [ 112.006400380243491, -7.427292465900016 ], [ 111.850937863075316, -7.63267046357258 ], [ 112.006400380243491, -7.838144566226982 ], [ 112.317325414579869, -7.838144566226983 ], [ 112.472787931748073, -7.63267046357258 ] ] ] } },
{ "type": "Feature", "properties": { "hex_id": "hex_01601", "road_length_km": 69.858, "hex_area_km2": 2338.3 }, "geometry": { "type": "Polygon", "coordinates": [ [ [ 112.472787931748073, -7.222007869034141 ], [ 112.317325414579869, -7.016813979872656 ], [ 112.006400380243491, -7.016813979872656 ], [ 111.850937863075316, -7.222007869034141 ], [ 112.006400380243491, -7.427292465900016 ], [ 112.317325414579869, -7.427292465900016 ], [ 112.472787931748073, -7.222007869034141 ] ] ] } },
{ "type": "Feature", "properties": { "hex_id": "hex_01602", "road_length_km": 92.509, "hex_area_km2": 2338.3 }, "geometry": { "type": "Polygon", "coordinates": [ [ [ 112.472787931748073, -6.811708116040911 ], [ 112.317325414579869, -6.606687605550285 ], [ 112.006400380243491, -6.606687605550285 ], [ 111.850937863075316, -6.811708116040911 ], [ 112.006400380243491, -7.016813979872656 ], [ 112.317325414579869, -7.016813979872656 ], [ 112.472787931748073, -6.811708116040911 ] ] ] } },
{ "type": "Feature", "properties": { "hex_id": "hex_01613", "road_length_km": 70.129, "hex_area_km2": 2338.3 }, "geometry": { "type": "Polygon", "coordinates": [ [ [ 112.472787931748073, -2.316334343279074 ], [ 112.317325414579869, -2.112532492886234 ], [ 112.006400380243491, -2.112532492886234 ], [ 111.850937863075316, -2.316334343279074 ], [ 112.006400380243491, -2.520164736933245 ], [ 112.317325414579869, -2.520164736933245 ], [ 112.472787931748073, -2.316334343279074 ] ] ] } },
{ "type": "Feature", "properties": { "hex_id": "hex_01619", "road_length_km": 1.826, "hex_area_km2": 2338.3 }, "geometry": { "type": "Polygon", "coordinates": [ [ [ 112.472787931748073, 0.128123241264558 ], [ 112.317325414579869, 0.331778562396121 ], [ 112.006400380243491, 0.331778562396121 ], [ 111.850937863075316, 0.128123241264558 ], [ 112.006400380243491, -0.075530504484363 ], [ 112.317325414579869, -0.075530504484363 ], [ 112.472787931748073, 0.128123241264558 ] ] ] } },
{ "type": "Feature", "properties": { "hex_id": "hex_01620", "road_length_km": 64.699, "hex_area_km2": 2338.3 }, "geometry": { "type": "Polygon", "coordinates": [ [ [ 112.472787931748073, 0.53543796317846 ], [ 112.317325414579869, 0.739103948342439 ], [ 112.006400380243491, 0.739103948342439 ], [ 111.850937863075316, 0.53543796317846 ], [ 112.006400380243491, 0.331778562396121 ], [ 112.317325414579869, 0.331778562396121 ], [ 112.472787931748073, 0.53543796317846 ] ] ] } },
{ "type": "Feature", "properties": { "hex_id": "hex_01621", "road_length_km": 58.448, "hex_area_km2": 2338.3 }, "geometry": { "type": "Polygon", "coordinates": [ [ [ 112.472787931748073, 0.942779023365856 ], [ 112.317325414579869, 1.146465694757876 ], [ 112.006400380243491, 1.146465694757876 ], [ 111.850937863075316, 0.942779023365856 ], [ 112.006400380243491, 0.739103948342439 ], [ 112.317325414579869, 0.739103948342439 ], [ 112.472787931748073, 0.942779023365856 ] ] ] } },
{ "type": "Feature", "properties": { "hex_id": "hex_01642", "road_length_km": 130.042, "hex_area_km2": 2338.3 }, "geometry": { "type": "Polygon", "coordinates": [ [ [ 112.93917548325264, -8.249391960643479 ], [ 112.783712966084465, -8.043717489460143 ], [ 112.472787931748073, -8.043717489460143 ], [ 112.317325414579869, -8.249391960643479 ], [ 112.472787931748073, -8.45517071927965 ], [ 112.783712966084465, -8.45517071927965 ], [ 112.93917548325264, -8.249391960643479 ] ] ] } },
{ "type": "Feature", "properties": { "hex_id": "hex_01643", "road_length_km": 55.778, "hex_area_km2": 2338.3 }, "geometry": { "type": "Polygon", "coordinates": [ [ [ 112.93917548325264, -7.838144566226981 ], [ 112.783712966084465, -7.632670463572579 ], [ 112.472787931748073, -7.632670463572577 ], [ 112.317325414579869, -7.838144566226981 ], [ 112.472787931748073, -8.043717489460143 ], [ 112.783712966084465, -8.043717489460143 ], [ 112.93917548325264, -7.838144566226981 ] ] ] } },
{ "type": "Feature", "properties": { "hex_id": "hex_01644", "road_length_km": 216.298, "hex_area_km2": 2338.3 }, "geometry": { "type": "Polygon", "coordinates": [ [ [ 112.93917548325264, -7.427292465900016 ], [ 112.783712966084465, -7.222007869034138 ], [ 112.472787931748073, -7.222007869034138 ], [ 112.317325414579869, -7.427292465900016 ], [ 112.472787931748073, -7.632670463572577 ], [ 112.783712966084465, -7.632670463572579 ], [ 112.93917548325264, -7.427292465900016 ] ] ] } },
{ "type": "Feature", "properties": { "hex_id": "hex_01645", "road_length_km": 148.445, "hex_area_km2": 2338.3 }, "geometry": { "type": "Polygon", "coordinates": [ [ [ 112.93917548325264, -7.016813979872654 ], [ 112.783712966084465, -6.811708116040909 ], [ 112.472787931748073, -6.811708116040909 ], [ 112.317325414579869, -7.016813979872654 ], [ 112.472787931748073, -7.222007869034138 ], [ 112.783712966084465, -7.222007869034138 ], [ 112.93917548325264, -7.016813979872654 ] ] ] } },
{ "type": "Feature", "properties": { "hex_id": "hex_01656", "road_length_km": 95.236, "hex_area_km2": 2338.3 }, "geometry": { "type": "Polygon", "coordinates": [ [ [ 112.93917548325264, -2.520164736933243 ], [ 112.783712966084465, -2.316334343279071 ], [ 112.472787931748073, -2.316334343279071 ], [ 112.317325414579869, -2.520164736933243 ], [ 112.472787931748073, -2.724026198019542 ], [ 112.783712966084465, -2.724026198019542 ], [ 112.93917548325264, -2.520164736933243 ] ] ] } },
{ "type": "Feature", "properties": { "hex_id": "hex_01657", "road_length_km": 0.539, "hex_area_km2": 2338.3 }, "geometry": { "type": "Polygon", "coordinates": [ [ [ 112.93917548325264, -2.112532492886232 ], [ 112.783712966084465, -1.90875666483512 ], [ 112.472787931748073, -1.90875666483512 ], [ 112.317325414579869, -2.112532492886232 ], [ 112.472787931748073, -2.316334343279071 ], [ 112.783712966084465, -2.316334343279071 ], [ 112.93917548325264, -2.112532492886232 ] ] ] } },
{ "type": "Feature", "properties": { "hex_id": "hex_01659", "road_length_km": 42.214, "hex_area_km2": 2338.3 }, "geometry": { "type": "Polygon", "coordinates": [ [ [ 112.93917548325264, -1.297560148235311 ], [ 112.783712966084465, -1.093863255272653 ], [ 112.472787931748073, -1.093863255272653 ], [ 112.317325414579869, -1.297560148235311 ], [ 112.472787931748073, -1.501273006600811 ], [ 112.783712966084465, -1.501273006600811 ], [ 112.93917548325264, -1.297560148235311 ] ] ] } },
{ "type": "Feature", "properties": { "hex_id": "hex_01663", "road_length_km": 46.023, "hex_area_km2": 2338.3 }, "geometry": { "type": "Polygon", "coordinates": [ [ [ 112.93917548325264, 0.331778562396123 ], [ 112.783712966084465, 0.535437963178462 ], [ 112.472787931748073, 0.535437963178462 ], [ 112.317325414579869, 0.331778562396123 ], [ 112.472787931748073, 0.12812324126456 ], [ 112.783712966084465, 0.12812324126456 ], [ 112.93917548325264, 0.331778562396123 ] ] ] } },
{ "type": "Feature", "properties": { "hex_id": "hex_01664", "road_length_km": 6.647, "hex_area_km2": 2338.3 }, "geometry": { "type": "Polygon", "coordinates": [ [ [ 112.93917548325264, 0.739103948342442 ], [ 112.783712966084465, 0.942779023365858 ], [ 112.472787931748073, 0.942779023365858 ], [ 112.317325414579869, 0.739103948342442 ], [ 112.472787931748073, 0.535437963178462 ], [ 112.783712966084465, 0.535437963178462 ], [ 112.93917548325264, 0.739103948342442 ] ] ] } },
{ "type": "Feature", "properties": { "hex_id": "hex_01665", "road_length_km": 73.237, "hex_area_km2": 2338.3 }, "geometry": { "type": "Polygon", "coordinates": [ [ [ 112.93917548325264, 1.146465694757878 ], [ 112.783712966084465, 1.350166470343798 ], [ 112.472787931748073, 1.350166470343798 ], [ 112.317325414579869, 1.146465694757878 ], [ 112.472787931748073, 0.942779023365858 ], [ 112.783712966084465, 0.942779023365858 ], [ 112.93917548325264, 1.146465694757878 ] ] ] } },
{ "type": "Feature", "properties": { "hex_id": "hex_01685", "road_length_km": 115.823, "hex_area_km2": 2338.3 }, "geometry": { "type": "Polygon", "coordinates": [ [ [ 113.405563034757222, -8.043717489460144 ], [ 113.250100517589033, -7.838144566226983 ], [ 112.93917548325264, -7.838144566226982 ], [ 112.783712966084465, -8.043717489460144 ], [ 112.93917548325264, -8.249391960643482 ], [ 113.250100517589033, -8.249391960643482 ], [ 113.405563034757222, -8.043717489460144 ] ] ] } },
{ "type": "Feature", "properties": { "hex_id": "hex_01686", "road_length_km": 99.668, "hex_area_km2": 2338.3 }, "geometry": { "type": "Polygon", "coordinates": [ [ [ 113.405563034757222, -7.63267046357258 ], [ 113.250100517589033, -7.427292465900016 ], [ 112.93917548325264, -7.427292465900016 ], [ 112.783712966084465, -7.63267046357258 ], [ 112.93917548325264, -7.838144566226982 ], [ 113.250100517589033, -7.838144566226983 ], [ 113.405563034757222, -7.63267046357258 ] ] ] } },
{ "type": "Feature", "properties": { "hex_id": "hex_01687", "road_length_km": 63.645, "hex_area_km2": 2338.3 }, "geometry": { "type": "Polygon", "coordinates": [ [ [ 113.405563034757222, -7.222007869034141 ], [ 113.250100517589033, -7.016813979872656 ], [ 112.93917548325264, -7.016813979872656 ], [ 112.783712966084465, -7.222007869034141 ], [ 112.93917548325264, -7.427292465900016 ], [ 113.250100517589033, -7.427292465900016 ], [ 113.405563034757222, -7.222007869034141 ] ] ] } },
{ "type": "Feature", "properties": { "hex_id": "hex_01688", "road_length_km": 55.532, "hex_area_km2": 2338.3 }, "geometry": { "type": "Polygon", "coordinates": [ [ [ 113.405563034757222, -6.811708116040911 ], [ 113.250100517589033, -6.606687605550285 ], [ 112.93917548325264, -6.606687605550285 ], [ 112.783712966084465, -6.811708116040911 ], [ 112.93917548325264, -7.016813979872656 ], [ 113.250100517589033, -7.016813979872656 ], [ 113.405563034757222, -6.811708116040911 ] ] ] } },
{ "type": "Feature", "properties": { "hex_id": "hex_01698", "road_length_km": 4.346, "hex_area_km2": 2338.3 }, "geometry": { "type": "Polygon", "coordinates": [ [ [ 113.405563034757222, -2.724026198019544 ], [ 113.250100517589033, -2.520164736933245 ], [ 112.93917548325264, -2.520164736933245 ], [ 112.783712966084465, -2.724026198019544 ], [ 112.93917548325264, -2.927921254250273 ], [ 113.250100517589033, -2.927921254250273 ], [ 113.405563034757222, -2.724026198019544 ] ] ] } },
{ "type": "Feature", "properties": { "hex_id": "hex_01699", "road_length_km": 61.027, "hex_area_km2": 2338.3 }, "geometry": { "type": "Polygon", "coordinates": [ [ [ 113.405563034757222, -2.316334343279074 ], [ 113.250100517589033, -2.112532492886234 ], [ 112.93917548325264, -2.112532492886234 ], [ 112.783712966084465, -2.316334343279074 ], [ 112.93917548325264, -2.520164736933245 ], [ 113.250100517589033, -2.520164736933245 ], [ 113.405563034757222, -2.316334343279074 ] ] ] } },
{ "type": "Feature", "properties": { "hex_id": "hex_01700", "road_length_km": 77.883, "hex_area_km2": 2338.3 }, "geometry": { "type": "Polygon", "coordinates": [ [ [ 113.405563034757222, -1.908756664835123 ], [ 113.250100517589033, -1.705004341168037 ], [ 112.93917548325264, -1.705004341168037 ], [ 112.783712966084465, -1.908756664835123 ], [ 112.93917548325264, -2.112532492886234 ], [ 113.250100517589033, -2.112532492886234 ], [ 113.405563034757222, -1.908756664835123 ] ] ] } },
{ "type": "Feature", "properties": { "hex_id": "hex_01701", "road_length_km": 51.13, "hex_area_km2": 2338.3 }, "geometry": { "type": "Polygon", "coordinates": [ [ [ 113.405563034757222, -1.501273006600813 ], [ 113.250100517589033, -1.297560148235313 ], [ 112.93917548325264, -1.297560148235313 ], [ 112.783712966084465, -1.501273006600813 ], [ 112.93917548325264, -1.705004341168037 ], [ 113.250100517589033, -1.705004341168037 ], [ 113.405563034757222, -1.501273006600813 ] ] ] } },
{ "type": "Feature", "properties": { "hex_id": "hex_01702", "road_length_km": 22.313, "hex_area_km2": 2338.3 }, "geometry": { "type": "Polygon", "coordinates": [ [ [ 113.405563034757222, -1.093863255272656 ], [ 113.250100517589033, -0.890179818727112 ], [ 112.93917548325264, -0.890179818727112 ], [ 112.783712966084465, -1.093863255272656 ], [ 112.93917548325264, -1.297560148235313 ], [ 113.250100517589033, -1.297560148235313 ], [ 113.405563034757222, -1.093863255272656 ] ] ] } },
{ "type": "Feature", "properties": { "hex_id": "hex_01706", "road_length_km": 27.449, "hex_area_km2": 2338.3 }, "geometry": { "type": "Polygon", "coordinates": [ [ [ 113.405563034757222, 0.53543796317846 ], [ 113.250100517589033, 0.739103948342439 ], [ 112.93917548325264, 0.739103948342439 ], [ 112.783712966084465, 0.53543796317846 ], [ 112.93917548325264, 0.331778562396121 ], [ 113.250100517589033, 0.331778562396121 ], [ 113.405563034757222, 0.53543796317846 ] ] ] } },
{ "type": "Feature", "properties": { "hex_id": "hex_01707", "road_length_km": 82.924, "hex_area_km2": 2338.3 }, "geometry": { "type": "Polygon", "coordinates": [ [ [ 113.405563034757222, 0.942779023365856 ], [ 113.250100517589033, 1.146465694757876 ], [ 112.93917548325264, 1.146465694757876 ], [ 112.783712966084465, 0.942779023365856 ], [ 112.93917548325264, 0.739103948342439 ], [ 113.250100517589033, 0.739103948342439 ], [ 113.405563034757222, 0.942779023365856 ] ] ] } },
{ "type": "Feature", "properties": { "hex_id": "hex_01728", "road_length_km": 59.804, "hex_area_km2": 2338.3 }, "geometry": { "type": "Polygon", "coordinates": [ [ [ 113.871950586261804, -8.249391960643479 ], [ 113.7164880690936, -8.043717489460143 ], [ 113.405563034757222, -8.043717489460143 ], [ 113.250100517589033, -8.249391960643479 ], [ 113.405563034757222, -8.45517071927965 ], [ 113.7164880690936, -8.45517071927965 ], [ 113.871950586261804, -8.249391960643479 ] ] ] } },
{ "type": "Feature", "properties": { "hex_id": "hex_01729", "road_length_km": 60.105, "hex_area_km2": 2338.3 }, "geometry": { "type": "Polygon", "coordinates": [ [ [ 113.871950586261804, -7.838144566226981 ], [ 113.7164880690936, -7.632670463572579 ], [ 113.405563034757222, -7.632670463572577 ], [ 113.250100517589033, -7.838144566226981 ], [ 113.405563034757222, -8.043717489460143 ], [ 113.7164880690936, -8.043717489460143 ], [ 113.871950586261804, -7.838144566226981 ] ] ] } },
{ "type": "Feature", "properties": { "hex_id": "hex_01731", "road_length_km": 108.885, "hex_area_km2": 2338.3 }, "geometry": { "type": "Polygon", "coordinates": [ [ [ 113.871950586261804, -7.016813979872654 ], [ 113.7164880690936, -6.811708116040909 ], [ 113.405563034757222, -6.811708116040909 ], [ 113.250100517589033, -7.016813979872654 ], [ 113.405563034757222, -7.222007869034138 ], [ 113.7164880690936, -7.222007869034138 ], [ 113.871950586261804, -7.016813979872654 ] ] ] } },
{ "type": "Feature", "properties": { "hex_id": "hex_01743", "road_length_km": 51.85, "hex_area_km2": 2338.3 }, "geometry": { "type": "Polygon", "coordinates": [ [ [ 113.871950586261804, -2.112532492886232 ], [ 113.7164880690936, -1.90875666483512 ], [ 113.405563034757222, -1.90875666483512 ], [ 113.250100517589033, -2.112532492886232 ], [ 113.405563034757222, -2.316334343279071 ], [ 113.7164880690936, -2.316334343279071 ], [ 113.871950586261804, -2.112532492886232 ] ] ] } },
{ "type": "Feature", "properties": { "hex_id": "hex_01744", "road_length_km": 90.604, "hex_area_km2": 2338.3 }, "geometry": { "type": "Polygon", "coordinates": [ [ [ 113.871950586261804, -1.705004341168034 ], [ 113.7164880690936, -1.501273006600811 ], [ 113.405563034757222, -1.501273006600811 ], [ 113.250100517589033, -1.705004341168034 ], [ 113.405563034757222, -1.90875666483512 ], [ 113.7164880690936, -1.90875666483512 ], [ 113.871950586261804, -1.705004341168034 ] ] ] } },
{ "type": "Feature", "properties": { "hex_id": "hex_01745", "road_length_km": 111.302, "hex_area_km2": 2338.3 }, "geometry": { "type": "Polygon", "coordinates": [ [ [ 113.871950586261804, -1.297560148235311 ], [ 113.7164880690936, -1.093863255272653 ], [ 113.405563034757222, -1.093863255272653 ], [ 113.250100517589033, -1.297560148235311 ], [ 113.405563034757222, -1.501273006600811 ], [ 113.7164880690936, -1.501273006600811 ], [ 113.871950586261804, -1.297560148235311 ] ] ] } },
{ "type": "Feature", "properties": { "hex_id": "hex_01746", "road_length_km": 23.844, "hex_area_km2": 2338.3 }, "geometry": { "type": "Polygon", "coordinates": [ [ [ 113.871950586261804, -0.890179818727109 ], [ 113.7164880690936, -0.686507331140562 ], [ 113.405563034757222, -0.686507331140562 ], [ 113.250100517589033, -0.890179818727109 ], [ 113.405563034757222, -1.093863255272653 ], [ 113.7164880690936, -1.093863255272653 ], [ 113.871950586261804, -0.890179818727109 ] ] ] } },
{ "type": "Feature", "properties": { "hex_id": "hex_01770", "road_length_km": 68.164, "hex_area_km2": 2338.3 }, "geometry": { "type": "Polygon", "coordinates": [ [ [ 114.338338137766385, -8.455170719279652 ], [ 114.182875620598196, -8.249391960643482 ], [ 113.871950586261804, -8.249391960643482 ], [ 113.7164880690936, -8.455170719279652 ], [ 113.871950586261804, -8.661056517363349 ], [ 114.182875620598196, -8.661056517363349 ], [ 114.338338137766385, -8.455170719279652 ] ] ] } },
{ "type": "Feature", "properties": { "hex_id": "hex_01771", "road_length_km": 18.079, "hex_area_km2": 2338.3 }, "geometry": { "type": "Polygon", "coordinates": [ [ [ 114.338338137766385, -8.043717489460144 ], [ 114.182875620598196, -7.838144566226983 ], [ 113.871950586261804, -7.838144566226982 ], [ 113.7164880690936, -8.043717489460144 ], [ 113.871950586261804, -8.249391960643482 ], [ 114.182875620598196, -8.249391960643482 ], [ 114.338338137766385, -8.043717489460144 ] ] ] } },
{ "type": "Feature", "properties": { "hex_id": "hex_01772", "road_length_km": 56.247, "hex_area_km2": 2338.3 }, "geometry": { "type": "Polygon", "coordinates": [ [ [ 114.338338137766385, -7.63267046357258 ], [ 114.182875620598196, -7.427292465900016 ], [ 113.871950586261804, -7.427292465900016 ], [ 113.7164880690936, -7.63267046357258 ], [ 113.871950586261804, -7.838144566226982 ], [ 114.182875620598196, -7.838144566226983 ], [ 114.338338137766385, -7.63267046357258 ] ] ] } },
{ "type": "Feature", "properties": { "hex_id": "hex_01773", "road_length_km": 18.646, "hex_area_km2": 2338.3 }, "geometry": { "type": "Polygon", "coordinates": [ [ [ 114.338338137766385, -7.222007869034141 ], [ 114.182875620598196, -7.016813979872656 ], [ 113.871950586261804, -7.016813979872656 ], [ 113.7164880690936, -7.222007869034141 ], [ 113.871950586261804, -7.427292465900016 ], [ 114.182875620598196, -7.427292465900016 ], [ 114.338338137766385, -7.222007869034141 ] ] ] } },
{ "type": "Feature", "properties": { "hex_id": "hex_01774", "road_length_km": 23.446, "hex_area_km2": 2338.3 }, "geometry": { "type": "Polygon", "coordinates": [ [ [ 114.338338137766385, -6.811708116040911 ], [ 114.182875620598196, -6.606687605550285 ], [ 113.871950586261804, -6.606687605550285 ], [ 113.7164880690936, -6.811708116040911 ], [ 113.871950586261804, -7.016813979872656 ], [ 114.182875620598196, -7.016813979872656 ], [ 114.338338137766385, -6.811708116040911 ] ] ] } },
{ "type": "Feature", "properties": { "hex_id": "hex_01784", "road_length_km": 53.365, "hex_area_km2": 2338.3 }, "geometry": { "type": "Polygon", "coordinates": [ [ [ 114.338338137766385, -2.724026198019544 ], [ 114.182875620598196, -2.520164736933245 ], [ 113.871950586261804, -2.520164736933245 ], [ 113.7164880690936, -2.724026198019544 ], [ 113.871950586261804, -2.927921254250273 ], [ 114.182875620598196, -2.927921254250273 ], [ 114.338338137766385, -2.724026198019544 ] ] ] } },
{ "type": "Feature", "properties": { "hex_id": "hex_01785", "road_length_km": 85.164, "hex_area_km2": 2338.3 }, "geometry": { "type": "Polygon", "coordinates": [ [ [ 114.338338137766385, -2.316334343279074 ], [ 114.182875620598196, -2.112532492886234 ], [ 113.871950586261804, -2.112532492886234 ], [ 113.7164880690936, -2.316334343279074 ], [ 113.871950586261804, -2.520164736933245 ], [ 114.182875620598196, -2.520164736933245 ], [ 114.338338137766385, -2.316334343279074 ] ] ] } },
{ "type": "Feature", "properties": { "hex_id": "hex_01786", "road_length_km": 75.788, "hex_area_km2": 2338.3 }, "geometry": { "type": "Polygon", "coordinates": [ [ [ 114.338338137766385, -1.908756664835123 ], [ 114.182875620598196, -1.705004341168037 ], [ 113.871950586261804, -1.705004341168037 ], [ 113.7164880690936, -1.908756664835123 ], [ 113.871950586261804, -2.112532492886234 ], [ 114.182875620598196, -2.112532492886234 ], [ 114.338338137766385, -1.908756664835123 ] ] ] } },
{ "type": "Feature", "properties": { "hex_id": "hex_01788", "road_length_km": 70.568, "hex_area_km2": 2338.3 }, "geometry": { "type": "Polygon", "coordinates": [ [ [ 114.338338137766385, -1.093863255272656 ], [ 114.182875620598196, -0.890179818727112 ], [ 113.871950586261804, -0.890179818727112 ], [ 113.7164880690936, -1.093863255272656 ], [ 113.871950586261804, -1.297560148235313 ], [ 114.182875620598196, -1.297560148235313 ], [ 114.338338137766385, -1.093863255272656 ] ] ] } },
{ "type": "Feature", "properties": { "hex_id": "hex_01789", "road_length_km": 24.352, "hex_area_km2": 2338.3 }, "geometry": { "type": "Polygon", "coordinates": [ [ [ 114.338338137766385, -0.686507331140564 ], [ 114.182875620598196, -0.482843286297452 ], [ 113.871950586261804, -0.482843286297452 ], [ 113.7164880690936, -0.686507331140564 ], [ 113.871950586261804, -0.890179818727112 ], [ 114.182875620598196, -0.890179818727112 ], [ 114.338338137766385, -0.686507331140564 ] ] ] } },
{ "type": "Feature", "properties": { "hex_id": "hex_01814", "road_length_km": 129.532, "hex_area_km2": 2338.3 }, "geometry": { "type": "Polygon", "coordinates": [ [ [ 114.804725689270967, -8.249391960643479 ], [ 114.649263172102764, -8.043717489460143 ], [ 114.338338137766385, -8.043717489460143 ], [ 114.182875620598196, -8.249391960643479 ], [ 114.338338137766385, -8.45517071927965 ], [ 114.649263172102764, -8.45517071927965 ], [ 114.804725689270967, -8.249391960643479 ] ] ] } },
{ "type": "Feature", "properties": { "hex_id": "hex_01815", "road_length_km": 44.265, "hex_area_km2": 2338.3 }, "geometry": { "type": "Polygon", "coordinates": [ [ [ 114.804725689270967, -7.838144566226981 ], [ 114.649263172102764, -7.632670463572579 ], [ 114.338338137766385, -7.632670463572577 ], [ 114.182875620598196, -7.838144566226981 ], [ 114.338338137766385, -8.043717489460143 ], [ 114.649263172102764, -8.043717489460143 ], [ 114.804725689270967, -7.838144566226981 ] ] ] } },
{ "type": "Feature", "properties": { "hex_id": "hex_01825", "road_length_km": 24.485, "hex_area_km2": 2338.3 }, "geometry": { "type": "Polygon", "coordinates": [ [ [ 114.804725689270967, -3.743888125171486 ], [ 114.649263172102764, -3.539833330183447 ], [ 114.338338137766385, -3.539833330183447 ], [ 114.182875620598196, -3.743888125171486 ], [ 114.338338137766385, -3.947989217232773 ], [ 114.649263172102764, -3.947989217232773 ], [ 114.804725689270967, -3.743888125171486 ] ] ] } },
{ "type": "Feature", "properties": { "hex_id": "hex_01826", "road_length_km": 121.861, "hex_area_km2": 2338.3 }, "geometry": { "type": "Polygon", "coordinates": [ [ [ 114.804725689270967, -3.335822282451609 ], [ 114.649263172102764, -3.13185243717068 ], [ 114.338338137766385, -3.13185243717068 ], [ 114.182875620598196, -3.335822282451609 ], [ 114.338338137766385, -3.539833330183447 ], [ 114.649263172102764, -3.539833330183447 ], [ 114.804725689270967, -3.335822282451609 ] ] ] } },
{ "type": "Feature", "properties": { "hex_id": "hex_01827", "road_length_km": 53.679, "hex_area_km2": 2338.3 }, "geometry": { "type": "Polygon", "coordinates": [ [ [ 114.804725689270967, -2.927921254250271 ], [ 114.649263172102764, -2.724026198019542 ], [ 114.338338137766385, -2.724026198019542 ], [ 114.182875620598196, -2.927921254250271 ], [ 114.338338137766385, -3.13185243717068 ], [ 114.649263172102764, -3.13185243717068 ], [ 114.804725689270967, -2.927921254250271 ] ] ] } },
{ "type": "Feature", "properties": { "hex_id": "hex_01828", "road_length_km": 3.596, "hex_area_km2": 2338.3 }, "geometry": { "type": "Polygon", "coordinates": [ [ [ 114.804725689270967, -2.520164736933243 ], [ 114.649263172102764, -2.316334343279071 ], [ 114.338338137766385, -2.316334343279071 ], [ 114.182875620598196, -2.520164736933243 ], [ 114.338338137766385, -2.724026198019542 ], [ 114.649263172102764, -2.724026198019542 ], [ 114.804725689270967, -2.520164736933243 ] ] ] } },
{ "type": "Feature", "properties": { "hex_id": "hex_01830", "road_length_km": 73.28, "hex_area_km2": 2338.3 }, "geometry": { "type": "Polygon", "coordinates": [ [ [ 114.804725689270967, -1.705004341168034 ], [ 114.649263172102764, -1.501273006600811 ], [ 114.338338137766385, -1.501273006600811 ], [ 114.182875620598196, -1.705004341168034 ], [ 114.338338137766385, -1.90875666483512 ], [ 114.649263172102764, -1.90875666483512 ], [ 114.804725689270967, -1.705004341168034 ] ] ] } },
{ "type": "Feature", "properties": { "hex_id": "hex_01832", "road_length_km": 119.024, "hex_area_km2": 2338.3 }, "geometry": { "type": "Polygon", "coordinates": [ [ [ 114.804725689270967, -0.890179818727109 ], [ 114.649263172102764, -0.686507331140562 ], [ 114.338338137766385, -0.686507331140562 ], [ 114.182875620598196, -0.890179818727109 ], [ 114.338338137766385, -1.093863255272653 ], [ 114.649263172102764, -1.093863255272653 ], [ 114.804725689270967, -0.890179818727109 ] ] ] } },
{ "type": "Feature", "properties": { "hex_id": "hex_01833", "road_length_km": 9.551, "hex_area_km2": 2338.3 }, "geometry": { "type": "Polygon", "coordinates": [ [ [ 114.804725689270967, -0.48284328629745 ], [ 114.649263172102764, -0.279185178940101 ], [ 114.338338137766385, -0.279185178940101 ], [ 114.182875620598196, -0.48284328629745 ], [ 114.338338137766385, -0.686507331140562 ], [ 114.649263172102764, -0.686507331140562 ], [ 114.804725689270967, -0.48284328629745 ] ] ] } },
{ "type": "Feature", "properties": { "hex_id": "hex_01855", "road_length_km": 22.279, "hex_area_km2": 2338.3 }, "geometry": { "type": "Polygon", "coordinates": [ [ [ 115.27111324077552, -8.867052119746388 ], [ 115.115650723607317, -8.661056517363349 ], [ 114.804725689270967, -8.661056517363349 ], [ 114.649263172102764, -8.867052119746388 ], [ 114.804725689270967, -9.073160304507155 ], [ 115.115650723607317, -9.073160304507155 ], [ 115.27111324077552, -8.867052119746388 ] ] ] } },
{ "type": "Feature", "properties": { "hex_id": "hex_01856", "road_length_km": 98.675, "hex_area_km2": 2338.3 }, "geometry": { "type": "Polygon", "coordinates": [ [ [ 115.27111324077552, -8.455170719279652 ], [ 115.115650723607317, -8.249391960643482 ], [ 114.804725689270967, -8.249391960643482 ], [ 114.649263172102764, -8.455170719279652 ], [ 114.804725689270967, -8.661056517363349 ], [ 115.115650723607317, -8.661056517363349 ], [ 115.27111324077552, -8.455170719279652 ] ] ] } },
{ "type": "Feature", "properties": { "hex_id": "hex_01857", "road_length_km": 80.43, "hex_area_km2": 2338.3 }, "geometry": { "type": "Polygon", "coordinates": [ [ [ 115.27111324077552, -8.043717489460144 ], [ 115.115650723607317, -7.838144566226983 ], [ 114.804725689270967, -7.838144566226982 ], [ 114.649263172102764, -8.043717489460144 ], [ 114.804725689270967, -8.249391960643482 ], [ 115.115650723607317, -8.249391960643482 ], [ 115.27111324077552, -8.043717489460144 ] ] ] } },
{ "type": "Feature", "properties": { "hex_id": "hex_01867", "road_length_km": 79.074, "hex_area_km2": 2338.3 }, "geometry": { "type": "Polygon", "coordinates": [ [ [ 115.27111324077552, -3.947989217232776 ], [ 115.115650723607317, -3.743888125171488 ], [ 114.804725689270967, -3.743888125171488 ], [ 114.649263172102764, -3.947989217232776 ], [ 114.804725689270967, -4.152139161494565 ], [ 115.115650723607317, -4.152139161494565 ], [ 115.27111324077552, -3.947989217232776 ] ] ] } },
{ "type": "Feature", "properties": { "hex_id": "hex_01868", "road_length_km": 51.829, "hex_area_km2": 2338.3 }, "geometry": { "type": "Polygon", "coordinates": [ [ [ 115.27111324077552, -3.539833330183449 ], [ 115.115650723607317, -3.335822282451612 ], [ 114.804725689270967, -3.335822282451612 ], [ 114.649263172102764, -3.539833330183449 ], [ 114.804725689270967, -3.743888125171488 ], [ 115.115650723607317, -3.743888125171488 ], [ 115.27111324077552, -3.539833330183449 ] ] ] } },
{ "type": "Feature", "properties": { "hex_id": "hex_01869", "road_length_km": 99.297, "hex_area_km2": 2338.3 }, "geometry": { "type": "Polygon", "coordinates": [ [ [ 115.27111324077552, -3.131852437170682 ], [ 115.115650723607317, -2.927921254250273 ], [ 114.804725689270967, -2.927921254250273 ], [ 114.649263172102764, -3.131852437170682 ], [ 114.804725689270967, -3.335822282451612 ], [ 115.115650723607317, -3.335822282451612 ], [ 115.27111324077552, -3.131852437170682 ] ] ] } },
{ "type": "Feature", "properties": { "hex_id": "hex_01870", "road_length_km": 38.962, "hex_area_km2": 2338.3 }, "geometry": { "type": "Polygon", "coordinates": [ [ [ 115.27111324077552, -2.724026198019544 ], [ 115.115650723607317, -2.520164736933245 ], [ 114.804725689270967, -2.520164736933245 ], [ 114.649263172102764, -2.724026198019544 ], [ 114.804725689270967, -2.927921254250273 ], [ 115.115650723607317, -2.927921254250273 ], [ 115.27111324077552, -2.724026198019544 ] ] ] } },
{ "type": "Feature", "properties": { "hex_id": "hex_01872", "road_length_km": 89.461, "hex_area_km2": 2338.3 }, "geometry": { "type": "Polygon", "coordinates": [ [ [ 115.27111324077552, -1.908756664835123 ], [ 115.115650723607317, -1.705004341168037 ], [ 114.804725689270967, -1.705004341168037 ], [ 114.649263172102764, -1.908756664835123 ], [ 114.804725689270967, -2.112532492886234 ], [ 115.115650723607317, -2.112532492886234 ], [ 115.27111324077552, -1.908756664835123 ] ] ] } },
{ "type": "Feature", "properties": { "hex_id": "hex_01873", "road_length_km": 86.67, "hex_area_km2": 2338.3 }, "geometry": { "type": "Polygon", "coordinates": [ [ [ 115.27111324077552, -1.501273006600813 ], [ 115.115650723607317, -1.297560148235313 ], [ 114.804725689270967, -1.297560148235313 ], [ 114.649263172102764, -1.501273006600813 ], [ 114.804725689270967, -1.705004341168037 ], [ 115.115650723607317, -1.705004341168037 ], [ 115.27111324077552, -1.501273006600813 ] ] ] } },
{ "type": "Feature", "properties": { "hex_id": "hex_01874", "road_length_km": 113.314, "hex_area_km2": 2338.3 }, "geometry": { "type": "Polygon", "coordinates": [ [ [ 115.27111324077552, -1.093863255272656 ], [ 115.115650723607317, -0.890179818727112 ], [ 114.804725689270967, -0.890179818727112 ], [ 114.649263172102764, -1.093863255272656 ], [ 114.804725689270967, -1.297560148235313 ], [ 115.115650723607317, -1.297560148235313 ], [ 115.27111324077552, -1.093863255272656 ] ] ] } },
{ "type": "Feature", "properties": { "hex_id": "hex_01875", "road_length_km": 25.785, "hex_area_km2": 2338.3 }, "geometry": { "type": "Polygon", "coordinates": [ [ [ 115.27111324077552, -0.686507331140564 ], [ 115.115650723607317, -0.482843286297452 ], [ 114.804725689270967, -0.482843286297452 ], [ 114.649263172102764, -0.686507331140564 ], [ 114.804725689270967, -0.890179818727112 ], [ 115.115650723607317, -0.890179818727112 ], [ 115.27111324077552, -0.686507331140564 ] ] ] } },
{ "type": "Feature", "properties": { "hex_id": "hex_01899", "road_length_km": 192.353, "hex_area_km2": 2338.3 }, "geometry": { "type": "Polygon", "coordinates": [ [ [ 115.737500792280102, -8.661056517363347 ], [ 115.582038275111927, -8.45517071927965 ], [ 115.27111324077552, -8.45517071927965 ], [ 115.115650723607317, -8.661056517363347 ], [ 115.27111324077552, -8.867052119746386 ], [ 115.582038275111927, -8.867052119746386 ], [ 115.737500792280102, -8.661056517363347 ] ] ] } },
{ "type": "Feature", "properties": { "hex_id": "hex_01900", "road_length_km": 139.734, "hex_area_km2": 2338.3 }, "geometry": { "type": "Polygon", "coordinates": [ [ [ 115.737500792280102, -8.249391960643479 ], [ 115.582038275111927, -8.043717489460143 ], [ 115.27111324077552, -8.043717489460143 ], [ 115.115650723607317, -8.249391960643479 ], [ 115.27111324077552, -8.45517071927965 ], [ 115.582038275111927, -8.45517071927965 ], [ 115.737500792280102, -8.249391960643479 ] ] ] } },
{ "type": "Feature", "properties": { "hex_id": "hex_01911", "road_length_km": 71.684, "hex_area_km2": 2338.3 }, "geometry": { "type": "Polygon", "coordinates": [ [ [ 115.737500792280102, -3.743888125171486 ], [ 115.582038275111927, -3.539833330183447 ], [ 115.27111324077552, -3.539833330183447 ], [ 115.115650723607317, -3.743888125171486 ], [ 115.27111324077552, -3.947989217232773 ], [ 115.582038275111927, -3.947989217232773 ], [ 115.737500792280102, -3.743888125171486 ] ] ] } },
{ "type": "Feature", "properties": { "hex_id": "hex_01913", "road_length_km": 136.908, "hex_area_km2": 2338.3 }, "geometry": { "type": "Polygon", "coordinates": [ [ [ 115.737500792280102, -2.927921254250271 ], [ 115.582038275111927, -2.724026198019542 ], [ 115.27111324077552, -2.724026198019542 ], [ 115.115650723607317, -2.927921254250271 ], [ 115.27111324077552, -3.13185243717068 ], [ 115.582038275111927, -3.13185243717068 ], [ 115.737500792280102, -2.927921254250271 ] ] ] } },
{ "type": "Feature", "properties": { "hex_id": "hex_01914", "road_length_km": 110.097, "hex_area_km2": 2338.3 }, "geometry": { "type": "Polygon", "coordinates": [ [ [ 115.737500792280102, -2.520164736933243 ], [ 115.582038275111927, -2.316334343279071 ], [ 115.27111324077552, -2.316334343279071 ], [ 115.115650723607317, -2.520164736933243 ], [ 115.27111324077552, -2.724026198019542 ], [ 115.582038275111927, -2.724026198019542 ], [ 115.737500792280102, -2.520164736933243 ] ] ] } },
{ "type": "Feature", "properties": { "hex_id": "hex_01915", "road_length_km": 117.711, "hex_area_km2": 2338.3 }, "geometry": { "type": "Polygon", "coordinates": [ [ [ 115.737500792280102, -2.112532492886232 ], [ 115.582038275111927, -1.90875666483512 ], [ 115.27111324077552, -1.90875666483512 ], [ 115.115650723607317, -2.112532492886232 ], [ 115.27111324077552, -2.316334343279071 ], [ 115.582038275111927, -2.316334343279071 ], [ 115.737500792280102, -2.112532492886232 ] ] ] } },
{ "type": "Feature", "properties": { "hex_id": "hex_01916", "road_length_km": 37.964, "hex_area_km2": 2338.3 }, "geometry": { "type": "Polygon", "coordinates": [ [ [ 115.737500792280102, -1.705004341168034 ], [ 115.582038275111927, -1.501273006600811 ], [ 115.27111324077552, -1.501273006600811 ], [ 115.115650723607317, -1.705004341168034 ], [ 115.27111324077552, -1.90875666483512 ], [ 115.582038275111927, -1.90875666483512 ], [ 115.737500792280102, -1.705004341168034 ] ] ] } },
{ "type": "Feature", "properties": { "hex_id": "hex_01917", "road_length_km": 9.177, "hex_area_km2": 2338.3 }, "geometry": { "type": "Polygon", "coordinates": [ [ [ 115.737500792280102, -1.297560148235311 ], [ 115.582038275111927, -1.093863255272653 ], [ 115.27111324077552, -1.093863255272653 ], [ 115.115650723607317, -1.297560148235311 ], [ 115.27111324077552, -1.501273006600811 ], [ 115.582038275111927, -1.501273006600811 ], [ 115.737500792280102, -1.297560148235311 ] ] ] } },
{ "type": "Feature", "properties": { "hex_id": "hex_01918", "road_length_km": 83.19, "hex_area_km2": 2338.3 }, "geometry": { "type": "Polygon", "coordinates": [ [ [ 115.737500792280102, -0.890179818727109 ], [ 115.582038275111927, -0.686507331140562 ], [ 115.27111324077552, -0.686507331140562 ], [ 115.115650723607317, -0.890179818727109 ], [ 115.27111324077552, -1.093863255272653 ], [ 115.582038275111927, -1.093863255272653 ], [ 115.737500792280102, -0.890179818727109 ] ] ] } },
{ "type": "Feature", "properties": { "hex_id": "hex_01941", "road_length_km": 2.965, "hex_area_km2": 2338.3 }, "geometry": { "type": "Polygon", "coordinates": [ [ [ 116.203888343784683, -8.867052119746388 ], [ 116.04842582661648, -8.661056517363349 ], [ 115.737500792280102, -8.661056517363349 ], [ 115.582038275111927, -8.867052119746388 ], [ 115.737500792280102, -9.073160304507155 ], [ 116.04842582661648, -9.073160304507155 ], [ 116.203888343784683, -8.867052119746388 ] ] ] } },
{ "type": "Feature", "properties": { "hex_id": "hex_01942", "road_length_km": 58.352, "hex_area_km2": 2338.3 }, "geometry": { "type": "Polygon", "coordinates": [ [ [ 116.203888343784683, -8.455170719279652 ], [ 116.04842582661648, -8.249391960643482 ], [ 115.737500792280102, -8.249391960643482 ], [ 115.582038275111927, -8.455170719279652 ], [ 115.737500792280102, -8.661056517363349 ], [ 116.04842582661648, -8.661056517363349 ], [ 116.203888343784683, -8.455170719279652 ] ] ] } },
{ "type": "Feature", "properties": { "hex_id": "hex_01954", "road_length_km": 93.41, "hex_area_km2": 2338.3 }, "geometry": { "type": "Polygon", "coordinates": [ [ [ 116.203888343784683, -3.539833330183449 ], [ 116.04842582661648, -3.335822282451612 ], [ 115.737500792280102, -3.335822282451612 ], [ 115.582038275111927, -3.539833330183449 ], [ 115.737500792280102, -3.743888125171488 ], [ 116.04842582661648, -3.743888125171488 ], [ 116.203888343784683, -3.539833330183449 ] ] ] } },
{ "type": "Feature", "properties": { "hex_id": "hex_01955", "road_length_km": 115.554, "hex_area_km2": 2338.3 }, "geometry": { "type": "Polygon", "coordinates": [ [ [ 116.203888343784683, -3.131852437170682 ], [ 116.04842582661648, -2.927921254250273 ], [ 115.737500792280102, -2.927921254250273 ], [ 115.582038275111927, -3.131852437170682 ], [ 115.737500792280102, -3.335822282451612 ], [ 116.04842582661648, -3.335822282451612 ], [ 116.203888343784683, -3.131852437170682 ] ] ] } },
{ "type": "Feature", "properties": { "hex_id": "hex_01956", "road_length_km": 75.152, "hex_area_km2": 2338.3 }, "geometry": { "type": "Polygon", "coordinates": [ [ [ 116.203888343784683, -2.724026198019544 ], [ 116.04842582661648, -2.520164736933245 ], [ 115.737500792280102, -2.520164736933245 ], [ 115.582038275111927, -2.724026198019544 ], [ 115.737500792280102, -2.927921254250273 ], [ 116.04842582661648, -2.927921254250273 ], [ 116.203888343784683, -2.724026198019544 ] ] ] } },
{ "type": "Feature", "properties": { "hex_id": "hex_01957", "road_length_km": 49.516, "hex_area_km2": 2338.3 }, "geometry": { "type": "Polygon", "coordinates": [ [ [ 116.203888343784683, -2.316334343279074 ], [ 116.04842582661648, -2.112532492886234 ], [ 115.737500792280102, -2.112532492886234 ], [ 115.582038275111927, -2.316334343279074 ], [ 115.737500792280102, -2.520164736933245 ], [ 116.04842582661648, -2.520164736933245 ], [ 116.203888343784683, -2.316334343279074 ] ] ] } },
{ "type": "Feature", "properties": { "hex_id": "hex_01958", "road_length_km": 93.414, "hex_area_km2": 2338.3 }, "geometry": { "type": "Polygon", "coordinates": [ [ [ 116.203888343784683, -1.908756664835123 ], [ 116.04842582661648, -1.705004341168037 ], [ 115.737500792280102, -1.705004341168037 ], [ 115.582038275111927, -1.908756664835123 ], [ 115.737500792280102, -2.112532492886234 ], [ 116.04842582661648, -2.112532492886234 ], [ 116.203888343784683, -1.908756664835123 ] ] ] } },
{ "type": "Feature", "properties": { "hex_id": "hex_01959", "road_length_km": 15.504, "hex_area_km2": 2338.3 }, "geometry": { "type": "Polygon", "coordinates": [ [ [ 116.203888343784683, -1.501273006600813 ], [ 116.04842582661648, -1.297560148235313 ], [ 115.737500792280102, -1.297560148235313 ], [ 115.582038275111927, -1.501273006600813 ], [ 115.737500792280102, -1.705004341168037 ], [ 116.04842582661648, -1.705004341168037 ], [ 116.203888343784683, -1.501273006600813 ] ] ] } },
{ "type": "Feature", "properties": { "hex_id": "hex_01960", "road_length_km": 54.975, "hex_area_km2": 2338.3 }, "geometry": { "type": "Polygon", "coordinates": [ [ [ 116.203888343784683, -1.093863255272656 ], [ 116.04842582661648, -0.890179818727112 ], [ 115.737500792280102, -0.890179818727112 ], [ 115.582038275111927, -1.093863255272656 ], [ 115.737500792280102, -1.297560148235313 ], [ 116.04842582661648, -1.297560148235313 ], [ 116.203888343784683, -1.093863255272656 ] ] ] } },
{ "type": "Feature", "properties": { "hex_id": "hex_01961", "road_length_km": 138.065, "hex_area_km2": 2338.3 }, "geometry": { "type": "Polygon", "coordinates": [ [ [ 116.203888343784683, -0.686507331140564 ], [ 116.04842582661648, -0.482843286297452 ], [ 115.737500792280102, -0.482843286297452 ], [ 115.582038275111927, -0.686507331140564 ], [ 115.737500792280102, -0.890179818727112 ], [ 116.04842582661648, -0.890179818727112 ], [ 116.203888343784683, -0.686507331140564 ] ] ] } },
{ "type": "Feature", "properties": { "hex_id": "hex_01962", "road_length_km": 57.02, "hex_area_km2": 2338.3 }, "geometry": { "type": "Polygon", "coordinates": [ [ [ 116.203888343784683, -0.279185178940103 ], [ 116.04842582661648, -0.075530504484363 ], [ 115.737500792280102, -0.075530504484363 ], [ 115.582038275111927, -0.279185178940103 ], [ 115.737500792280102, -0.482843286297452 ], [ 116.04842582661648, -0.482843286297452 ], [ 116.203888343784683, -0.279185178940103 ] ] ] } },
{ "type": "Feature", "properties": { "hex_id": "hex_01984", "road_length_km": 2.951, "hex_area_km2": 2338.3 }, "geometry": { "type": "Polygon", "coordinates": [ [ [ 116.670275895289265, -9.073160304507152 ], [ 116.51481337812109, -8.867052119746386 ], [ 116.203888343784683, -8.867052119746386 ], [ 116.04842582661648, -9.073160304507152 ], [ 116.203888343784683, -9.279383863324584 ], [ 116.51481337812109, -9.279383863324584 ], [ 116.670275895289265, -9.073160304507152 ] ] ] } },
{ "type": "Feature", "properties": { "hex_id": "hex_01985", "road_length_km": 148.777, "hex_area_km2": 2338.3 }, "geometry": { "type": "Polygon", "coordinates": [ [ [ 116.670275895289265, -8.661056517363347 ], [ 116.51481337812109, -8.45517071927965 ], [ 116.203888343784683, -8.45517071927965 ], [ 116.04842582661648, -8.661056517363347 ], [ 116.203888343784683, -8.867052119746386 ], [ 116.51481337812109, -8.867052119746386 ], [ 116.670275895289265, -8.661056517363347 ] ] ] } },
{ "type": "Feature", "properties": { "hex_id": "hex_01986", "road_length_km": 85.623, "hex_area_km2": 2338.3 }, "geometry": { "type": "Polygon", "coordinates": [ [ [ 116.670275895289265, -8.249391960643479 ], [ 116.51481337812109, -8.043717489460143 ], [ 116.203888343784683, -8.043717489460143 ], [ 116.04842582661648, -8.249391960643479 ], [ 116.203888343784683, -8.45517071927965 ], [ 116.51481337812109, -8.45517071927965 ], [ 116.670275895289265, -8.249391960643479 ] ] ] } },
{ "type": "Feature", "properties": { "hex_id": "hex_01998", "road_length_km": 26.895, "hex_area_km2": 2338.3 }, "geometry": { "type": "Polygon", "coordinates": [ [ [ 116.670275895289265, -3.335822282451609 ], [ 116.51481337812109, -3.13185243717068 ], [ 116.203888343784683, -3.13185243717068 ], [ 116.04842582661648, -3.335822282451609 ], [ 116.203888343784683, -3.539833330183447 ], [ 116.51481337812109, -3.539833330183447 ], [ 116.670275895289265, -3.335822282451609 ] ] ] } },
{ "type": "Feature", "properties": { "hex_id": "hex_02001", "road_length_km": 45.589, "hex_area_km2": 2338.3 }, "geometry": { "type": "Polygon", "coordinates": [ [ [ 116.670275895289265, -2.112532492886232 ], [ 116.51481337812109, -1.90875666483512 ], [ 116.203888343784683, -1.90875666483512 ], [ 116.04842582661648, -2.112532492886232 ], [ 116.203888343784683, -2.316334343279071 ], [ 116.51481337812109, -2.316334343279071 ], [ 116.670275895289265, -2.112532492886232 ] ] ] } },
{ "type": "Feature", "properties": { "hex_id": "hex_02002", "road_length_km": 56.497, "hex_area_km2": 2338.3 }, "geometry": { "type": "Polygon", "coordinates": [ [ [ 116.670275895289265, -1.705004341168034 ], [ 116.51481337812109, -1.501273006600811 ], [ 116.203888343784683, -1.501273006600811 ], [ 116.04842582661648, -1.705004341168034 ], [ 116.203888343784683, -1.90875666483512 ], [ 116.51481337812109, -1.90875666483512 ], [ 116.670275895289265, -1.705004341168034 ] ] ] } },
{ "type": "Feature", "properties": { "hex_id": "hex_02003", "road_length_km": 23.249, "hex_area_km2": 2338.3 }, "geometry": { "type": "Polygon", "coordinates": [ [ [ 116.670275895289265, -1.297560148235311 ], [ 116.51481337812109, -1.093863255272653 ], [ 116.203888343784683, -1.093863255272653 ], [ 116.04842582661648, -1.297560148235311 ], [ 116.203888343784683, -1.501273006600811 ], [ 116.51481337812109, -1.501273006600811 ], [ 116.670275895289265, -1.297560148235311 ] ] ] } },
{ "type": "Feature", "properties": { "hex_id": "hex_02004", "road_length_km": 30.537, "hex_area_km2": 2338.3 }, "geometry": { "type": "Polygon", "coordinates": [ [ [ 116.670275895289265, -0.890179818727109 ], [ 116.51481337812109, -0.686507331140562 ], [ 116.203888343784683, -0.686507331140562 ], [ 116.04842582661648, -0.890179818727109 ], [ 116.203888343784683, -1.093863255272653 ], [ 116.51481337812109, -1.093863255272653 ], [ 116.670275895289265, -0.890179818727109 ] ] ] } },
{ "type": "Feature", "properties": { "hex_id": "hex_02005", "road_length_km": 59.013, "hex_area_km2": 2338.3 }, "geometry": { "type": "Polygon", "coordinates": [ [ [ 116.670275895289265, -0.48284328629745 ], [ 116.51481337812109, -0.279185178940101 ], [ 116.203888343784683, -0.279185178940101 ], [ 116.04842582661648, -0.48284328629745 ], [ 116.203888343784683, -0.686507331140562 ], [ 116.51481337812109, -0.686507331140562 ], [ 116.670275895289265, -0.48284328629745 ] ] ] } },
{ "type": "Feature", "properties": { "hex_id": "hex_02015", "road_length_km": 14.136, "hex_area_km2": 2338.3 }, "geometry": { "type": "Polygon", "coordinates": [ [ [ 116.670275895289265, 3.592525293539507 ], [ 116.51481337812109, 3.796591800120676 ], [ 116.203888343784683, 3.796591800120676 ], [ 116.04842582661648, 3.592525293539507 ], [ 116.203888343784683, 3.388503192201634 ], [ 116.51481337812109, 3.388503192201634 ], [ 116.670275895289265, 3.592525293539507 ] ] ] } },
{ "type": "Feature", "properties": { "hex_id": "hex_02027", "road_length_km": 40.787, "hex_area_km2": 2338.3 }, "geometry": { "type": "Polygon", "coordinates": [ [ [ 117.136663446793847, -8.867052119746388 ], [ 116.981200929625643, -8.661056517363349 ], [ 116.670275895289265, -8.661056517363349 ], [ 116.51481337812109, -8.867052119746388 ], [ 116.670275895289265, -9.073160304507155 ], [ 116.981200929625643, -9.073160304507155 ], [ 117.136663446793847, -8.867052119746388 ] ] ] } },
{ "type": "Feature", "properties": { "hex_id": "hex_02028", "road_length_km": 78.367, "hex_area_km2": 2338.3 }, "geometry": { "type": "Polygon", "coordinates": [ [ [ 117.136663446793847, -8.455170719279652 ], [ 116.981200929625643, -8.249391960643482 ], [ 116.670275895289265, -8.249391960643482 ], [ 116.51481337812109, -8.455170719279652 ], [ 116.670275895289265, -8.661056517363349 ], [ 116.981200929625643, -8.661056517363349 ], [ 117.136663446793847, -8.455170719279652 ] ] ] } },
{ "type": "Feature", "properties": { "hex_id": "hex_02045", "road_length_km": 25.386, "hex_area_km2": 2338.3 }, "geometry": { "type": "Polygon", "coordinates": [ [ [ 117.136663446793847, -1.501273006600813 ], [ 116.981200929625643, -1.297560148235313 ], [ 116.670275895289265, -1.297560148235313 ], [ 116.51481337812109, -1.501273006600813 ], [ 116.670275895289265, -1.705004341168037 ], [ 116.981200929625643, -1.705004341168037 ], [ 117.136663446793847, -1.501273006600813 ] ] ] } },
{ "type": "Feature", "properties": { "hex_id": "hex_02046", "road_length_km": 75.144, "hex_area_km2": 2338.3 }, "geometry": { "type": "Polygon", "coordinates": [ [ [ 117.136663446793847, -1.093863255272656 ], [ 116.981200929625643, -0.890179818727112 ], [ 116.670275895289265, -0.890179818727112 ], [ 116.51481337812109, -1.093863255272656 ], [ 116.670275895289265, -1.297560148235313 ], [ 116.981200929625643, -1.297560148235313 ], [ 117.136663446793847, -1.093863255272656 ] ] ] } },
{ "type": "Feature", "properties": { "hex_id": "hex_02047", "road_length_km": 44.887, "hex_area_km2": 2338.3 }, "geometry": { "type": "Polygon", "coordinates": [ [ [ 117.136663446793847, -0.686507331140564 ], [ 116.981200929625643, -0.482843286297452 ], [ 116.670275895289265, -0.482843286297452 ], [ 116.51481337812109, -0.686507331140564 ], [ 116.670275895289265, -0.890179818727112 ], [ 116.981200929625643, -0.890179818727112 ], [ 117.136663446793847, -0.686507331140564 ] ] ] } },
{ "type": "Feature", "properties": { "hex_id": "hex_02048", "road_length_km": 86.91, "hex_area_km2": 2338.3 }, "geometry": { "type": "Polygon", "coordinates": [ [ [ 117.136663446793847, -0.279185178940103 ], [ 116.981200929625643, -0.075530504484363 ], [ 116.670275895289265, -0.075530504484363 ], [ 116.51481337812109, -0.279185178940103 ], [ 116.670275895289265, -0.482843286297452 ], [ 116.981200929625643, -0.482843286297452 ], [ 117.136663446793847, -0.279185178940103 ] ] ] } },
{ "type": "Feature", "properties": { "hex_id": "hex_02051", "road_length_km": 60.443, "hex_area_km2": 2338.3 }, "geometry": { "type": "Polygon", "coordinates": [ [ [ 117.136663446793847, 0.942779023365856 ], [ 116.981200929625643, 1.146465694757876 ], [ 116.670275895289265, 1.146465694757876 ], [ 116.51481337812109, 0.942779023365856 ], [ 116.670275895289265, 0.739103948342439 ], [ 116.981200929625643, 0.739103948342439 ], [ 117.136663446793847, 0.942779023365856 ] ] ] } },
{ "type": "Feature", "properties": { "hex_id": "hex_02052", "road_length_km": 38.598, "hex_area_km2": 2338.3 }, "geometry": { "type": "Polygon", "coordinates": [ [ [ 117.136663446793847, 1.350166470343796 ], [ 116.981200929625643, 1.553883859550215 ], [ 116.670275895289265, 1.553883859550215 ], [ 116.51481337812109, 1.350166470343796 ], [ 116.670275895289265, 1.146465694757876 ], [ 116.981200929625643, 1.146465694757876 ], [ 117.136663446793847, 1.350166470343796 ] ] ] } },
{ "type": "Feature", "properties": { "hex_id": "hex_02053", "road_length_km": 28.992, "hex_area_km2": 2338.3 }, "geometry": { "type": "Polygon", "coordinates": [ [ [ 117.136663446793847, 1.757620373690709 ], [ 116.981200929625643, 1.961378526252104 ], [ 116.670275895289265, 1.961378526252104 ], [ 116.51481337812109, 1.757620373690709 ], [ 116.670275895289265, 1.553883859550215 ], [ 116.981200929625643, 1.553883859550215 ], [ 117.136663446793847, 1.757620373690709 ] ] ] } },
{ "type": "Feature", "properties": { "hex_id": "hex_02057", "road_length_km": 96.74, "hex_area_km2": 2338.3 }, "geometry": { "type": "Polygon", "coordinates": [ [ [ 117.136663446793847, 3.388503192201632 ], [ 116.981200929625643, 3.592525293539505 ], [ 116.670275895289265, 3.592525293539505 ], [ 116.51481337812109, 3.388503192201632 ], [ 116.670275895289265, 3.184522950035991 ], [ 116.981200929625643, 3.184522950035991 ], [ 117.136663446793847, 3.388503192201632 ] ] ] } },
{ "type": "Feature", "properties": { "hex_id": "hex_02058", "road_length_km": 78.773, "hex_area_km2": 2338.3 }, "geometry": { "type": "Polygon", "coordinates": [ [ [ 117.136663446793847, 3.796591800120673 ], [ 116.981200929625643, 4.000705263104871 ], [ 116.670275895289265, 4.000705263104871 ], [ 116.51481337812109, 3.796591800120673 ], [ 116.670275895289265, 3.592525293539505 ], [ 116.981200929625643, 3.592525293539505 ], [ 117.136663446793847, 3.796591800120673 ] ] ] } },
{ "type": "Feature", "properties": { "hex_id": "hex_02059", "road_length_km": 55.895, "hex_area_km2": 2338.3 }, "geometry": { "type": "Polygon", "coordinates": [ [ [ 117.136663446793847, 4.204868239039383 ], [ 116.981200929625643, 4.409083290159635 ], [ 116.670275895289265, 4.409083290159636 ], [ 116.51481337812109, 4.204868239039383 ], [ 116.670275895289265, 4.000705263104871 ], [ 116.981200929625643, 4.000705263104871 ], [ 117.136663446793847, 4.204868239039383 ] ] ] } },
{ "type": "Feature", "properties": { "hex_id": "hex_02071", "road_length_km": 47.25, "hex_area_km2": 2338.3 }, "geometry": { "type": "Polygon", "coordinates": [ [ [ 117.603050998298414, -8.661056517363347 ], [ 117.447588481130211, -8.45517071927965 ], [ 117.136663446793847, -8.45517071927965 ], [ 116.981200929625643, -8.661056517363347 ], [ 117.136663446793847, -8.867052119746386 ], [ 117.447588481130211, -8.867052119746386 ], [ 117.603050998298414, -8.661056517363347 ] ] ] } },
{ "type": "Feature", "properties": { "hex_id": "hex_02072", "road_length_km": 36.098, "hex_area_km2": 2338.3 }, "geometry": { "type": "Polygon", "coordinates": [ [ [ 117.603050998298414, -8.249391960643479 ], [ 117.447588481130211, -8.043717489460143 ], [ 117.136663446793847, -8.043717489460143 ], [ 116.981200929625643, -8.249391960643479 ], [ 117.136663446793847, -8.45517071927965 ], [ 117.447588481130211, -8.45517071927965 ], [ 117.603050998298414, -8.249391960643479 ] ] ] } },
{ "type": "Feature", "properties": { "hex_id": "hex_02090", "road_length_km": 9.319, "hex_area_km2": 2338.3 }, "geometry": { "type": "Polygon", "coordinates": [ [ [ 117.603050998298414, -0.890179818727109 ], [ 117.447588481130211, -0.686507331140562 ], [ 117.136663446793847, -0.686507331140562 ], [ 116.981200929625643, -0.890179818727109 ], [ 117.136663446793847, -1.093863255272653 ], [ 117.447588481130211, -1.093863255272653 ], [ 117.603050998298414, -0.890179818727109 ] ] ] } },
{ "type": "Feature", "properties": { "hex_id": "hex_02091", "road_length_km": 90.734, "hex_area_km2": 2338.3 }, "geometry": { "type": "Polygon", "coordinates": [ [ [ 117.603050998298414, -0.48284328629745 ], [ 117.447588481130211, -0.279185178940101 ], [ 117.136663446793847, -0.279185178940101 ], [ 116.981200929625643, -0.48284328629745 ], [ 117.136663446793847, -0.686507331140562 ], [ 117.447588481130211, -0.686507331140562 ], [ 117.603050998298414, -0.48284328629745 ] ] ] } },
{ "type": "Feature", "properties": { "hex_id": "hex_02092", "road_length_km": 65.639, "hex_area_km2": 2338.3 }, "geometry": { "type": "Polygon", "coordinates": [ [ [ 117.603050998298414, -0.075530504484361 ], [ 117.447588481130211, 0.12812324126456 ], [ 117.136663446793847, 0.12812324126456 ], [ 116.981200929625643, -0.075530504484361 ], [ 117.136663446793847, -0.279185178940101 ], [ 117.447588481130211, -0.279185178940101 ], [ 117.603050998298414, -0.075530504484361 ] ] ] } },
{ "type": "Feature", "properties": { "hex_id": "hex_02093", "road_length_km": 53.293, "hex_area_km2": 2338.3 }, "geometry": { "type": "Polygon", "coordinates": [ [ [ 117.603050998298414, 0.331778562396123 ], [ 117.447588481130211, 0.535437963178462 ], [ 117.136663446793847, 0.535437963178462 ], [ 116.981200929625643, 0.331778562396123 ], [ 117.136663446793847, 0.12812324126456 ], [ 117.447588481130211, 0.12812324126456 ], [ 117.603050998298414, 0.331778562396123 ] ] ] } },
{ "type": "Feature", "properties": { "hex_id": "hex_02094", "road_length_km": 101.607, "hex_area_km2": 2338.3 }, "geometry": { "type": "Polygon", "coordinates": [ [ [ 117.603050998298414, 0.739103948342442 ], [ 117.447588481130211, 0.942779023365858 ], [ 117.136663446793847, 0.942779023365858 ], [ 116.981200929625643, 0.739103948342442 ], [ 117.136663446793847, 0.535437963178462 ], [ 117.447588481130211, 0.535437963178462 ], [ 117.603050998298414, 0.739103948342442 ] ] ] } },
{ "type": "Feature", "properties": { "hex_id": "hex_02096", "road_length_km": 40.111, "hex_area_km2": 2338.3 }, "geometry": { "type": "Polygon", "coordinates": [ [ [ 117.603050998298414, 1.553883859550217 ], [ 117.447588481130211, 1.757620373690711 ], [ 117.136663446793847, 1.757620373690711 ], [ 116.981200929625643, 1.553883859550217 ], [ 117.136663446793847, 1.350166470343798 ], [ 117.447588481130211, 1.350166470343798 ], [ 117.603050998298414, 1.553883859550217 ] ] ] } },
{ "type": "Feature", "properties": { "hex_id": "hex_02097", "road_length_km": 70.541, "hex_area_km2": 2338.3 }, "geometry": { "type": "Polygon", "coordinates": [ [ [ 117.603050998298414, 1.961378526252106 ], [ 117.447588481130211, 2.165160833181425 ], [ 117.136663446793847, 2.165160833181425 ], [ 116.981200929625643, 1.961378526252106 ], [ 117.136663446793847, 1.757620373690711 ], [ 117.447588481130211, 1.757620373690711 ], [ 117.603050998298414, 1.961378526252106 ] ] ] } },
{ "type": "Feature", "properties": { "hex_id": "hex_02098", "road_length_km": 42.969, "hex_area_km2": 2338.3 }, "geometry": { "type": "Polygon", "coordinates": [ [ [ 117.603050998298414, 2.368969813173615 ], [ 117.447588481130211, 2.572807987960138 ], [ 117.136663446793847, 2.572807987960138 ], [ 116.981200929625643, 2.368969813173615 ], [ 117.136663446793847, 2.165160833181425 ], [ 117.447588481130211, 2.165160833181425 ], [ 117.603050998298414, 2.368969813173615 ] ] ] } },
{ "type": "Feature", "properties": { "hex_id": "hex_02099", "road_length_km": 90.701, "hex_area_km2": 2338.3 }, "geometry": { "type": "Polygon", "coordinates": [ [ [ 117.603050998298414, 2.776677882598519 ], [ 117.447588481130211, 2.980582025762943 ], [ 117.136663446793847, 2.980582025762943 ], [ 116.981200929625643, 2.776677882598519 ], [ 117.136663446793847, 2.572807987960138 ], [ 117.447588481130211, 2.572807987960138 ], [ 117.603050998298414, 2.776677882598519 ] ] ] } },
{ "type": "Feature", "properties": { "hex_id": "hex_02100", "road_length_km": 55.516, "hex_area_km2": 2338.3 }, "geometry": { "type": "Polygon", "coordinates": [ [ [ 117.603050998298414, 3.184522950035994 ], [ 117.447588481130211, 3.388503192201634 ], [ 117.136663446793847, 3.388503192201634 ], [ 116.981200929625643, 3.184522950035994 ], [ 117.136663446793847, 2.980582025762943 ], [ 117.447588481130211, 2.980582025762943 ], [ 117.603050998298414, 3.184522950035994 ] ] ] } },
{ "type": "Feature", "properties": { "hex_id": "hex_02102", "road_length_km": 16.253, "hex_area_km2": 2338.3 }, "geometry": { "type": "Polygon", "coordinates": [ [ [ 117.603050998298414, 4.000705263104874 ], [ 117.447588481130211, 4.204868239039386 ], [ 117.136663446793847, 4.204868239039386 ], [ 116.981200929625643, 4.000705263104874 ], [ 117.136663446793847, 3.796591800120676 ], [ 117.447588481130211, 3.796591800120676 ], [ 117.603050998298414, 4.000705263104874 ] ] ] } },
{ "type": "Feature", "properties": { "hex_id": "hex_02103", "road_length_km": 54.531, "hex_area_km2": 2338.3 }, "geometry": { "type": "Polygon", "coordinates": [ [ [ 117.603050998298414, 4.409083290159638 ], [ 117.447588481130211, 4.613352984691612 ], [ 117.136663446793847, 4.613352984691613 ], [ 116.981200929625643, 4.409083290159638 ], [ 117.136663446793847, 4.204868239039386 ], [ 117.447588481130211, 4.204868239039386 ], [ 117.603050998298414, 4.409083290159638 ] ] ] } },
{ "type": "Feature", "properties": { "hex_id": "hex_02113", "road_length_km": 52.643, "hex_area_km2": 2338.3 }, "geometry": { "type": "Polygon", "coordinates": [ [ [ 118.069438549802996, -8.867052119746388 ], [ 117.913976032634793, -8.661056517363349 ], [ 117.603050998298414, -8.661056517363349 ], [ 117.447588481130211, -8.867052119746388 ], [ 117.603050998298414, -9.073160304507155 ], [ 117.913976032634793, -9.073160304507155 ], [ 118.069438549802996, -8.867052119746388 ] ] ] } },
{ "type": "Feature", "properties": { "hex_id": "hex_02114", "road_length_km": 62.981, "hex_area_km2": 2338.3 }, "geometry": { "type": "Polygon", "coordinates": [ [ [ 118.069438549802996, -8.455170719279652 ], [ 117.913976032634793, -8.249391960643482 ], [ 117.603050998298414, -8.249391960643482 ], [ 117.447588481130211, -8.455170719279652 ], [ 117.603050998298414, -8.661056517363349 ], [ 117.913976032634793, -8.661056517363349 ], [ 118.069438549802996, -8.455170719279652 ] ] ] } },
{ "type": "Feature", "properties": { "hex_id": "hex_02115", "road_length_km": 17.588, "hex_area_km2": 2338.3 }, "geometry": { "type": "Polygon", "coordinates": [ [ [ 118.069438549802996, -8.043717489460144 ], [ 117.913976032634793, -7.838144566226983 ], [ 117.603050998298414, -7.838144566226982 ], [ 117.447588481130211, -8.043717489460144 ], [ 117.603050998298414, -8.249391960643482 ], [ 117.913976032634793, -8.249391960643482 ], [ 118.069438549802996, -8.043717489460144 ] ] ] } },
{ "type": "Feature", "properties": { "hex_id": "hex_02135", "road_length_km": 7.26, "hex_area_km2": 2338.3 }, "geometry": { "type": "Polygon", "coordinates": [ [ [ 118.069438549802996, 0.128123241264558 ], [ 117.913976032634793, 0.331778562396121 ], [ 117.603050998298414, 0.331778562396121 ], [ 117.447588481130211, 0.128123241264558 ], [ 117.603050998298414, -0.075530504484363 ], [ 117.913976032634793, -0.075530504484363 ], [ 118.069438549802996, 0.128123241264558 ] ] ] } },
{ "type": "Feature", "properties": { "hex_id": "hex_02136", "road_length_km": 48.142, "hex_area_km2": 2338.3 }, "geometry": { "type": "Polygon", "coordinates": [ [ [ 118.069438549802996, 0.53543796317846 ], [ 117.913976032634793, 0.739103948342439 ], [ 117.603050998298414, 0.739103948342439 ], [ 117.447588481130211, 0.53543796317846 ], [ 117.603050998298414, 0.331778562396121 ], [ 117.913976032634793, 0.331778562396121 ], [ 118.069438549802996, 0.53543796317846 ] ] ] } },
{ "type": "Feature", "properties": { "hex_id": "hex_02137", "road_length_km": 86.271, "hex_area_km2": 2338.3 }, "geometry": { "type": "Polygon", "coordinates": [ [ [ 118.069438549802996, 0.942779023365856 ], [ 117.913976032634793, 1.146465694757876 ], [ 117.603050998298414, 1.146465694757876 ], [ 117.447588481130211, 0.942779023365856 ], [ 117.603050998298414, 0.739103948342439 ], [ 117.913976032634793, 0.739103948342439 ], [ 118.069438549802996, 0.942779023365856 ] ] ] } },
{ "type": "Feature", "properties": { "hex_id": "hex_02140", "road_length_km": 113.593, "hex_area_km2": 2338.3 }, "geometry": { "type": "Polygon", "coordinates": [ [ [ 118.069438549802996, 2.165160833181423 ], [ 117.913976032634793, 2.368969813173613 ], [ 117.603050998298414, 2.368969813173613 ], [ 117.447588481130211, 2.165160833181423 ], [ 117.603050998298414, 1.961378526252104 ], [ 117.913976032634793, 1.961378526252104 ], [ 118.069438549802996, 2.165160833181423 ] ] ] } },
{ "type": "Feature", "properties": { "hex_id": "hex_02141", "road_length_km": 15.854, "hex_area_km2": 2338.3 }, "geometry": { "type": "Polygon", "coordinates": [ [ [ 118.069438549802996, 2.572807987960136 ], [ 117.913976032634793, 2.776677882598516 ], [ 117.603050998298414, 2.776677882598516 ], [ 117.447588481130211, 2.572807987960136 ], [ 117.603050998298414, 2.368969813173613 ], [ 117.913976032634793, 2.368969813173613 ], [ 118.069438549802996, 2.572807987960136 ] ] ] } },
{ "type": "Feature", "properties": { "hex_id": "hex_02143", "road_length_km": 5.322, "hex_area_km2": 2338.3 }, "geometry": { "type": "Polygon", "coordinates": [ [ [ 118.069438549802996, 3.388503192201632 ], [ 117.913976032634793, 3.592525293539505 ], [ 117.603050998298414, 3.592525293539505 ], [ 117.447588481130211, 3.388503192201632 ], [ 117.603050998298414, 3.184522950035991 ], [ 117.913976032634793, 3.184522950035991 ], [ 118.069438549802996, 3.388503192201632 ] ] ] } },
{ "type": "Feature", "properties": { "hex_id": "hex_02145", "road_length_km": 94.636, "hex_area_km2": 2338.3 }, "geometry": { "type": "Polygon", "coordinates": [ [ [ 118.069438549802996, 4.204868239039383 ], [ 117.913976032634793, 4.409083290159635 ], [ 117.603050998298414, 4.409083290159636 ], [ 117.447588481130211, 4.204868239039383 ], [ 117.603050998298414, 4.000705263104871 ], [ 117.913976032634793, 4.000705263104871 ], [ 118.069438549802996, 4.204868239039383 ] ] ] } },
{ "type": "Feature", "properties": { "hex_id": "hex_02157", "road_length_km": 168.634, "hex_area_km2": 2338.3 }, "geometry": { "type": "Polygon", "coordinates": [ [ [ 118.535826101307549, -8.661056517363347 ], [ 118.380363584139374, -8.45517071927965 ], [ 118.069438549802996, -8.45517071927965 ], [ 117.913976032634793, -8.661056517363347 ], [ 118.069438549802996, -8.867052119746386 ], [ 118.380363584139374, -8.867052119746386 ], [ 118.535826101307549, -8.661056517363347 ] ] ] } },
{ "type": "Feature", "properties": { "hex_id": "hex_02158", "road_length_km": 4.835, "hex_area_km2": 2338.3 }, "geometry": { "type": "Polygon", "coordinates": [ [ [ 118.535826101307549, -8.249391960643479 ], [ 118.380363584139374, -8.043717489460143 ], [ 118.069438549802996, -8.043717489460143 ], [ 117.913976032634793, -8.249391960643479 ], [ 118.069438549802996, -8.45517071927965 ], [ 118.380363584139374, -8.45517071927965 ], [ 118.535826101307549, -8.249391960643479 ] ] ] } },
{ "type": "Feature", "properties": { "hex_id": "hex_02184", "road_length_km": 12.616, "hex_area_km2": 2338.3 }, "geometry": { "type": "Polygon", "coordinates": [ [ [ 118.535826101307549, 2.368969813173615 ], [ 118.380363584139374, 2.572807987960138 ], [ 118.069438549802996, 2.572807987960138 ], [ 117.913976032634793, 2.368969813173615 ], [ 118.069438549802996, 2.165160833181425 ], [ 118.380363584139374, 2.165160833181425 ], [ 118.535826101307549, 2.368969813173615 ] ] ] } },
{ "type": "Feature", "properties": { "hex_id": "hex_02200", "road_length_km": 120.016, "hex_area_km2": 2338.3 }, "geometry": { "type": "Polygon", "coordinates": [ [ [ 119.002213652812159, -8.455170719279652 ], [ 118.846751135643956, -8.249391960643482 ], [ 118.535826101307549, -8.249391960643482 ], [ 118.380363584139374, -8.455170719279652 ], [ 118.535826101307549, -8.661056517363349 ], [ 118.846751135643956, -8.661056517363349 ], [ 119.002213652812159, -8.455170719279652 ] ] ] } },
{ "type": "Feature", "properties": { "hex_id": "hex_02212", "road_length_km": 39.018, "hex_area_km2": 2338.3 }, "geometry": { "type": "Polygon", "coordinates": [ [ [ 119.002213652812159, -3.539833330183449 ], [ 118.846751135643956, -3.335822282451612 ], [ 118.535826101307549, -3.335822282451612 ], [ 118.380363584139374, -3.539833330183449 ], [ 118.535826101307549, -3.743888125171488 ], [ 118.846751135643956, -3.743888125171488 ], [ 119.002213652812159, -3.539833330183449 ] ] ] } },
{ "type": "Feature", "properties": { "hex_id": "hex_02213", "road_length_km": 58.284, "hex_area_km2": 2338.3 }, "geometry": { "type": "Polygon", "coordinates": [ [ [ 119.002213652812159, -3.131852437170682 ], [ 118.846751135643956, -2.927921254250273 ], [ 118.535826101307549, -2.927921254250273 ], [ 118.380363584139374, -3.131852437170682 ], [ 118.535826101307549, -3.335822282451612 ], [ 118.846751135643956, -3.335822282451612 ], [ 119.002213652812159, -3.131852437170682 ] ] ] } },
{ "type": "Feature", "properties": { "hex_id": "hex_02214", "road_length_km": 45.25, "hex_area_km2": 2338.3 }, "geometry": { "type": "Polygon", "coordinates": [ [ [ 119.002213652812159, -2.724026198019544 ], [ 118.846751135643956, -2.520164736933245 ], [ 118.535826101307549, -2.520164736933245 ], [ 118.380363584139374, -2.724026198019544 ], [ 118.535826101307549, -2.927921254250273 ], [ 118.846751135643956, -2.927921254250273 ], [ 119.002213652812159, -2.724026198019544 ] ] ] } },
{ "type": "Feature", "properties": { "hex_id": "hex_02241", "road_length_km": 37.452, "hex_area_km2": 2338.3 }, "geometry": { "type": "Polygon", "coordinates": [ [ [ 119.468601204316712, -9.485725601856847 ], [ 119.313138687148538, -9.279383863324584 ], [ 119.002213652812159, -9.279383863324584 ], [ 118.846751135643956, -9.485725601856847 ], [ 119.002213652812159, -9.692188340124828 ], [ 119.313138687148538, -9.692188340124828 ], [ 119.468601204316712, -9.485725601856847 ] ] ] } },
{ "type": "Feature", "properties": { "hex_id": "hex_02243", "road_length_km": 14.316, "hex_area_km2": 2338.3 }, "geometry": { "type": "Polygon", "coordinates": [ [ [ 119.468601204316712, -8.661056517363347 ], [ 119.313138687148538, -8.45517071927965 ], [ 119.002213652812159, -8.45517071927965 ], [ 118.846751135643956, -8.661056517363347 ], [ 119.002213652812159, -8.867052119746386 ], [ 119.313138687148538, -8.867052119746386 ], [ 119.468601204316712, -8.661056517363347 ] ] ] } },
{ "type": "Feature", "properties": { "hex_id": "hex_02251", "road_length_km": 4.216, "hex_area_km2": 2338.3 }, "geometry": { "type": "Polygon", "coordinates": [ [ [ 119.468601204316712, -5.378208555511724 ], [ 119.313138687148538, -5.173711504951153 ], [ 119.002213652812159, -5.173711504951152 ], [ 118.846751135643956, -5.378208555511724 ], [ 119.002213652812159, -5.582772518299616 ], [ 119.313138687148538, -5.582772518299616 ], [ 119.468601204316712, -5.378208555511724 ] ] ] } },
{ "type": "Feature", "properties": { "hex_id": "hex_02256", "road_length_km": 106.88, "hex_area_km2": 2338.3 }, "geometry": { "type": "Polygon", "coordinates": [ [ [ 119.468601204316712, -3.335822282451609 ], [ 119.313138687148538, -3.13185243717068 ], [ 119.002213652812159, -3.13185243717068 ], [ 118.846751135643956, -3.335822282451609 ], [ 119.002213652812159, -3.539833330183447 ], [ 119.313138687148538, -3.539833330183447 ], [ 119.468601204316712, -3.335822282451609 ] ] ] } },
{ "type": "Feature", "properties": { "hex_id": "hex_02257", "road_length_km": 121.74, "hex_area_km2": 2338.3 }, "geometry": { "type": "Polygon", "coordinates": [ [ [ 119.468601204316712, -2.927921254250271 ], [ 119.313138687148538, -2.724026198019542 ], [ 119.002213652812159, -2.724026198019542 ], [ 118.846751135643956, -2.927921254250271 ], [ 119.002213652812159, -3.13185243717068 ], [ 119.313138687148538, -3.13185243717068 ], [ 119.468601204316712, -2.927921254250271 ] ] ] } },
{ "type": "Feature", "properties": { "hex_id": "hex_02258", "road_length_km": 100.586, "hex_area_km2": 2338.3 }, "geometry": { "type": "Polygon", "coordinates": [ [ [ 119.468601204316712, -2.520164736933243 ], [ 119.313138687148538, -2.316334343279071 ], [ 119.002213652812159, -2.316334343279071 ], [ 118.846751135643956, -2.520164736933243 ], [ 119.002213652812159, -2.724026198019542 ], [ 119.313138687148538, -2.724026198019542 ], [ 119.468601204316712, -2.520164736933243 ] ] ] } },
{ "type": "Feature", "properties": { "hex_id": "hex_02259", "road_length_km": 71.207, "hex_area_km2": 2338.3 }, "geometry": { "type": "Polygon", "coordinates": [ [ [ 119.468601204316712, -2.112532492886232 ], [ 119.313138687148538, -1.90875666483512 ], [ 119.002213652812159, -1.90875666483512 ], [ 118.846751135643956, -2.112532492886232 ], [ 119.002213652812159, -2.316334343279071 ], [ 119.313138687148538, -2.316334343279071 ], [ 119.468601204316712, -2.112532492886232 ] ] ] } },
{ "type": "Feature", "properties": { "hex_id": "hex_02260", "road_length_km": 43.127, "hex_area_km2": 2338.3 }, "geometry": { "type": "Polygon", "coordinates": [ [ [ 119.468601204316712, -1.705004341168034 ], [ 119.313138687148538, -1.501273006600811 ], [ 119.002213652812159, -1.501273006600811 ], [ 118.846751135643956, -1.705004341168034 ], [ 119.002213652812159, -1.90875666483512 ], [ 119.313138687148538, -1.90875666483512 ], [ 119.468601204316712, -1.705004341168034 ] ] ] } },
{ "type": "Feature", "properties": { "hex_id": "hex_02261", "road_length_km": 45.901, "hex_area_km2": 2338.3 }, "geometry": { "type": "Polygon", "coordinates": [ [ [ 119.468601204316712, -1.297560148235311 ], [ 119.313138687148538, -1.093863255272653 ], [ 119.002213652812159, -1.093863255272653 ], [ 118.846751135643956, -1.297560148235311 ], [ 119.002213652812159, -1.501273006600811 ], [ 119.313138687148538, -1.501273006600811 ], [ 119.468601204316712, -1.297560148235311 ] ] ] } },
{ "type": "Feature", "properties": { "hex_id": "hex_02283", "road_length_km": 84.181, "hex_area_km2": 2338.3 }, "geometry": { "type": "Polygon", "coordinates": [ [ [ 119.934988755821294, -9.692188340124828 ], [ 119.779526238653105, -9.485725601856849 ], [ 119.468601204316712, -9.485725601856849 ], [ 119.313138687148538, -9.692188340124828 ], [ 119.468601204316712, -9.898774912900604 ], [ 119.779526238653105, -9.898774912900604 ], [ 119.934988755821294, -9.692188340124828 ] ] ] } },
{ "type": "Feature", "properties": { "hex_id": "hex_02286", "road_length_km": 7.615, "hex_area_km2": 2338.3 }, "geometry": { "type": "Polygon", "coordinates": [ [ [ 119.934988755821294, -8.455170719279652 ], [ 119.779526238653105, -8.249391960643482 ], [ 119.468601204316712, -8.249391960643482 ], [ 119.313138687148538, -8.455170719279652 ], [ 119.468601204316712, -8.661056517363349 ], [ 119.779526238653105, -8.661056517363349 ], [ 119.934988755821294, -8.455170719279652 ] ] ] } },
{ "type": "Feature", "properties": { "hex_id": "hex_02293", "road_length_km": 82.067, "hex_area_km2": 2338.3 }, "geometry": { "type": "Polygon", "coordinates": [ [ [ 119.934988755821294, -5.582772518299619 ], [ 119.779526238653105, -5.378208555511726 ], [ 119.468601204316712, -5.378208555511724 ], [ 119.313138687148538, -5.582772518299619 ], [ 119.468601204316712, -5.787406001892075 ], [ 119.779526238653105, -5.787406001892075 ], [ 119.934988755821294, -5.582772518299619 ] ] ] } },
{ "type": "Feature", "properties": { "hex_id": "hex_02294", "road_length_km": 111.594, "hex_area_km2": 2338.3 }, "geometry": { "type": "Polygon", "coordinates": [ [ [ 119.934988755821294, -5.173711504951155 ], [ 119.779526238653105, -4.969278765807862 ], [ 119.468601204316712, -4.969278765807862 ], [ 119.313138687148538, -5.173711504951155 ], [ 119.468601204316712, -5.378208555511724 ], [ 119.779526238653105, -5.378208555511726 ], [ 119.934988755821294, -5.173711504951155 ] ] ] } },
{ "type": "Feature", "properties": { "hex_id": "hex_02295", "road_length_km": 50.13, "hex_area_km2": 2338.3 }, "geometry": { "type": "Polygon", "coordinates": [ [ [ 119.934988755821294, -4.764907744724166 ], [ 119.779526238653105, -4.560595855482331 ], [ 119.468601204316712, -4.56059585548233 ], [ 119.313138687148538, -4.764907744724166 ], [ 119.468601204316712, -4.969278765807862 ], [ 119.779526238653105, -4.969278765807862 ], [ 119.934988755821294, -4.764907744724166 ] ] ] } },
{ "type": "Feature", "properties": { "hex_id": "hex_02296", "road_length_km": 54.757, "hex_area_km2": 2338.3 }, "geometry": { "type": "Polygon", "coordinates": [ [ [ 119.934988755821294, -4.356340518694458 ], [ 119.779526238653105, -4.152139161494565 ], [ 119.468601204316712, -4.152139161494565 ], [ 119.313138687148538, -4.356340518694458 ], [ 119.468601204316712, -4.56059585548233 ], [ 119.779526238653105, -4.560595855482331 ], [ 119.934988755821294, -4.356340518694458 ] ] ] } },
{ "type": "Feature", "properties": { "hex_id": "hex_02297", "road_length_km": 121.538, "hex_area_km2": 2338.3 }, "geometry": { "type": "Polygon", "coordinates": [ [ [ 119.934988755821294, -3.947989217232776 ], [ 119.779526238653105, -3.743888125171488 ], [ 119.468601204316712, -3.743888125171488 ], [ 119.313138687148538, -3.947989217232776 ], [ 119.468601204316712, -4.152139161494565 ], [ 119.779526238653105, -4.152139161494565 ], [ 119.934988755821294, -3.947989217232776 ] ] ] } },
{ "type": "Feature", "properties": { "hex_id": "hex_02298", "road_length_km": 108.106, "hex_area_km2": 2338.3 }, "geometry": { "type": "Polygon", "coordinates": [ [ [ 119.934988755821294, -3.539833330183449 ], [ 119.779526238653105, -3.335822282451612 ], [ 119.468601204316712, -3.335822282451612 ], [ 119.313138687148538, -3.539833330183449 ], [ 119.468601204316712, -3.743888125171488 ], [ 119.779526238653105, -3.743888125171488 ], [ 119.934988755821294, -3.539833330183449 ] ] ] } },
{ "type": "Feature", "properties": { "hex_id": "hex_02299", "road_length_km": 91.334, "hex_area_km2": 2338.3 }, "geometry": { "type": "Polygon", "coordinates": [ [ [ 119.934988755821294, -3.131852437170682 ], [ 119.779526238653105, -2.927921254250273 ], [ 119.468601204316712, -2.927921254250273 ], [ 119.313138687148538, -3.131852437170682 ], [ 119.468601204316712, -3.335822282451612 ], [ 119.779526238653105, -3.335822282451612 ], [ 119.934988755821294, -3.131852437170682 ] ] ] } },
{ "type": "Feature", "properties": { "hex_id": "hex_02300", "road_length_km": 2.809, "hex_area_km2": 2338.3 }, "geometry": { "type": "Polygon", "coordinates": [ [ [ 119.934988755821294, -2.724026198019544 ], [ 119.779526238653105, -2.520164736933245 ], [ 119.468601204316712, -2.520164736933245 ], [ 119.313138687148538, -2.724026198019544 ], [ 119.468601204316712, -2.927921254250273 ], [ 119.779526238653105, -2.927921254250273 ], [ 119.934988755821294, -2.724026198019544 ] ] ] } },
{ "type": "Feature", "properties": { "hex_id": "hex_02302", "road_length_km": 30.766, "hex_area_km2": 2338.3 }, "geometry": { "type": "Polygon", "coordinates": [ [ [ 119.934988755821294, -1.908756664835123 ], [ 119.779526238653105, -1.705004341168037 ], [ 119.468601204316712, -1.705004341168037 ], [ 119.313138687148538, -1.908756664835123 ], [ 119.468601204316712, -2.112532492886234 ], [ 119.779526238653105, -2.112532492886234 ], [ 119.934988755821294, -1.908756664835123 ] ] ] } },
{ "type": "Feature", "properties": { "hex_id": "hex_02303", "road_length_km": 10.668, "hex_area_km2": 2338.3 }, "geometry": { "type": "Polygon", "coordinates": [ [ [ 119.934988755821294, -1.501273006600813 ], [ 119.779526238653105, -1.297560148235313 ], [ 119.468601204316712, -1.297560148235313 ], [ 119.313138687148538, -1.501273006600813 ], [ 119.468601204316712, -1.705004341168037 ], [ 119.779526238653105, -1.705004341168037 ], [ 119.934988755821294, -1.501273006600813 ] ] ] } },
{ "type": "Feature", "properties": { "hex_id": "hex_02304", "road_length_km": 44.956, "hex_area_km2": 2338.3 }, "geometry": { "type": "Polygon", "coordinates": [ [ [ 119.934988755821294, -1.093863255272656 ], [ 119.779526238653105, -0.890179818727112 ], [ 119.468601204316712, -0.890179818727112 ], [ 119.313138687148538, -1.093863255272656 ], [ 119.468601204316712, -1.297560148235313 ], [ 119.779526238653105, -1.297560148235313 ], [ 119.934988755821294, -1.093863255272656 ] ] ] } },
{ "type": "Feature", "properties": { "hex_id": "hex_02305", "road_length_km": 104.545, "hex_area_km2": 2338.3 }, "geometry": { "type": "Polygon", "coordinates": [ [ [ 119.934988755821294, -0.686507331140564 ], [ 119.779526238653105, -0.482843286297452 ], [ 119.468601204316712, -0.482843286297452 ], [ 119.313138687148538, -0.686507331140564 ], [ 119.468601204316712, -0.890179818727112 ], [ 119.779526238653105, -0.890179818727112 ], [ 119.934988755821294, -0.686507331140564 ] ] ] } },
{ "type": "Feature", "properties": { "hex_id": "hex_02306", "road_length_km": 45.152, "hex_area_km2": 2338.3 }, "geometry": { "type": "Polygon", "coordinates": [ [ [ 119.934988755821294, -0.279185178940103 ], [ 119.779526238653105, -0.075530504484363 ], [ 119.468601204316712, -0.075530504484363 ], [ 119.313138687148538, -0.279185178940103 ], [ 119.468601204316712, -0.482843286297452 ], [ 119.779526238653105, -0.482843286297452 ], [ 119.934988755821294, -0.279185178940103 ] ] ] } },
{ "type": "Feature", "properties": { "hex_id": "hex_02307", "road_length_km": 24.722, "hex_area_km2": 2338.3 }, "geometry": { "type": "Polygon", "coordinates": [ [ [ 119.934988755821294, 0.128123241264558 ], [ 119.779526238653105, 0.331778562396121 ], [ 119.468601204316712, 0.331778562396121 ], [ 119.313138687148538, 0.128123241264558 ], [ 119.468601204316712, -0.075530504484363 ], [ 119.779526238653105, -0.075530504484363 ], [ 119.934988755821294, 0.128123241264558 ] ] ] } },
{ "type": "Feature", "properties": { "hex_id": "hex_02326", "road_length_km": 23.86, "hex_area_km2": 2338.3 }, "geometry": { "type": "Polygon", "coordinates": [ [ [ 120.401376307325862, -9.898774912900603 ], [ 120.245913790157672, -9.692188340124828 ], [ 119.934988755821294, -9.692188340124828 ], [ 119.779526238653105, -9.898774912900603 ], [ 119.934988755821294, -10.105488170101077 ], [ 120.245913790157672, -10.105488170101077 ], [ 120.401376307325862, -9.898774912900603 ] ] ] } },
{ "type": "Feature", "properties": { "hex_id": "hex_02327", "road_length_km": 33.543, "hex_area_km2": 2338.3 }, "geometry": { "type": "Polygon", "coordinates": [ [ [ 120.401376307325862, -9.485725601856847 ], [ 120.245913790157672, -9.279383863324584 ], [ 119.934988755821294, -9.279383863324584 ], [ 119.779526238653105, -9.485725601856847 ], [ 119.934988755821294, -9.692188340124828 ], [ 120.245913790157672, -9.692188340124828 ], [ 120.401376307325862, -9.485725601856847 ] ] ] } },
{ "type": "Feature", "properties": { "hex_id": "hex_02329", "road_length_km": 101.848, "hex_area_km2": 2338.3 }, "geometry": { "type": "Polygon", "coordinates": [ [ [ 120.401376307325862, -8.661056517363347 ], [ 120.245913790157672, -8.45517071927965 ], [ 119.934988755821294, -8.45517071927965 ], [ 119.779526238653105, -8.661056517363347 ], [ 119.934988755821294, -8.867052119746386 ], [ 120.245913790157672, -8.867052119746386 ], [ 120.401376307325862, -8.661056517363347 ] ] ] } },
{ "type": "Feature", "properties": { "hex_id": "hex_02336", "road_length_km": 3.772, "hex_area_km2": 2338.3 }, "geometry": { "type": "Polygon", "coordinates": [ [ [ 120.401376307325862, -5.787406001892072 ], [ 120.245913790157672, -5.582772518299616 ], [ 119.934988755821294, -5.582772518299616 ], [ 119.779526238653105, -5.787406001892072 ], [ 119.934988755821294, -5.992111622950875 ], [ 120.245913790157672, -5.992111622950876 ], [ 120.401376307325862, -5.787406001892072 ] ] ] } },
{ "type": "Feature", "properties": { "hex_id": "hex_02337", "road_length_km": 104.008, "hex_area_km2": 2338.3 }, "geometry": { "type": "Polygon", "coordinates": [ [ [ 120.401376307325862, -5.378208555511724 ], [ 120.245913790157672, -5.173711504951153 ], [ 119.934988755821294, -5.173711504951152 ], [ 119.779526238653105, -5.378208555511724 ], [ 119.934988755821294, -5.582772518299616 ], [ 120.245913790157672, -5.582772518299616 ], [ 120.401376307325862, -5.378208555511724 ] ] ] } },
{ "type": "Feature", "properties": { "hex_id": "hex_02338", "road_length_km": 87.009, "hex_area_km2": 2338.3 }, "geometry": { "type": "Polygon", "coordinates": [ [ [ 120.401376307325862, -4.96927876580786 ], [ 120.245913790157672, -4.764907744724163 ], [ 119.934988755821294, -4.764907744724163 ], [ 119.779526238653105, -4.96927876580786 ], [ 119.934988755821294, -5.173711504951152 ], [ 120.245913790157672, -5.173711504951153 ], [ 120.401376307325862, -4.96927876580786 ] ] ] } },
{ "type": "Feature", "properties": { "hex_id": "hex_02339", "road_length_km": 142.174, "hex_area_km2": 2338.3 }, "geometry": { "type": "Polygon", "coordinates": [ [ [ 120.401376307325862, -4.560595855482329 ], [ 120.245913790157672, -4.356340518694457 ], [ 119.934988755821294, -4.356340518694456 ], [ 119.779526238653105, -4.560595855482329 ], [ 119.934988755821294, -4.764907744724163 ], [ 120.245913790157672, -4.764907744724163 ], [ 120.401376307325862, -4.560595855482329 ] ] ] } },
{ "type": "Feature", "properties": { "hex_id": "hex_02340", "road_length_km": 97.513, "hex_area_km2": 2338.3 }, "geometry": { "type": "Polygon", "coordinates": [ [ [ 120.401376307325862, -4.152139161494564 ], [ 120.245913790157672, -3.947989217232773 ], [ 119.934988755821294, -3.947989217232773 ], [ 119.779526238653105, -4.152139161494564 ], [ 119.934988755821294, -4.356340518694456 ], [ 120.245913790157672, -4.356340518694457 ], [ 120.401376307325862, -4.152139161494564 ] ] ] } },
{ "type": "Feature", "properties": { "hex_id": "hex_02341", "road_length_km": 70.455, "hex_area_km2": 2338.3 }, "geometry": { "type": "Polygon", "coordinates": [ [ [ 120.401376307325862, -3.743888125171486 ], [ 120.245913790157672, -3.539833330183447 ], [ 119.934988755821294, -3.539833330183447 ], [ 119.779526238653105, -3.743888125171486 ], [ 119.934988755821294, -3.947989217232773 ], [ 120.245913790157672, -3.947989217232773 ], [ 120.401376307325862, -3.743888125171486 ] ] ] } },
{ "type": "Feature", "properties": { "hex_id": "hex_02342", "road_length_km": 62.548, "hex_area_km2": 2338.3 }, "geometry": { "type": "Polygon", "coordinates": [ [ [ 120.401376307325862, -3.335822282451609 ], [ 120.245913790157672, -3.13185243717068 ], [ 119.934988755821294, -3.13185243717068 ], [ 119.779526238653105, -3.335822282451609 ], [ 119.934988755821294, -3.539833330183447 ], [ 120.245913790157672, -3.539833330183447 ], [ 120.401376307325862, -3.335822282451609 ] ] ] } },
{ "type": "Feature", "properties": { "hex_id": "hex_02343", "road_length_km": 123.703, "hex_area_km2": 2338.3 }, "geometry": { "type": "Polygon", "coordinates": [ [ [ 120.401376307325862, -2.927921254250271 ], [ 120.245913790157672, -2.724026198019542 ], [ 119.934988755821294, -2.724026198019542 ], [ 119.779526238653105, -2.927921254250271 ], [ 119.934988755821294, -3.13185243717068 ], [ 120.245913790157672, -3.13185243717068 ], [ 120.401376307325862, -2.927921254250271 ] ] ] } },
{ "type": "Feature", "properties": { "hex_id": "hex_02344", "road_length_km": 34.562, "hex_area_km2": 2338.3 }, "geometry": { "type": "Polygon", "coordinates": [ [ [ 120.401376307325862, -2.520164736933243 ], [ 120.245913790157672, -2.316334343279071 ], [ 119.934988755821294, -2.316334343279071 ], [ 119.779526238653105, -2.520164736933243 ], [ 119.934988755821294, -2.724026198019542 ], [ 120.245913790157672, -2.724026198019542 ], [ 120.401376307325862, -2.520164736933243 ] ] ] } },
{ "type": "Feature", "properties": { "hex_id": "hex_02348", "road_length_km": 119.05, "hex_area_km2": 2338.3 }, "geometry": { "type": "Polygon", "coordinates": [ [ [ 120.401376307325862, -0.890179818727109 ], [ 120.245913790157672, -0.686507331140562 ], [ 119.934988755821294, -0.686507331140562 ], [ 119.779526238653105, -0.890179818727109 ], [ 119.934988755821294, -1.093863255272653 ], [ 120.245913790157672, -1.093863255272653 ], [ 120.401376307325862, -0.890179818727109 ] ] ] } },
{ "type": "Feature", "properties": { "hex_id": "hex_02349", "road_length_km": 49.24, "hex_area_km2": 2338.3 }, "geometry": { "type": "Polygon", "coordinates": [ [ [ 120.401376307325862, -0.48284328629745 ], [ 120.245913790157672, -0.279185178940101 ], [ 119.934988755821294, -0.279185178940101 ], [ 119.779526238653105, -0.48284328629745 ], [ 119.934988755821294, -0.686507331140562 ], [ 120.245913790157672, -0.686507331140562 ], [ 120.401376307325862, -0.48284328629745 ] ] ] } },
{ "type": "Feature", "properties": { "hex_id": "hex_02350", "road_length_km": 79.344, "hex_area_km2": 2338.3 }, "geometry": { "type": "Polygon", "coordinates": [ [ [ 120.401376307325862, -0.075530504484361 ], [ 120.245913790157672, 0.12812324126456 ], [ 119.934988755821294, 0.12812324126456 ], [ 119.779526238653105, -0.075530504484361 ], [ 119.934988755821294, -0.279185178940101 ], [ 120.245913790157672, -0.279185178940101 ], [ 120.401376307325862, -0.075530504484361 ] ] ] } },
{ "type": "Feature", "properties": { "hex_id": "hex_02351", "road_length_km": 119.722, "hex_area_km2": 2338.3 }, "geometry": { "type": "Polygon", "coordinates": [ [ [ 120.401376307325862, 0.331778562396123 ], [ 120.245913790157672, 0.535437963178462 ], [ 119.934988755821294, 0.535437963178462 ], [ 119.779526238653105, 0.331778562396123 ], [ 119.934988755821294, 0.12812324126456 ], [ 120.245913790157672, 0.12812324126456 ], [ 120.401376307325862, 0.331778562396123 ] ] ] } },
{ "type": "Feature", "properties": { "hex_id": "hex_02352", "road_length_km": 74.213, "hex_area_km2": 2338.3 }, "geometry": { "type": "Polygon", "coordinates": [ [ [ 120.401376307325862, 0.739103948342442 ], [ 120.245913790157672, 0.942779023365858 ], [ 119.934988755821294, 0.942779023365858 ], [ 119.779526238653105, 0.739103948342442 ], [ 119.934988755821294, 0.535437963178462 ], [ 120.245913790157672, 0.535437963178462 ], [ 120.401376307325862, 0.739103948342442 ] ] ] } },
{ "type": "Feature", "properties": { "hex_id": "hex_02353", "road_length_km": 1.069, "hex_area_km2": 2338.3 }, "geometry": { "type": "Polygon", "coordinates": [ [ [ 120.401376307325862, 1.146465694757878 ], [ 120.245913790157672, 1.350166470343798 ], [ 119.934988755821294, 1.350166470343798 ], [ 119.779526238653105, 1.146465694757878 ], [ 119.934988755821294, 0.942779023365858 ], [ 120.245913790157672, 0.942779023365858 ], [ 120.401376307325862, 1.146465694757878 ] ] ] } },
{ "type": "Feature", "properties": { "hex_id": "hex_02368", "road_length_km": 57.526, "hex_area_km2": 2338.3 }, "geometry": { "type": "Polygon", "coordinates": [ [ [ 120.867763858830443, -10.105488170101079 ], [ 120.712301341662268, -9.898774912900604 ], [ 120.401376307325862, -9.898774912900604 ], [ 120.245913790157672, -10.105488170101079 ], [ 120.401376307325862, -10.312330977186912 ], [ 120.712301341662268, -10.312330977186912 ], [ 120.867763858830443, -10.105488170101079 ] ] ] } },
{ "type": "Feature", "properties": { "hex_id": "hex_02369", "road_length_km": 64.353, "hex_area_km2": 2338.3 }, "geometry": { "type": "Polygon", "coordinates": [ [ [ 120.867763858830443, -9.692188340124828 ], [ 120.712301341662268, -9.485725601856849 ], [ 120.401376307325862, -9.485725601856849 ], [ 120.245913790157672, -9.692188340124828 ], [ 120.401376307325862, -9.898774912900604 ], [ 120.712301341662268, -9.898774912900604 ], [ 120.867763858830443, -9.692188340124828 ] ] ] } },
{ "type": "Feature", "properties": { "hex_id": "hex_02371", "road_length_km": 71.037, "hex_area_km2": 2338.3 }, "geometry": { "type": "Polygon", "coordinates": [ [ [ 120.867763858830443, -8.867052119746388 ], [ 120.712301341662268, -8.661056517363349 ], [ 120.401376307325862, -8.661056517363349 ], [ 120.245913790157672, -8.867052119746388 ], [ 120.401376307325862, -9.073160304507155 ], [ 120.712301341662268, -9.073160304507155 ], [ 120.867763858830443, -8.867052119746388 ] ] ] } },
{ "type": "Feature", "properties": { "hex_id": "hex_02372", "road_length_km": 109.933, "hex_area_km2": 2338.3 }, "geometry": { "type": "Polygon", "coordinates": [ [ [ 120.867763858830443, -8.455170719279652 ], [ 120.712301341662268, -8.249391960643482 ], [ 120.401376307325862, -8.249391960643482 ], [ 120.245913790157672, -8.455170719279652 ], [ 120.401376307325862, -8.661056517363349 ], [ 120.712301341662268, -8.661056517363349 ], [ 120.867763858830443, -8.455170719279652 ] ] ] } },
{ "type": "Feature", "properties": { "hex_id": "hex_02377", "road_length_km": 44.104, "hex_area_km2": 2338.3 }, "geometry": { "type": "Polygon", "coordinates": [ [ [ 120.867763858830443, -6.401749786460014 ], [ 120.712301341662268, -6.196892006542339 ], [ 120.401376307325862, -6.196892006542339 ], [ 120.245913790157672, -6.401749786460014 ], [ 120.401376307325862, -6.606687605550285 ], [ 120.712301341662268, -6.606687605550285 ], [ 120.867763858830443, -6.401749786460014 ] ] ] } },
{ "type": "Feature", "properties": { "hex_id": "hex_02378", "road_length_km": 59.917, "hex_area_km2": 2338.3 }, "geometry": { "type": "Polygon", "coordinates": [ [ [ 120.867763858830443, -5.992111622950878 ], [ 120.712301341662268, -5.787406001892075 ], [ 120.401376307325862, -5.787406001892075 ], [ 120.245913790157672, -5.992111622950878 ], [ 120.401376307325862, -6.196892006542339 ], [ 120.712301341662268, -6.196892006542339 ], [ 120.867763858830443, -5.992111622950878 ] ] ] } },
{ "type": "Feature", "properties": { "hex_id": "hex_02379", "road_length_km": 23.184, "hex_area_km2": 2338.3 }, "geometry": { "type": "Polygon", "coordinates": [ [ [ 120.867763858830443, -5.582772518299619 ], [ 120.712301341662268, -5.378208555511726 ], [ 120.401376307325862, -5.378208555511724 ], [ 120.245913790157672, -5.582772518299619 ], [ 120.401376307325862, -5.787406001892075 ], [ 120.712301341662268, -5.787406001892075 ], [ 120.867763858830443, -5.582772518299619 ] ] ] } },
{ "type": "Feature", "properties": { "hex_id": "hex_02381", "road_length_km": 21.993, "hex_area_km2": 2338.3 }, "geometry": { "type": "Polygon", "coordinates": [ [ [ 120.867763858830443, -4.764907744724166 ], [ 120.712301341662268, -4.560595855482331 ], [ 120.401376307325862, -4.56059585548233 ], [ 120.245913790157672, -4.764907744724166 ], [ 120.401376307325862, -4.969278765807862 ], [ 120.712301341662268, -4.969278765807862 ], [ 120.867763858830443, -4.764907744724166 ] ] ] } },
{ "type": "Feature", "properties": { "hex_id": "hex_02382", "road_length_km": 4.082, "hex_area_km2": 2338.3 }, "geometry": { "type": "Polygon", "coordinates": [ [ [ 120.867763858830443, -4.356340518694458 ], [ 120.712301341662268, -4.152139161494565 ], [ 120.401376307325862, -4.152139161494565 ], [ 120.245913790157672, -4.356340518694458 ], [ 120.401376307325862, -4.56059585548233 ], [ 120.712301341662268, -4.560595855482331 ], [ 120.867763858830443, -4.356340518694458 ] ] ] } },
{ "type": "Feature", "properties": { "hex_id": "hex_02383", "road_length_km": 7.58, "hex_area_km2": 2338.3 }, "geometry": { "type": "Polygon", "coordinates": [ [ [ 120.867763858830443, -3.947989217232776 ], [ 120.712301341662268, -3.743888125171488 ], [ 120.401376307325862, -3.743888125171488 ], [ 120.245913790157672, -3.947989217232776 ], [ 120.401376307325862, -4.152139161494565 ], [ 120.712301341662268, -4.152139161494565 ], [ 120.867763858830443, -3.947989217232776 ] ] ] } },
{ "type": "Feature", "properties": { "hex_id": "hex_02384", "road_length_km": 47.72, "hex_area_km2": 2338.3 }, "geometry": { "type": "Polygon", "coordinates": [ [ [ 120.867763858830443, -3.539833330183449 ], [ 120.712301341662268, -3.335822282451612 ], [ 120.401376307325862, -3.335822282451612 ], [ 120.245913790157672, -3.539833330183449 ], [ 120.401376307325862, -3.743888125171488 ], [ 120.712301341662268, -3.743888125171488 ], [ 120.867763858830443, -3.539833330183449 ] ] ] } },
{ "type": "Feature", "properties": { "hex_id": "hex_02385", "road_length_km": 2.186, "hex_area_km2": 2338.3 }, "geometry": { "type": "Polygon", "coordinates": [ [ [ 120.867763858830443, -3.131852437170682 ], [ 120.712301341662268, -2.927921254250273 ], [ 120.401376307325862, -2.927921254250273 ], [ 120.245913790157672, -3.131852437170682 ], [ 120.401376307325862, -3.335822282451612 ], [ 120.712301341662268, -3.335822282451612 ], [ 120.867763858830443, -3.131852437170682 ] ] ] } },
{ "type": "Feature", "properties": { "hex_id": "hex_02386", "road_length_km": 49.135, "hex_area_km2": 2338.3 }, "geometry": { "type": "Polygon", "coordinates": [ [ [ 120.867763858830443, -2.724026198019544 ], [ 120.712301341662268, -2.520164736933245 ], [ 120.401376307325862, -2.520164736933245 ], [ 120.245913790157672, -2.724026198019544 ], [ 120.401376307325862, -2.927921254250273 ], [ 120.712301341662268, -2.927921254250273 ], [ 120.867763858830443, -2.724026198019544 ] ] ] } },
{ "type": "Feature", "properties": { "hex_id": "hex_02387", "road_length_km": 65.78, "hex_area_km2": 2338.3 }, "geometry": { "type": "Polygon", "coordinates": [ [ [ 120.867763858830443, -2.316334343279074 ], [ 120.712301341662268, -2.112532492886234 ], [ 120.401376307325862, -2.112532492886234 ], [ 120.245913790157672, -2.316334343279074 ], [ 120.401376307325862, -2.520164736933245 ], [ 120.712301341662268, -2.520164736933245 ], [ 120.867763858830443, -2.316334343279074 ] ] ] } },
{ "type": "Feature", "properties": { "hex_id": "hex_02388", "road_length_km": 85.36, "hex_area_km2": 2338.3 }, "geometry": { "type": "Polygon", "coordinates": [ [ [ 120.867763858830443, -1.908756664835123 ], [ 120.712301341662268, -1.705004341168037 ], [ 120.401376307325862, -1.705004341168037 ], [ 120.245913790157672, -1.908756664835123 ], [ 120.401376307325862, -2.112532492886234 ], [ 120.712301341662268, -2.112532492886234 ], [ 120.867763858830443, -1.908756664835123 ] ] ] } },
{ "type": "Feature", "properties": { "hex_id": "hex_02389", "road_length_km": 92.227, "hex_area_km2": 2338.3 }, "geometry": { "type": "Polygon", "coordinates": [ [ [ 120.867763858830443, -1.501273006600813 ], [ 120.712301341662268, -1.297560148235313 ], [ 120.401376307325862, -1.297560148235313 ], [ 120.245913790157672, -1.501273006600813 ], [ 120.401376307325862, -1.705004341168037 ], [ 120.712301341662268, -1.705004341168037 ], [ 120.867763858830443, -1.501273006600813 ] ] ] } },
{ "type": "Feature", "properties": { "hex_id": "hex_02390", "road_length_km": 70.374, "hex_area_km2": 2338.3 }, "geometry": { "type": "Polygon", "coordinates": [ [ [ 120.867763858830443, -1.093863255272656 ], [ 120.712301341662268, -0.890179818727112 ], [ 120.401376307325862, -0.890179818727112 ], [ 120.245913790157672, -1.093863255272656 ], [ 120.401376307325862, -1.297560148235313 ], [ 120.712301341662268, -1.297560148235313 ], [ 120.867763858830443, -1.093863255272656 ] ] ] } },
{ "type": "Feature", "properties": { "hex_id": "hex_02394", "road_length_km": 66.063, "hex_area_km2": 2338.3 }, "geometry": { "type": "Polygon", "coordinates": [ [ [ 120.867763858830443, 0.53543796317846 ], [ 120.712301341662268, 0.739103948342439 ], [ 120.401376307325862, 0.739103948342439 ], [ 120.245913790157672, 0.53543796317846 ], [ 120.401376307325862, 0.331778562396121 ], [ 120.712301341662268, 0.331778562396121 ], [ 120.867763858830443, 0.53543796317846 ] ] ] } },
{ "type": "Feature", "properties": { "hex_id": "hex_02395", "road_length_km": 131.03, "hex_area_km2": 2338.3 }, "geometry": { "type": "Polygon", "coordinates": [ [ [ 120.867763858830443, 0.942779023365856 ], [ 120.712301341662268, 1.146465694757876 ], [ 120.401376307325862, 1.146465694757876 ], [ 120.245913790157672, 0.942779023365856 ], [ 120.401376307325862, 0.739103948342439 ], [ 120.712301341662268, 0.739103948342439 ], [ 120.867763858830443, 0.942779023365856 ] ] ] } },
{ "type": "Feature", "properties": { "hex_id": "hex_02396", "road_length_km": 10.085, "hex_area_km2": 2338.3 }, "geometry": { "type": "Polygon", "coordinates": [ [ [ 120.867763858830443, 1.350166470343796 ], [ 120.712301341662268, 1.553883859550215 ], [ 120.401376307325862, 1.553883859550215 ], [ 120.245913790157672, 1.350166470343796 ], [ 120.401376307325862, 1.146465694757876 ], [ 120.712301341662268, 1.146465694757876 ], [ 120.867763858830443, 1.350166470343796 ] ] ] } },
{ "type": "Feature", "properties": { "hex_id": "hex_02415", "road_length_km": 96.676, "hex_area_km2": 2338.3 }, "geometry": { "type": "Polygon", "coordinates": [ [ [ 121.334151410335025, -8.661056517363347 ], [ 121.178688893166822, -8.45517071927965 ], [ 120.867763858830443, -8.45517071927965 ], [ 120.712301341662268, -8.661056517363347 ], [ 120.867763858830443, -8.867052119746386 ], [ 121.178688893166822, -8.867052119746386 ], [ 121.334151410335025, -8.661056517363347 ] ] ] } },
{ "type": "Feature", "properties": { "hex_id": "hex_02427", "road_length_km": 70.059, "hex_area_km2": 2338.3 }, "geometry": { "type": "Polygon", "coordinates": [ [ [ 121.334151410335025, -3.743888125171486 ], [ 121.178688893166822, -3.539833330183447 ], [ 120.867763858830443, -3.539833330183447 ], [ 120.712301341662268, -3.743888125171486 ], [ 120.867763858830443, -3.947989217232773 ], [ 121.178688893166822, -3.947989217232773 ], [ 121.334151410335025, -3.743888125171486 ] ] ] } },
{ "type": "Feature", "properties": { "hex_id": "hex_02428", "road_length_km": 77.888, "hex_area_km2": 2338.3 }, "geometry": { "type": "Polygon", "coordinates": [ [ [ 121.334151410335025, -3.335822282451609 ], [ 121.178688893166822, -3.13185243717068 ], [ 120.867763858830443, -3.13185243717068 ], [ 120.712301341662268, -3.335822282451609 ], [ 120.867763858830443, -3.539833330183447 ], [ 121.178688893166822, -3.539833330183447 ], [ 121.334151410335025, -3.335822282451609 ] ] ] } },
{ "type": "Feature", "properties": { "hex_id": "hex_02429", "road_length_km": 70.245, "hex_area_km2": 2338.3 }, "geometry": { "type": "Polygon", "coordinates": [ [ [ 121.334151410335025, -2.927921254250271 ], [ 121.178688893166822, -2.724026198019542 ], [ 120.867763858830443, -2.724026198019542 ], [ 120.712301341662268, -2.927921254250271 ], [ 120.867763858830443, -3.13185243717068 ], [ 121.178688893166822, -3.13185243717068 ], [ 121.334151410335025, -2.927921254250271 ] ] ] } },
{ "type": "Feature", "properties": { "hex_id": "hex_02430", "road_length_km": 94.247, "hex_area_km2": 2338.3 }, "geometry": { "type": "Polygon", "coordinates": [ [ [ 121.334151410335025, -2.520164736933243 ], [ 121.178688893166822, -2.316334343279071 ], [ 120.867763858830443, -2.316334343279071 ], [ 120.712301341662268, -2.520164736933243 ], [ 120.867763858830443, -2.724026198019542 ], [ 121.178688893166822, -2.724026198019542 ], [ 121.334151410335025, -2.520164736933243 ] ] ] } },
{ "type": "Feature", "properties": { "hex_id": "hex_02431", "road_length_km": 87.994, "hex_area_km2": 2338.3 }, "geometry": { "type": "Polygon", "coordinates": [ [ [ 121.334151410335025, -2.112532492886232 ], [ 121.178688893166822, -1.90875666483512 ], [ 120.867763858830443, -1.90875666483512 ], [ 120.712301341662268, -2.112532492886232 ], [ 120.867763858830443, -2.316334343279071 ], [ 121.178688893166822, -2.316334343279071 ], [ 121.334151410335025, -2.112532492886232 ] ] ] } },
{ "type": "Feature", "properties": { "hex_id": "hex_02432", "road_length_km": 6.872, "hex_area_km2": 2338.3 }, "geometry": { "type": "Polygon", "coordinates": [ [ [ 121.334151410335025, -1.705004341168034 ], [ 121.178688893166822, -1.501273006600811 ], [ 120.867763858830443, -1.501273006600811 ], [ 120.712301341662268, -1.705004341168034 ], [ 120.867763858830443, -1.90875666483512 ], [ 121.178688893166822, -1.90875666483512 ], [ 121.334151410335025, -1.705004341168034 ] ] ] } },
{ "type": "Feature", "properties": { "hex_id": "hex_02433", "road_length_km": 74.645, "hex_area_km2": 2338.3 }, "geometry": { "type": "Polygon", "coordinates": [ [ [ 121.334151410335025, -1.297560148235311 ], [ 121.178688893166822, -1.093863255272653 ], [ 120.867763858830443, -1.093863255272653 ], [ 120.712301341662268, -1.297560148235311 ], [ 120.867763858830443, -1.501273006600811 ], [ 121.178688893166822, -1.501273006600811 ], [ 121.334151410335025, -1.297560148235311 ] ] ] } },
{ "type": "Feature", "properties": { "hex_id": "hex_02437", "road_length_km": 54.759, "hex_area_km2": 2338.3 }, "geometry": { "type": "Polygon", "coordinates": [ [ [ 121.334151410335025, 0.331778562396123 ], [ 121.178688893166822, 0.535437963178462 ], [ 120.867763858830443, 0.535437963178462 ], [ 120.712301341662268, 0.331778562396123 ], [ 120.867763858830443, 0.12812324126456 ], [ 121.178688893166822, 0.12812324126456 ], [ 121.334151410335025, 0.331778562396123 ] ] ] } },
{ "type": "Feature", "properties": { "hex_id": "hex_02438", "road_length_km": 5.11, "hex_area_km2": 2338.3 }, "geometry": { "type": "Polygon", "coordinates": [ [ [ 121.334151410335025, 0.739103948342442 ], [ 121.178688893166822, 0.942779023365858 ], [ 120.867763858830443, 0.942779023365858 ], [ 120.712301341662268, 0.739103948342442 ], [ 120.867763858830443, 0.535437963178462 ], [ 121.178688893166822, 0.535437963178462 ], [ 121.334151410335025, 0.739103948342442 ] ] ] } },
{ "type": "Feature", "properties": { "hex_id": "hex_02439", "road_length_km": 121.285, "hex_area_km2": 2338.3 }, "geometry": { "type": "Polygon", "coordinates": [ [ [ 121.334151410335025, 1.146465694757878 ], [ 121.178688893166822, 1.350166470343798 ], [ 120.867763858830443, 1.350166470343798 ], [ 120.712301341662268, 1.146465694757878 ], [ 120.867763858830443, 0.942779023365858 ], [ 121.178688893166822, 0.942779023365858 ], [ 121.334151410335025, 1.146465694757878 ] ] ] } },
{ "type": "Feature", "properties": { "hex_id": "hex_02453", "road_length_km": 11.775, "hex_area_km2": 2338.3 }, "geometry": { "type": "Polygon", "coordinates": [ [ [ 121.800538961839607, -10.519306215566903 ], [ 121.645076444671403, -10.312330977186912 ], [ 121.334151410335025, -10.312330977186912 ], [ 121.178688893166822, -10.519306215566903 ], [ 121.334151410335025, -10.726416783008039 ], [ 121.645076444671403, -10.726416783008039 ], [ 121.800538961839607, -10.519306215566903 ] ] ] } },
{ "type": "Feature", "properties": { "hex_id": "hex_02457", "road_length_km": 94.801, "hex_area_km2": 2338.3 }, "geometry": { "type": "Polygon", "coordinates": [ [ [ 121.800538961839607, -8.867052119746388 ], [ 121.645076444671403, -8.661056517363349 ], [ 121.334151410335025, -8.661056517363349 ], [ 121.178688893166822, -8.867052119746388 ], [ 121.334151410335025, -9.073160304507155 ], [ 121.645076444671403, -9.073160304507155 ], [ 121.800538961839607, -8.867052119746388 ] ] ] } },
{ "type": "Feature", "properties": { "hex_id": "hex_02458", "road_length_km": 30.637, "hex_area_km2": 2338.3 }, "geometry": { "type": "Polygon", "coordinates": [ [ [ 121.800538961839607, -8.455170719279652 ], [ 121.645076444671403, -8.249391960643482 ], [ 121.334151410335025, -8.249391960643482 ], [ 121.178688893166822, -8.455170719279652 ], [ 121.334151410335025, -8.661056517363349 ], [ 121.645076444671403, -8.661056517363349 ], [ 121.800538961839607, -8.455170719279652 ] ] ] } },
{ "type": "Feature", "properties": { "hex_id": "hex_02467", "road_length_km": 69.9, "hex_area_km2": 2338.3 }, "geometry": { "type": "Polygon", "coordinates": [ [ [ 121.800538961839607, -4.764907744724166 ], [ 121.645076444671403, -4.560595855482331 ], [ 121.334151410335025, -4.56059585548233 ], [ 121.178688893166822, -4.764907744724166 ], [ 121.334151410335025, -4.969278765807862 ], [ 121.645076444671403, -4.969278765807862 ], [ 121.800538961839607, -4.764907744724166 ] ] ] } },
{ "type": "Feature", "properties": { "hex_id": "hex_02468", "road_length_km": 55.755, "hex_area_km2": 2338.3 }, "geometry": { "type": "Polygon", "coordinates": [ [ [ 121.800538961839607, -4.356340518694458 ], [ 121.645076444671403, -4.152139161494565 ], [ 121.334151410335025, -4.152139161494565 ], [ 121.178688893166822, -4.356340518694458 ], [ 121.334151410335025, -4.56059585548233 ], [ 121.645076444671403, -4.560595855482331 ], [ 121.800538961839607, -4.356340518694458 ] ] ] } },
{ "type": "Feature", "properties": { "hex_id": "hex_02469", "road_length_km": 90.289, "hex_area_km2": 2338.3 }, "geometry": { "type": "Polygon", "coordinates": [ [ [ 121.800538961839607, -3.947989217232776 ], [ 121.645076444671403, -3.743888125171488 ], [ 121.334151410335025, -3.743888125171488 ], [ 121.178688893166822, -3.947989217232776 ], [ 121.334151410335025, -4.152139161494565 ], [ 121.645076444671403, -4.152139161494565 ], [ 121.800538961839607, -3.947989217232776 ] ] ] } },
{ "type": "Feature", "properties": { "hex_id": "hex_02473", "road_length_km": 38.158, "hex_area_km2": 2338.3 }, "geometry": { "type": "Polygon", "coordinates": [ [ [ 121.800538961839607, -2.316334343279074 ], [ 121.645076444671403, -2.112532492886234 ], [ 121.334151410335025, -2.112532492886234 ], [ 121.178688893166822, -2.316334343279074 ], [ 121.334151410335025, -2.520164736933245 ], [ 121.645076444671403, -2.520164736933245 ], [ 121.800538961839607, -2.316334343279074 ] ] ] } },
{ "type": "Feature", "properties": { "hex_id": "hex_02474", "road_length_km": 37.557, "hex_area_km2": 2338.3 }, "geometry": { "type": "Polygon", "coordinates": [ [ [ 121.800538961839607, -1.908756664835123 ], [ 121.645076444671403, -1.705004341168037 ], [ 121.334151410335025, -1.705004341168037 ], [ 121.178688893166822, -1.908756664835123 ], [ 121.334151410335025, -2.112532492886234 ], [ 121.645076444671403, -2.112532492886234 ], [ 121.800538961839607, -1.908756664835123 ] ] ] } },
{ "type": "Feature", "properties": { "hex_id": "hex_02476", "road_length_km": 57.667, "hex_area_km2": 2338.3 }, "geometry": { "type": "Polygon", "coordinates": [ [ [ 121.800538961839607, -1.093863255272656 ], [ 121.645076444671403, -0.890179818727112 ], [ 121.334151410335025, -0.890179818727112 ], [ 121.178688893166822, -1.093863255272656 ], [ 121.334151410335025, -1.297560148235313 ], [ 121.645076444671403, -1.297560148235313 ], [ 121.800538961839607, -1.093863255272656 ] ] ] } },
{ "type": "Feature", "properties": { "hex_id": "hex_02477", "road_length_km": 19.017, "hex_area_km2": 2338.3 }, "geometry": { "type": "Polygon", "coordinates": [ [ [ 121.800538961839607, -0.686507331140564 ], [ 121.645076444671403, -0.482843286297452 ], [ 121.334151410335025, -0.482843286297452 ], [ 121.178688893166822, -0.686507331140564 ], [ 121.334151410335025, -0.890179818727112 ], [ 121.645076444671403, -0.890179818727112 ], [ 121.800538961839607, -0.686507331140564 ] ] ] } },
{ "type": "Feature", "properties": { "hex_id": "hex_02480", "road_length_km": 84.834, "hex_area_km2": 2338.3 }, "geometry": { "type": "Polygon", "coordinates": [ [ [ 121.800538961839607, 0.53543796317846 ], [ 121.645076444671403, 0.739103948342439 ], [ 121.334151410335025, 0.739103948342439 ], [ 121.178688893166822, 0.53543796317846 ], [ 121.334151410335025, 0.331778562396121 ], [ 121.645076444671403, 0.331778562396121 ], [ 121.800538961839607, 0.53543796317846 ] ] ] } },
{ "type": "Feature", "properties": { "hex_id": "hex_02481", "road_length_km": 51.791, "hex_area_km2": 2338.3 }, "geometry": { "type": "Polygon", "coordinates": [ [ [ 121.800538961839607, 0.942779023365856 ], [ 121.645076444671403, 1.146465694757876 ], [ 121.334151410335025, 1.146465694757876 ], [ 121.178688893166822, 0.942779023365856 ], [ 121.334151410335025, 0.739103948342439 ], [ 121.645076444671403, 0.739103948342439 ], [ 121.800538961839607, 0.942779023365856 ] ] ] } },
{ "type": "Feature", "properties": { "hex_id": "hex_02482", "road_length_km": 36.512, "hex_area_km2": 2338.3 }, "geometry": { "type": "Polygon", "coordinates": [ [ [ 121.800538961839607, 1.350166470343796 ], [ 121.645076444671403, 1.553883859550215 ], [ 121.334151410335025, 1.553883859550215 ], [ 121.178688893166822, 1.350166470343796 ], [ 121.334151410335025, 1.146465694757876 ], [ 121.645076444671403, 1.146465694757876 ], [ 121.800538961839607, 1.350166470343796 ] ] ] } },
{ "type": "Feature", "properties": { "hex_id": "hex_02496", "road_length_km": 1.764, "hex_area_km2": 2338.3 }, "geometry": { "type": "Polygon", "coordinates": [ [ [ 122.266926513344188, -10.726416783008037 ], [ 122.111463996175985, -10.519306215566903 ], [ 121.800538961839607, -10.519306215566903 ], [ 121.645076444671403, -10.726416783008037 ], [ 121.800538961839607, -10.933665594051337 ], [ 122.111463996175985, -10.933665594051337 ], [ 122.266926513344188, -10.726416783008037 ] ] ] } },
{ "type": "Feature", "properties": { "hex_id": "hex_02497", "road_length_km": 30.991, "hex_area_km2": 2338.3 }, "geometry": { "type": "Polygon", "coordinates": [ [ [ 122.266926513344188, -10.312330977186908 ], [ 122.111463996175985, -10.105488170101077 ], [ 121.800538961839607, -10.105488170101077 ], [ 121.645076444671403, -10.312330977186908 ], [ 121.800538961839607, -10.519306215566903 ], [ 122.111463996175985, -10.519306215566903 ], [ 122.266926513344188, -10.312330977186908 ] ] ] } },
{ "type": "Feature", "properties": { "hex_id": "hex_02501", "road_length_km": 137.129, "hex_area_km2": 2338.3 }, "geometry": { "type": "Polygon", "coordinates": [ [ [ 122.266926513344188, -8.661056517363347 ], [ 122.111463996175985, -8.45517071927965 ], [ 121.800538961839607, -8.45517071927965 ], [ 121.645076444671403, -8.661056517363347 ], [ 121.800538961839607, -8.867052119746386 ], [ 122.111463996175985, -8.867052119746386 ], [ 122.266926513344188, -8.661056517363347 ] ] ] } },
{ "type": "Feature", "properties": { "hex_id": "hex_02510", "road_length_km": 13.649, "hex_area_km2": 2338.3 }, "geometry": { "type": "Polygon", "coordinates": [ [ [ 122.266926513344188, -4.96927876580786 ], [ 122.111463996175985, -4.764907744724163 ], [ 121.800538961839607, -4.764907744724163 ], [ 121.645076444671403, -4.96927876580786 ], [ 121.800538961839607, -5.173711504951152 ], [ 122.111463996175985, -5.173711504951153 ], [ 122.266926513344188, -4.96927876580786 ] ] ] } },
{ "type": "Feature", "properties": { "hex_id": "hex_02511", "road_length_km": 86.262, "hex_area_km2": 2338.3 }, "geometry": { "type": "Polygon", "coordinates": [ [ [ 122.266926513344188, -4.560595855482329 ], [ 122.111463996175985, -4.356340518694457 ], [ 121.800538961839607, -4.356340518694456 ], [ 121.645076444671403, -4.560595855482329 ], [ 121.800538961839607, -4.764907744724163 ], [ 122.111463996175985, -4.764907744724163 ], [ 122.266926513344188, -4.560595855482329 ] ] ] } },
{ "type": "Feature", "properties": { "hex_id": "hex_02512", "road_length_km": 68.228, "hex_area_km2": 2338.3 }, "geometry": { "type": "Polygon", "coordinates": [ [ [ 122.266926513344188, -4.152139161494564 ], [ 122.111463996175985, -3.947989217232773 ], [ 121.800538961839607, -3.947989217232773 ], [ 121.645076444671403, -4.152139161494564 ], [ 121.800538961839607, -4.356340518694456 ], [ 122.111463996175985, -4.356340518694457 ], [ 122.266926513344188, -4.152139161494564 ] ] ] } },
{ "type": "Feature", "properties": { "hex_id": "hex_02513", "road_length_km": 25.651, "hex_area_km2": 2338.3 }, "geometry": { "type": "Polygon", "coordinates": [ [ [ 122.266926513344188, -3.743888125171486 ], [ 122.111463996175985, -3.539833330183447 ], [ 121.800538961839607, -3.539833330183447 ], [ 121.645076444671403, -3.743888125171486 ], [ 121.800538961839607, -3.947989217232773 ], [ 122.111463996175985, -3.947989217232773 ], [ 122.266926513344188, -3.743888125171486 ] ] ] } },
{ "type": "Feature", "properties": { "hex_id": "hex_02514", "road_length_km": 81.254, "hex_area_km2": 2338.3 }, "geometry": { "type": "Polygon", "coordinates": [ [ [ 122.266926513344188, -3.335822282451609 ], [ 122.111463996175985, -3.13185243717068 ], [ 121.800538961839607, -3.13185243717068 ], [ 121.645076444671403, -3.335822282451609 ], [ 121.800538961839607, -3.539833330183447 ], [ 122.111463996175985, -3.539833330183447 ], [ 122.266926513344188, -3.335822282451609 ] ] ] } },
{ "type": "Feature", "properties": { "hex_id": "hex_02515", "road_length_km": 48.313, "hex_area_km2": 2338.3 }, "geometry": { "type": "Polygon", "coordinates": [ [ [ 122.266926513344188, -2.927921254250271 ], [ 122.111463996175985, -2.724026198019542 ], [ 121.800538961839607, -2.724026198019542 ], [ 121.645076444671403, -2.927921254250271 ], [ 121.800538961839607, -3.13185243717068 ], [ 122.111463996175985, -3.13185243717068 ], [ 122.266926513344188, -2.927921254250271 ] ] ] } },
{ "type": "Feature", "properties": { "hex_id": "hex_02516", "road_length_km": 56.954, "hex_area_km2": 2338.3 }, "geometry": { "type": "Polygon", "coordinates": [ [ [ 122.266926513344188, -2.520164736933243 ], [ 122.111463996175985, -2.316334343279071 ], [ 121.800538961839607, -2.316334343279071 ], [ 121.645076444671403, -2.520164736933243 ], [ 121.800538961839607, -2.724026198019542 ], [ 122.111463996175985, -2.724026198019542 ], [ 122.266926513344188, -2.520164736933243 ] ] ] } },
{ "type": "Feature", "properties": { "hex_id": "hex_02517", "road_length_km": 17.703, "hex_area_km2": 2338.3 }, "geometry": { "type": "Polygon", "coordinates": [ [ [ 122.266926513344188, -2.112532492886232 ], [ 122.111463996175985, -1.90875666483512 ], [ 121.800538961839607, -1.90875666483512 ], [ 121.645076444671403, -2.112532492886232 ], [ 121.800538961839607, -2.316334343279071 ], [ 122.111463996175985, -2.316334343279071 ], [ 122.266926513344188, -2.112532492886232 ] ] ] } },
{ "type": "Feature", "properties": { "hex_id": "hex_02518", "road_length_km": 76.103, "hex_area_km2": 2338.3 }, "geometry": { "type": "Polygon", "coordinates": [ [ [ 122.266926513344188, -1.705004341168034 ], [ 122.111463996175985, -1.501273006600811 ], [ 121.800538961839607, -1.501273006600811 ], [ 121.645076444671403, -1.705004341168034 ], [ 121.800538961839607, -1.90875666483512 ], [ 122.111463996175985, -1.90875666483512 ], [ 122.266926513344188, -1.705004341168034 ] ] ] } },
{ "type": "Feature", "properties": { "hex_id": "hex_02520", "road_length_km": 86.715, "hex_area_km2": 2338.3 }, "geometry": { "type": "Polygon", "coordinates": [ [ [ 122.266926513344188, -0.890179818727109 ], [ 122.111463996175985, -0.686507331140562 ], [ 121.800538961839607, -0.686507331140562 ], [ 121.645076444671403, -0.890179818727109 ], [ 121.800538961839607, -1.093863255272653 ], [ 122.111463996175985, -1.093863255272653 ], [ 122.266926513344188, -0.890179818727109 ] ] ] } },
{ "type": "Feature", "properties": { "hex_id": "hex_02523", "road_length_km": 49.072, "hex_area_km2": 2338.3 }, "geometry": { "type": "Polygon", "coordinates": [ [ [ 122.266926513344188, 0.331778562396123 ], [ 122.111463996175985, 0.535437963178462 ], [ 121.800538961839607, 0.535437963178462 ], [ 121.645076444671403, 0.331778562396123 ], [ 121.800538961839607, 0.12812324126456 ], [ 122.111463996175985, 0.12812324126456 ], [ 122.266926513344188, 0.331778562396123 ] ] ] } },
{ "type": "Feature", "properties": { "hex_id": "hex_02524", "road_length_km": 45.778, "hex_area_km2": 2338.3 }, "geometry": { "type": "Polygon", "coordinates": [ [ [ 122.266926513344188, 0.739103948342442 ], [ 122.111463996175985, 0.942779023365858 ], [ 121.800538961839607, 0.942779023365858 ], [ 121.645076444671403, 0.739103948342442 ], [ 121.800538961839607, 0.535437963178462 ], [ 122.111463996175985, 0.535437963178462 ], [ 122.266926513344188, 0.739103948342442 ] ] ] } },
{ "type": "Feature", "properties": { "hex_id": "hex_02525", "road_length_km": 105.657, "hex_area_km2": 2338.3 }, "geometry": { "type": "Polygon", "coordinates": [ [ [ 122.266926513344188, 1.146465694757878 ], [ 122.111463996175985, 1.350166470343798 ], [ 121.800538961839607, 1.350166470343798 ], [ 121.645076444671403, 1.146465694757878 ], [ 121.800538961839607, 0.942779023365858 ], [ 122.111463996175985, 0.942779023365858 ], [ 122.266926513344188, 1.146465694757878 ] ] ] } },
{ "type": "Feature", "properties": { "hex_id": "hex_02544", "road_length_km": 70.589, "hex_area_km2": 2338.3 }, "geometry": { "type": "Polygon", "coordinates": [ [ [ 122.733314064848756, -8.455170719279652 ], [ 122.577851547680567, -8.249391960643482 ], [ 122.266926513344188, -8.249391960643482 ], [ 122.111463996175985, -8.455170719279652 ], [ 122.266926513344188, -8.661056517363349 ], [ 122.577851547680567, -8.661056517363349 ], [ 122.733314064848756, -8.455170719279652 ] ] ] } },
{ "type": "Feature", "properties": { "hex_id": "hex_02551", "road_length_km": 13.23, "hex_area_km2": 2338.3 }, "geometry": { "type": "Polygon", "coordinates": [ [ [ 122.733314064848756, -5.582772518299619 ], [ 122.577851547680567, -5.378208555511726 ], [ 122.266926513344188, -5.378208555511724 ], [ 122.111463996175985, -5.582772518299619 ], [ 122.266926513344188, -5.787406001892075 ], [ 122.577851547680567, -5.787406001892075 ], [ 122.733314064848756, -5.582772518299619 ] ] ] } },
{ "type": "Feature", "properties": { "hex_id": "hex_02553", "road_length_km": 45.014, "hex_area_km2": 2338.3 }, "geometry": { "type": "Polygon", "coordinates": [ [ [ 122.733314064848756, -4.764907744724166 ], [ 122.577851547680567, -4.560595855482331 ], [ 122.266926513344188, -4.56059585548233 ], [ 122.111463996175985, -4.764907744724166 ], [ 122.266926513344188, -4.969278765807862 ], [ 122.577851547680567, -4.969278765807862 ], [ 122.733314064848756, -4.764907744724166 ] ] ] } },
{ "type": "Feature", "properties": { "hex_id": "hex_02554", "road_length_km": 90.501, "hex_area_km2": 2338.3 }, "geometry": { "type": "Polygon", "coordinates": [ [ [ 122.733314064848756, -4.356340518694458 ], [ 122.577851547680567, -4.152139161494565 ], [ 122.266926513344188, -4.152139161494565 ], [ 122.111463996175985, -4.356340518694458 ], [ 122.266926513344188, -4.56059585548233 ], [ 122.577851547680567, -4.560595855482331 ], [ 122.733314064848756, -4.356340518694458 ] ] ] } },
{ "type": "Feature", "properties": { "hex_id": "hex_02555", "road_length_km": 176.356, "hex_area_km2": 2338.3 }, "geometry": { "type": "Polygon", "coordinates": [ [ [ 122.733314064848756, -3.947989217232776 ], [ 122.577851547680567, -3.743888125171488 ], [ 122.266926513344188, -3.743888125171488 ], [ 122.111463996175985, -3.947989217232776 ], [ 122.266926513344188, -4.152139161494565 ], [ 122.577851547680567, -4.152139161494565 ], [ 122.733314064848756, -3.947989217232776 ] ] ] } },
{ "type": "Feature", "properties": { "hex_id": "hex_02556", "road_length_km": 39.41, "hex_area_km2": 2338.3 }, "geometry": { "type": "Polygon", "coordinates": [ [ [ 122.733314064848756, -3.539833330183449 ], [ 122.577851547680567, -3.335822282451612 ], [ 122.266926513344188, -3.335822282451612 ], [ 122.111463996175985, -3.539833330183449 ], [ 122.266926513344188, -3.743888125171488 ], [ 122.577851547680567, -3.743888125171488 ], [ 122.733314064848756, -3.539833330183449 ] ] ] } },
{ "type": "Feature", "properties": { "hex_id": "hex_02557", "road_length_km": 45.062, "hex_area_km2": 2338.3 }, "geometry": { "type": "Polygon", "coordinates": [ [ [ 122.733314064848756, -3.131852437170682 ], [ 122.577851547680567, -2.927921254250273 ], [ 122.266926513344188, -2.927921254250273 ], [ 122.111463996175985, -3.131852437170682 ], [ 122.266926513344188, -3.335822282451612 ], [ 122.577851547680567, -3.335822282451612 ], [ 122.733314064848756, -3.131852437170682 ] ] ] } },
{ "type": "Feature", "properties": { "hex_id": "hex_02561", "road_length_km": 69.986, "hex_area_km2": 2338.3 }, "geometry": { "type": "Polygon", "coordinates": [ [ [ 122.733314064848756, -1.501273006600813 ], [ 122.577851547680567, -1.297560148235313 ], [ 122.266926513344188, -1.297560148235313 ], [ 122.111463996175985, -1.501273006600813 ], [ 122.266926513344188, -1.705004341168037 ], [ 122.577851547680567, -1.705004341168037 ], [ 122.733314064848756, -1.501273006600813 ] ] ] } },
{ "type": "Feature", "properties": { "hex_id": "hex_02562", "road_length_km": 40.107, "hex_area_km2": 2338.3 }, "geometry": { "type": "Polygon", "coordinates": [ [ [ 122.733314064848756, -1.093863255272656 ], [ 122.577851547680567, -0.890179818727112 ], [ 122.266926513344188, -0.890179818727112 ], [ 122.111463996175985, -1.093863255272656 ], [ 122.266926513344188, -1.297560148235313 ], [ 122.577851547680567, -1.297560148235313 ], [ 122.733314064848756, -1.093863255272656 ] ] ] } },
{ "type": "Feature", "properties": { "hex_id": "hex_02563", "road_length_km": 60.513, "hex_area_km2": 2338.3 }, "geometry": { "type": "Polygon", "coordinates": [ [ [ 122.733314064848756, -0.686507331140564 ], [ 122.577851547680567, -0.482843286297452 ], [ 122.266926513344188, -0.482843286297452 ], [ 122.111463996175985, -0.686507331140564 ], [ 122.266926513344188, -0.890179818727112 ], [ 122.577851547680567, -0.890179818727112 ], [ 122.733314064848756, -0.686507331140564 ] ] ] } },
{ "type": "Feature", "properties": { "hex_id": "hex_02566", "road_length_km": 130.889, "hex_area_km2": 2338.3 }, "geometry": { "type": "Polygon", "coordinates": [ [ [ 122.733314064848756, 0.53543796317846 ], [ 122.577851547680567, 0.739103948342439 ], [ 122.266926513344188, 0.739103948342439 ], [ 122.111463996175985, 0.53543796317846 ], [ 122.266926513344188, 0.331778562396121 ], [ 122.577851547680567, 0.331778562396121 ], [ 122.733314064848756, 0.53543796317846 ] ] ] } },
{ "type": "Feature", "properties": { "hex_id": "hex_02567", "road_length_km": 99.308, "hex_area_km2": 2338.3 }, "geometry": { "type": "Polygon", "coordinates": [ [ [ 122.733314064848756, 0.942779023365856 ], [ 122.577851547680567, 1.146465694757876 ], [ 122.266926513344188, 1.146465694757876 ], [ 122.111463996175985, 0.942779023365856 ], [ 122.266926513344188, 0.739103948342439 ], [ 122.577851547680567, 0.739103948342439 ], [ 122.733314064848756, 0.942779023365856 ] ] ] } },
{ "type": "Feature", "properties": { "hex_id": "hex_02582", "road_length_km": 15.811, "hex_area_km2": 2338.3 }, "geometry": { "type": "Polygon", "coordinates": [ [ [ 123.199701616353337, -10.726416783008037 ], [ 123.044239099185134, -10.519306215566903 ], [ 122.733314064848756, -10.519306215566903 ], [ 122.577851547680567, -10.726416783008037 ], [ 122.733314064848756, -10.933665594051337 ], [ 123.044239099185134, -10.933665594051337 ], [ 123.199701616353337, -10.726416783008037 ] ] ] } },
{ "type": "Feature", "properties": { "hex_id": "hex_02587", "road_length_km": 19.144, "hex_area_km2": 2338.3 }, "geometry": { "type": "Polygon", "coordinates": [ [ [ 123.199701616353337, -8.661056517363347 ], [ 123.044239099185134, -8.45517071927965 ], [ 122.733314064848756, -8.45517071927965 ], [ 122.577851547680567, -8.661056517363347 ], [ 122.733314064848756, -8.867052119746386 ], [ 123.044239099185134, -8.867052119746386 ], [ 123.199701616353337, -8.661056517363347 ] ] ] } },
{ "type": "Feature", "properties": { "hex_id": "hex_02588", "road_length_km": 80.302, "hex_area_km2": 2338.3 }, "geometry": { "type": "Polygon", "coordinates": [ [ [ 123.199701616353337, -8.249391960643479 ], [ 123.044239099185134, -8.043717489460143 ], [ 122.733314064848756, -8.043717489460143 ], [ 122.577851547680567, -8.249391960643479 ], [ 122.733314064848756, -8.45517071927965 ], [ 123.044239099185134, -8.45517071927965 ], [ 123.199701616353337, -8.249391960643479 ] ] ] } },
{ "type": "Feature", "properties": { "hex_id": "hex_02595", "road_length_km": 150.851, "hex_area_km2": 2338.3 }, "geometry": { "type": "Polygon", "coordinates": [ [ [ 123.199701616353337, -5.378208555511724 ], [ 123.044239099185134, -5.173711504951153 ], [ 122.733314064848756, -5.173711504951152 ], [ 122.577851547680567, -5.378208555511724 ], [ 122.733314064848756, -5.582772518299616 ], [ 123.044239099185134, -5.582772518299616 ], [ 123.199701616353337, -5.378208555511724 ] ] ] } },
{ "type": "Feature", "properties": { "hex_id": "hex_02596", "road_length_km": 89.027, "hex_area_km2": 2338.3 }, "geometry": { "type": "Polygon", "coordinates": [ [ [ 123.199701616353337, -4.96927876580786 ], [ 123.044239099185134, -4.764907744724163 ], [ 122.733314064848756, -4.764907744724163 ], [ 122.577851547680567, -4.96927876580786 ], [ 122.733314064848756, -5.173711504951152 ], [ 123.044239099185134, -5.173711504951153 ], [ 123.199701616353337, -4.96927876580786 ] ] ] } },
{ "type": "Feature", "properties": { "hex_id": "hex_02597", "road_length_km": 83.068, "hex_area_km2": 2338.3 }, "geometry": { "type": "Polygon", "coordinates": [ [ [ 123.199701616353337, -4.560595855482329 ], [ 123.044239099185134, -4.356340518694457 ], [ 122.733314064848756, -4.356340518694456 ], [ 122.577851547680567, -4.560595855482329 ], [ 122.733314064848756, -4.764907744724163 ], [ 123.044239099185134, -4.764907744724163 ], [ 123.199701616353337, -4.560595855482329 ] ] ] } },
{ "type": "Feature", "properties": { "hex_id": "hex_02598", "road_length_km": 48.921, "hex_area_km2": 2338.3 }, "geometry": { "type": "Polygon", "coordinates": [ [ [ 123.199701616353337, -4.152139161494564 ], [ 123.044239099185134, -3.947989217232773 ], [ 122.733314064848756, -3.947989217232773 ], [ 122.577851547680567, -4.152139161494564 ], [ 122.733314064848756, -4.356340518694456 ], [ 123.044239099185134, -4.356340518694457 ], [ 123.199701616353337, -4.152139161494564 ] ] ] } },
{ "type": "Feature", "properties": { "hex_id": "hex_02605", "road_length_km": 4.561, "hex_area_km2": 2338.3 }, "geometry": { "type": "Polygon", "coordinates": [ [ [ 123.199701616353337, -1.297560148235311 ], [ 123.044239099185134, -1.093863255272653 ], [ 122.733314064848756, -1.093863255272653 ], [ 122.577851547680567, -1.297560148235311 ], [ 122.733314064848756, -1.501273006600811 ], [ 123.044239099185134, -1.501273006600811 ], [ 123.199701616353337, -1.297560148235311 ] ] ] } },
{ "type": "Feature", "properties": { "hex_id": "hex_02606", "road_length_km": 87.775, "hex_area_km2": 2338.3 }, "geometry": { "type": "Polygon", "coordinates": [ [ [ 123.199701616353337, -0.890179818727109 ], [ 123.044239099185134, -0.686507331140562 ], [ 122.733314064848756, -0.686507331140562 ], [ 122.577851547680567, -0.890179818727109 ], [ 122.733314064848756, -1.093863255272653 ], [ 123.044239099185134, -1.093863255272653 ], [ 123.199701616353337, -0.890179818727109 ] ] ] } },
{ "type": "Feature", "properties": { "hex_id": "hex_02609", "road_length_km": 62.655, "hex_area_km2": 2338.3 }, "geometry": { "type": "Polygon", "coordinates": [ [ [ 123.199701616353337, 0.331778562396123 ], [ 123.044239099185134, 0.535437963178462 ], [ 122.733314064848756, 0.535437963178462 ], [ 122.577851547680567, 0.331778562396123 ], [ 122.733314064848756, 0.12812324126456 ], [ 123.044239099185134, 0.12812324126456 ], [ 123.199701616353337, 0.331778562396123 ] ] ] } },
{ "type": "Feature", "properties": { "hex_id": "hex_02610", "road_length_km": 180.956, "hex_area_km2": 2338.3 }, "geometry": { "type": "Polygon", "coordinates": [ [ [ 123.199701616353337, 0.739103948342442 ], [ 123.044239099185134, 0.942779023365858 ], [ 122.733314064848756, 0.942779023365858 ], [ 122.577851547680567, 0.739103948342442 ], [ 122.733314064848756, 0.535437963178462 ], [ 123.044239099185134, 0.535437963178462 ], [ 123.199701616353337, 0.739103948342442 ] ] ] } },
{ "type": "Feature", "properties": { "hex_id": "hex_02611", "road_length_km": 0.22, "hex_area_km2": 2338.3 }, "geometry": { "type": "Polygon", "coordinates": [ [ [ 123.199701616353337, 1.146465694757878 ], [ 123.044239099185134, 1.350166470343798 ], [ 122.733314064848756, 1.350166470343798 ], [ 122.577851547680567, 1.146465694757878 ], [ 122.733314064848756, 0.942779023365858 ], [ 123.044239099185134, 0.942779023365858 ], [ 123.199701616353337, 1.146465694757878 ] ] ] } },
{ "type": "Feature", "properties": { "hex_id": "hex_02625", "road_length_km": 37.868, "hex_area_km2": 2338.3 }, "geometry": { "type": "Polygon", "coordinates": [ [ [ 123.666089167857891, -10.519306215566903 ], [ 123.510626650689716, -10.312330977186912 ], [ 123.199701616353337, -10.312330977186912 ], [ 123.044239099185134, -10.519306215566903 ], [ 123.199701616353337, -10.726416783008039 ], [ 123.510626650689716, -10.726416783008039 ], [ 123.666089167857891, -10.519306215566903 ] ] ] } },
{ "type": "Feature", "properties": { "hex_id": "hex_02626", "road_length_km": 39.661, "hex_area_km2": 2338.3 }, "geometry": { "type": "Polygon", "coordinates": [ [ [ 123.666089167857891, -10.105488170101079 ], [ 123.510626650689716, -9.898774912900604 ], [ 123.199701616353337, -9.898774912900604 ], [ 123.044239099185134, -10.105488170101079 ], [ 123.199701616353337, -10.312330977186912 ], [ 123.510626650689716, -10.312330977186912 ], [ 123.666089167857891, -10.105488170101079 ] ] ] } },
{ "type": "Feature", "properties": { "hex_id": "hex_02630", "road_length_km": 52.609, "hex_area_km2": 2338.3 }, "geometry": { "type": "Polygon", "coordinates": [ [ [ 123.666089167857891, -8.455170719279652 ], [ 123.510626650689716, -8.249391960643482 ], [ 123.199701616353337, -8.249391960643482 ], [ 123.044239099185134, -8.455170719279652 ], [ 123.199701616353337, -8.661056517363349 ], [ 123.510626650689716, -8.661056517363349 ], [ 123.666089167857891, -8.455170719279652 ] ] ] } },
{ "type": "Feature", "properties": { "hex_id": "hex_02638", "road_length_km": 42.155, "hex_area_km2": 2338.3 }, "geometry": { "type": "Polygon", "coordinates": [ [ [ 123.666089167857891, -5.173711504951155 ], [ 123.510626650689716, -4.969278765807862 ], [ 123.199701616353337, -4.969278765807862 ], [ 123.044239099185134, -5.173711504951155 ], [ 123.199701616353337, -5.378208555511724 ], [ 123.510626650689716, -5.378208555511726 ], [ 123.666089167857891, -5.173711504951155 ] ] ] } },
{ "type": "Feature", "properties": { "hex_id": "hex_02651", "road_length_km": 35.412, "hex_area_km2": 2338.3 }, "geometry": { "type": "Polygon", "coordinates": [ [ [ 123.666089167857891, 0.128123241264558 ], [ 123.510626650689716, 0.331778562396121 ], [ 123.199701616353337, 0.331778562396121 ], [ 123.044239099185134, 0.128123241264558 ], [ 123.199701616353337, -0.075530504484363 ], [ 123.510626650689716, -0.075530504484363 ], [ 123.666089167857891, 0.128123241264558 ] ] ] } },
{ "type": "Feature", "properties": { "hex_id": "hex_02652", "road_length_km": 48.553, "hex_area_km2": 2338.3 }, "geometry": { "type": "Polygon", "coordinates": [ [ [ 123.666089167857891, 0.53543796317846 ], [ 123.510626650689716, 0.739103948342439 ], [ 123.199701616353337, 0.739103948342439 ], [ 123.044239099185134, 0.53543796317846 ], [ 123.199701616353337, 0.331778562396121 ], [ 123.510626650689716, 0.331778562396121 ], [ 123.666089167857891, 0.53543796317846 ] ] ] } },
{ "type": "Feature", "properties": { "hex_id": "hex_02653", "road_length_km": 89.55, "hex_area_km2": 2338.3 }, "geometry": { "type": "Polygon", "coordinates": [ [ [ 123.666089167857891, 0.942779023365856 ], [ 123.510626650689716, 1.146465694757876 ], [ 123.199701616353337, 1.146465694757876 ], [ 123.044239099185134, 0.942779023365856 ], [ 123.199701616353337, 0.739103948342439 ], [ 123.510626650689716, 0.739103948342439 ], [ 123.666089167857891, 0.942779023365856 ] ] ] } },
{ "type": "Feature", "properties": { "hex_id": "hex_02669", "road_length_km": 47.045, "hex_area_km2": 2338.3 }, "geometry": { "type": "Polygon", "coordinates": [ [ [ 124.132476719362501, -10.312330977186908 ], [ 123.977014202194297, -10.105488170101077 ], [ 123.666089167857891, -10.105488170101077 ], [ 123.510626650689716, -10.312330977186908 ], [ 123.666089167857891, -10.519306215566903 ], [ 123.977014202194297, -10.519306215566903 ], [ 124.132476719362501, -10.312330977186908 ] ] ] } },
{ "type": "Feature", "properties": { "hex_id": "hex_02670", "road_length_km": 40.644, "hex_area_km2": 2338.3 }, "geometry": { "type": "Polygon", "coordinates": [ [ [ 124.132476719362501, -9.898774912900603 ], [ 123.977014202194297, -9.692188340124828 ], [ 123.666089167857891, -9.692188340124828 ], [ 123.510626650689716, -9.898774912900603 ], [ 123.666089167857891, -10.105488170101077 ], [ 123.977014202194297, -10.105488170101077 ], [ 124.132476719362501, -9.898774912900603 ] ] ] } },
{ "type": "Feature", "properties": { "hex_id": "hex_02674", "road_length_km": 29.028, "hex_area_km2": 2338.3 }, "geometry": { "type": "Polygon", "coordinates": [ [ [ 124.132476719362501, -8.249391960643479 ], [ 123.977014202194297, -8.043717489460143 ], [ 123.666089167857891, -8.043717489460143 ], [ 123.510626650689716, -8.249391960643479 ], [ 123.666089167857891, -8.45517071927965 ], [ 123.977014202194297, -8.45517071927965 ], [ 124.132476719362501, -8.249391960643479 ] ] ] } },
{ "type": "Feature", "properties": { "hex_id": "hex_02681", "road_length_km": 4.035, "hex_area_km2": 2338.3 }, "geometry": { "type": "Polygon", "coordinates": [ [ [ 124.132476719362501, -5.378208555511724 ], [ 123.977014202194297, -5.173711504951153 ], [ 123.666089167857891, -5.173711504951152 ], [ 123.510626650689716, -5.378208555511724 ], [ 123.666089167857891, -5.582772518299616 ], [ 123.977014202194297, -5.582772518299616 ], [ 124.132476719362501, -5.378208555511724 ] ] ] } },
{ "type": "Feature", "properties": { "hex_id": "hex_02695", "road_length_km": 114.15, "hex_area_km2": 2338.3 }, "geometry": { "type": "Polygon", "coordinates": [ [ [ 124.132476719362501, 0.331778562396123 ], [ 123.977014202194297, 0.535437963178462 ], [ 123.666089167857891, 0.535437963178462 ], [ 123.510626650689716, 0.331778562396123 ], [ 123.666089167857891, 0.12812324126456 ], [ 123.977014202194297, 0.12812324126456 ], [ 124.132476719362501, 0.331778562396123 ] ] ] } },
{ "type": "Feature", "properties": { "hex_id": "hex_02696", "road_length_km": 65.917, "hex_area_km2": 2338.3 }, "geometry": { "type": "Polygon", "coordinates": [ [ [ 124.132476719362501, 0.739103948342442 ], [ 123.977014202194297, 0.942779023365858 ], [ 123.666089167857891, 0.942779023365858 ], [ 123.510626650689716, 0.739103948342442 ], [ 123.666089167857891, 0.535437963178462 ], [ 123.977014202194297, 0.535437963178462 ], [ 124.132476719362501, 0.739103948342442 ] ] ] } },
{ "type": "Feature", "properties": { "hex_id": "hex_02712", "road_length_km": 21.634, "hex_area_km2": 2338.3 }, "geometry": { "type": "Polygon", "coordinates": [ [ [ 124.598864270867054, -10.105488170101079 ], [ 124.443401753698879, -9.898774912900604 ], [ 124.132476719362501, -9.898774912900604 ], [ 123.977014202194297, -10.105488170101079 ], [ 124.132476719362501, -10.312330977186912 ], [ 124.443401753698879, -10.312330977186912 ], [ 124.598864270867054, -10.105488170101079 ] ] ] } },
{ "type": "Feature", "properties": { "hex_id": "hex_02713", "road_length_km": 87.101, "hex_area_km2": 2338.3 }, "geometry": { "type": "Polygon", "coordinates": [ [ [ 124.598864270867054, -9.692188340124828 ], [ 124.443401753698879, -9.485725601856849 ], [ 124.132476719362501, -9.485725601856849 ], [ 123.977014202194297, -9.692188340124828 ], [ 124.132476719362501, -9.898774912900604 ], [ 124.443401753698879, -9.898774912900604 ], [ 124.598864270867054, -9.692188340124828 ] ] ] } },
{ "type": "Feature", "properties": { "hex_id": "hex_02714", "road_length_km": 19.238, "hex_area_km2": 2338.3 }, "geometry": { "type": "Polygon", "coordinates": [ [ [ 124.598864270867054, -9.279383863324586 ], [ 124.443401753698879, -9.073160304507155 ], [ 124.132476719362501, -9.073160304507155 ], [ 123.977014202194297, -9.279383863324586 ], [ 124.132476719362501, -9.485725601856849 ], [ 124.443401753698879, -9.485725601856849 ], [ 124.598864270867054, -9.279383863324586 ] ] ] } },
{ "type": "Feature", "properties": { "hex_id": "hex_02716", "road_length_km": 38.485, "hex_area_km2": 2338.3 }, "geometry": { "type": "Polygon", "coordinates": [ [ [ 124.598864270867054, -8.455170719279652 ], [ 124.443401753698879, -8.249391960643482 ], [ 124.132476719362501, -8.249391960643482 ], [ 123.977014202194297, -8.455170719279652 ], [ 124.132476719362501, -8.661056517363349 ], [ 124.443401753698879, -8.661056517363349 ], [ 124.598864270867054, -8.455170719279652 ] ] ] } },
{ "type": "Feature", "properties": { "hex_id": "hex_02738", "road_length_km": 227.641, "hex_area_km2": 2338.3 }, "geometry": { "type": "Polygon", "coordinates": [ [ [ 124.598864270867054, 0.53543796317846 ], [ 124.443401753698879, 0.739103948342439 ], [ 124.132476719362501, 0.739103948342439 ], [ 123.977014202194297, 0.53543796317846 ], [ 124.132476719362501, 0.331778562396121 ], [ 124.443401753698879, 0.331778562396121 ], [ 124.598864270867054, 0.53543796317846 ] ] ] } },
{ "type": "Feature", "properties": { "hex_id": "hex_02739", "road_length_km": 153.568, "hex_area_km2": 2338.3 }, "geometry": { "type": "Polygon", "coordinates": [ [ [ 124.598864270867054, 0.942779023365856 ], [ 124.443401753698879, 1.146465694757876 ], [ 124.132476719362501, 1.146465694757876 ], [ 123.977014202194297, 0.942779023365856 ], [ 124.132476719362501, 0.739103948342439 ], [ 124.443401753698879, 0.739103948342439 ], [ 124.598864270867054, 0.942779023365856 ] ] ] } },
{ "type": "Feature", "properties": { "hex_id": "hex_02740", "road_length_km": 16.948, "hex_area_km2": 2338.3 }, "geometry": { "type": "Polygon", "coordinates": [ [ [ 124.598864270867054, 1.350166470343796 ], [ 124.443401753698879, 1.553883859550215 ], [ 124.132476719362501, 1.553883859550215 ], [ 123.977014202194297, 1.350166470343796 ], [ 124.132476719362501, 1.146465694757876 ], [ 124.443401753698879, 1.146465694757876 ], [ 124.598864270867054, 1.350166470343796 ] ] ] } },
{ "type": "Feature", "properties": { "hex_id": "hex_02757", "road_length_km": 77.068, "hex_area_km2": 2338.3 }, "geometry": { "type": "Polygon", "coordinates": [ [ [ 125.065251822371636, -9.485725601856847 ], [ 124.909789305203461, -9.279383863324584 ], [ 124.598864270867054, -9.279383863324584 ], [ 124.443401753698879, -9.485725601856847 ], [ 124.598864270867054, -9.692188340124828 ], [ 124.909789305203461, -9.692188340124828 ], [ 125.065251822371636, -9.485725601856847 ] ] ] } },
{ "type": "Feature", "properties": { "hex_id": "hex_02758", "road_length_km": 57.674, "hex_area_km2": 2338.3 }, "geometry": { "type": "Polygon", "coordinates": [ [ [ 125.065251822371636, -9.073160304507152 ], [ 124.909789305203461, -8.867052119746386 ], [ 124.598864270867054, -8.867052119746386 ], [ 124.443401753698879, -9.073160304507152 ], [ 124.598864270867054, -9.279383863324584 ], [ 124.909789305203461, -9.279383863324584 ], [ 125.065251822371636, -9.073160304507152 ] ] ] } },
{ "type": "Feature", "properties": { "hex_id": "hex_02760", "road_length_km": 99.506, "hex_area_km2": 2338.3 }, "geometry": { "type": "Polygon", "coordinates": [ [ [ 125.065251822371636, -8.249391960643479 ], [ 124.909789305203461, -8.043717489460143 ], [ 124.598864270867054, -8.043717489460143 ], [ 124.443401753698879, -8.249391960643479 ], [ 124.598864270867054, -8.45517071927965 ], [ 124.909789305203461, -8.45517071927965 ], [ 125.065251822371636, -8.249391960643479 ] ] ] } },
{ "type": "Feature", "properties": { "hex_id": "hex_02782", "road_length_km": 64.074, "hex_area_km2": 2338.3 }, "geometry": { "type": "Polygon", "coordinates": [ [ [ 125.065251822371636, 0.739103948342442 ], [ 124.909789305203461, 0.942779023365858 ], [ 124.598864270867054, 0.942779023365858 ], [ 124.443401753698879, 0.739103948342442 ], [ 124.598864270867054, 0.535437963178462 ], [ 124.909789305203461, 0.535437963178462 ], [ 125.065251822371636, 0.739103948342442 ] ] ] } },
{ "type": "Feature", "properties": { "hex_id": "hex_02783", "road_length_km": 254.718, "hex_area_km2": 2338.3 }, "geometry": { "type": "Polygon", "coordinates": [ [ [ 125.065251822371636, 1.146465694757878 ], [ 124.909789305203461, 1.350166470343798 ], [ 124.598864270867054, 1.350166470343798 ], [ 124.443401753698879, 1.146465694757878 ], [ 124.598864270867054, 0.942779023365858 ], [ 124.909789305203461, 0.942779023365858 ], [ 125.065251822371636, 1.146465694757878 ] ] ] } },
{ "type": "Feature", "properties": { "hex_id": "hex_02784", "road_length_km": 128.072, "hex_area_km2": 2338.3 }, "geometry": { "type": "Polygon", "coordinates": [ [ [ 125.065251822371636, 1.553883859550217 ], [ 124.909789305203461, 1.757620373690711 ], [ 124.598864270867054, 1.757620373690711 ], [ 124.443401753698879, 1.553883859550217 ], [ 124.598864270867054, 1.350166470343798 ], [ 124.909789305203461, 1.350166470343798 ], [ 125.065251822371636, 1.553883859550217 ] ] ] } },
{ "type": "Feature", "properties": { "hex_id": "hex_02802", "road_length_km": 10.257, "hex_area_km2": 2338.3 }, "geometry": { "type": "Polygon", "coordinates": [ [ [ 125.531639373876203, -8.455170719279652 ], [ 125.376176856708014, -8.249391960643482 ], [ 125.065251822371636, -8.249391960643482 ], [ 124.909789305203461, -8.455170719279652 ], [ 125.065251822371636, -8.661056517363349 ], [ 125.376176856708014, -8.661056517363349 ], [ 125.531639373876203, -8.455170719279652 ] ] ] } },
{ "type": "Feature", "properties": { "hex_id": "hex_02826", "road_length_km": 103.103, "hex_area_km2": 2338.3 }, "geometry": { "type": "Polygon", "coordinates": [ [ [ 125.531639373876203, 1.350166470343796 ], [ 125.376176856708014, 1.553883859550215 ], [ 125.065251822371636, 1.553883859550215 ], [ 124.909789305203461, 1.350166470343796 ], [ 125.065251822371636, 1.146465694757876 ], [ 125.376176856708014, 1.146465694757876 ], [ 125.531639373876203, 1.350166470343796 ] ] ] } },
{ "type": "Feature", "properties": { "hex_id": "hex_02827", "road_length_km": 59.742, "hex_area_km2": 2338.3 }, "geometry": { "type": "Polygon", "coordinates": [ [ [ 125.531639373876203, 1.757620373690709 ], [ 125.376176856708014, 1.961378526252104 ], [ 125.065251822371636, 1.961378526252104 ], [ 124.909789305203461, 1.757620373690709 ], [ 125.065251822371636, 1.553883859550215 ], [ 125.376176856708014, 1.553883859550215 ], [ 125.531639373876203, 1.757620373690709 ] ] ] } },
{ "type": "Feature", "properties": { "hex_id": "hex_02832", "road_length_km": 21.686, "hex_area_km2": 2338.3 }, "geometry": { "type": "Polygon", "coordinates": [ [ [ 125.531639373876203, 3.796591800120673 ], [ 125.376176856708014, 4.000705263104871 ], [ 125.065251822371636, 4.000705263104871 ], [ 124.909789305203461, 3.796591800120673 ], [ 125.065251822371636, 3.592525293539505 ], [ 125.376176856708014, 3.592525293539505 ], [ 125.531639373876203, 3.796591800120673 ] ] ] } },
{ "type": "Feature", "properties": { "hex_id": "hex_02846", "road_length_km": 2.034, "hex_area_km2": 2338.3 }, "geometry": { "type": "Polygon", "coordinates": [ [ [ 125.998026925380785, -8.249391960643479 ], [ 125.84256440821261, -8.043717489460143 ], [ 125.531639373876203, -8.043717489460143 ], [ 125.376176856708014, -8.249391960643479 ], [ 125.531639373876203, -8.45517071927965 ], [ 125.84256440821261, -8.45517071927965 ], [ 125.998026925380785, -8.249391960643479 ] ] ] } },
{ "type": "Feature", "properties": { "hex_id": "hex_02847", "road_length_km": 5.656, "hex_area_km2": 2338.3 }, "geometry": { "type": "Polygon", "coordinates": [ [ [ 125.998026925380785, -7.838144566226981 ], [ 125.84256440821261, -7.632670463572579 ], [ 125.531639373876203, -7.632670463572577 ], [ 125.376176856708014, -7.838144566226981 ], [ 125.531639373876203, -8.043717489460143 ], [ 125.84256440821261, -8.043717489460143 ], [ 125.998026925380785, -7.838144566226981 ] ] ] } },
{ "type": "Feature", "properties": { "hex_id": "hex_02861", "road_length_km": 15.589, "hex_area_km2": 2338.3 }, "geometry": { "type": "Polygon", "coordinates": [ [ [ 125.998026925380785, -2.112532492886232 ], [ 125.84256440821261, -1.90875666483512 ], [ 125.531639373876203, -1.90875666483512 ], [ 125.376176856708014, -2.112532492886232 ], [ 125.531639373876203, -2.316334343279071 ], [ 125.84256440821261, -2.316334343279071 ], [ 125.998026925380785, -2.112532492886232 ] ] ] } },
{ "type": "Feature", "properties": { "hex_id": "hex_02875", "road_length_km": 155.347, "hex_area_km2": 2338.3 }, "geometry": { "type": "Polygon", "coordinates": [ [ [ 125.998026925380785, 3.592525293539507 ], [ 125.84256440821261, 3.796591800120676 ], [ 125.531639373876203, 3.796591800120676 ], [ 125.376176856708014, 3.592525293539507 ], [ 125.531639373876203, 3.388503192201634 ], [ 125.84256440821261, 3.388503192201634 ], [ 125.998026925380785, 3.592525293539507 ] ] ] } },
{ "type": "Feature", "properties": { "hex_id": "hex_02890", "road_length_km": 14.95, "hex_area_km2": 2338.3 }, "geometry": { "type": "Polygon", "coordinates": [ [ [ 126.464414476885366, -7.63267046357258 ], [ 126.308951959717163, -7.427292465900016 ], [ 125.998026925380785, -7.427292465900016 ], [ 125.84256440821261, -7.63267046357258 ], [ 125.998026925380785, -7.838144566226982 ], [ 126.308951959717163, -7.838144566226983 ], [ 126.464414476885366, -7.63267046357258 ] ] ] } },
{ "type": "Feature", "properties": { "hex_id": "hex_02901", "road_length_km": 28.006, "hex_area_km2": 2338.3 }, "geometry": { "type": "Polygon", "coordinates": [ [ [ 126.464414476885366, -3.131852437170682 ], [ 126.308951959717163, -2.927921254250273 ], [ 125.998026925380785, -2.927921254250273 ], [ 125.84256440821261, -3.131852437170682 ], [ 125.998026925380785, -3.335822282451612 ], [ 126.308951959717163, -3.335822282451612 ], [ 126.464414476885366, -3.131852437170682 ] ] ] } },
{ "type": "Feature", "properties": { "hex_id": "hex_02903", "road_length_km": 20.996, "hex_area_km2": 2338.3 }, "geometry": { "type": "Polygon", "coordinates": [ [ [ 126.464414476885366, -2.316334343279074 ], [ 126.308951959717163, -2.112532492886234 ], [ 125.998026925380785, -2.112532492886234 ], [ 125.84256440821261, -2.316334343279074 ], [ 125.998026925380785, -2.520164736933245 ], [ 126.308951959717163, -2.520164736933245 ], [ 126.464414476885366, -2.316334343279074 ] ] ] } },
{ "type": "Feature", "properties": { "hex_id": "hex_02904", "road_length_km": 21.615, "hex_area_km2": 2338.3 }, "geometry": { "type": "Polygon", "coordinates": [ [ [ 126.464414476885366, -1.908756664835123 ], [ 126.308951959717163, -1.705004341168037 ], [ 125.998026925380785, -1.705004341168037 ], [ 125.84256440821261, -1.908756664835123 ], [ 125.998026925380785, -2.112532492886234 ], [ 126.308951959717163, -2.112532492886234 ], [ 126.464414476885366, -1.908756664835123 ] ] ] } },
{ "type": "Feature", "properties": { "hex_id": "hex_02933", "road_length_km": 29.165, "hex_area_km2": 2338.3 }, "geometry": { "type": "Polygon", "coordinates": [ [ [ 126.930802028389948, -7.838144566226981 ], [ 126.775339511221745, -7.632670463572579 ], [ 126.464414476885366, -7.632670463572577 ], [ 126.308951959717163, -7.838144566226981 ], [ 126.464414476885366, -8.043717489460143 ], [ 126.775339511221745, -8.043717489460143 ], [ 126.930802028389948, -7.838144566226981 ] ] ] } },
{ "type": "Feature", "properties": { "hex_id": "hex_02943", "road_length_km": 49.524, "hex_area_km2": 2338.3 }, "geometry": { "type": "Polygon", "coordinates": [ [ [ 126.930802028389948, -3.743888125171486 ], [ 126.775339511221745, -3.539833330183447 ], [ 126.464414476885366, -3.539833330183447 ], [ 126.308951959717163, -3.743888125171486 ], [ 126.464414476885366, -3.947989217232773 ], [ 126.775339511221745, -3.947989217232773 ], [ 126.930802028389948, -3.743888125171486 ] ] ] } },
{ "type": "Feature", "properties": { "hex_id": "hex_02945", "road_length_km": 48.046, "hex_area_km2": 2338.3 }, "geometry": { "type": "Polygon", "coordinates": [ [ [ 126.930802028389948, -2.927921254250271 ], [ 126.775339511221745, -2.724026198019542 ], [ 126.464414476885366, -2.724026198019542 ], [ 126.308951959717163, -2.927921254250271 ], [ 126.464414476885366, -3.13185243717068 ], [ 126.775339511221745, -3.13185243717068 ], [ 126.930802028389948, -2.927921254250271 ] ] ] } },
{ "type": "Feature", "properties": { "hex_id": "hex_02962", "road_length_km": 64.494, "hex_area_km2": 2338.3 }, "geometry": { "type": "Polygon", "coordinates": [ [ [ 126.930802028389948, 4.000705263104874 ], [ 126.775339511221745, 4.204868239039386 ], [ 126.464414476885366, 4.204868239039386 ], [ 126.308951959717163, 4.000705263104874 ], [ 126.464414476885366, 3.796591800120676 ], [ 126.775339511221745, 3.796591800120676 ], [ 126.930802028389948, 4.000705263104874 ] ] ] } },
{ "type": "Feature", "properties": { "hex_id": "hex_02963", "road_length_km": 89.093, "hex_area_km2": 2338.3 }, "geometry": { "type": "Polygon", "coordinates": [ [ [ 126.930802028389948, 4.409083290159638 ], [ 126.775339511221745, 4.613352984691612 ], [ 126.464414476885366, 4.613352984691613 ], [ 126.308951959717163, 4.409083290159638 ], [ 126.464414476885366, 4.204868239039386 ], [ 126.775339511221745, 4.204868239039386 ], [ 126.930802028389948, 4.409083290159638 ] ] ] } },
{ "type": "Feature", "properties": { "hex_id": "hex_02966", "road_length_km": 5.317, "hex_area_km2": 2338.3 }, "geometry": { "type": "Polygon", "coordinates": [ [ [ 126.930802028389948, 5.635611454294338 ], [ 126.775339511221745, 5.840263316121958 ], [ 126.464414476885366, 5.840263316121958 ], [ 126.308951959717163, 5.635611454294338 ], [ 126.464414476885366, 5.431029788225586 ], [ 126.775339511221745, 5.431029788225585 ], [ 126.930802028389948, 5.635611454294338 ] ] ] } },
{ "type": "Feature", "properties": { "hex_id": "hex_02975", "road_length_km": 11.471, "hex_area_km2": 2338.3 }, "geometry": { "type": "Polygon", "coordinates": [ [ [ 127.39718957989453, -8.043717489460144 ], [ 127.241727062726326, -7.838144566226983 ], [ 126.930802028389948, -7.838144566226982 ], [ 126.775339511221745, -8.043717489460144 ], [ 126.930802028389948, -8.249391960643482 ], [ 127.241727062726326, -8.249391960643482 ], [ 127.39718957989453, -8.043717489460144 ] ] ] } },
{ "type": "Feature", "properties": { "hex_id": "hex_02986", "road_length_km": 48.694, "hex_area_km2": 2338.3 }, "geometry": { "type": "Polygon", "coordinates": [ [ [ 127.39718957989453, -3.539833330183449 ], [ 127.241727062726326, -3.335822282451612 ], [ 126.930802028389948, -3.335822282451612 ], [ 126.775339511221745, -3.539833330183449 ], [ 126.930802028389948, -3.743888125171488 ], [ 127.241727062726326, -3.743888125171488 ], [ 127.39718957989453, -3.539833330183449 ] ] ] } },
{ "type": "Feature", "properties": { "hex_id": "hex_02987", "road_length_km": 79.269, "hex_area_km2": 2338.3 }, "geometry": { "type": "Polygon", "coordinates": [ [ [ 127.39718957989453, -3.131852437170682 ], [ 127.241727062726326, -2.927921254250273 ], [ 126.930802028389948, -2.927921254250273 ], [ 126.775339511221745, -3.131852437170682 ], [ 126.930802028389948, -3.335822282451612 ], [ 127.241727062726326, -3.335822282451612 ], [ 127.39718957989453, -3.131852437170682 ] ] ] } },
{ "type": "Feature", "properties": { "hex_id": "hex_02997", "road_length_km": 7.606, "hex_area_km2": 2338.3 }, "geometry": { "type": "Polygon", "coordinates": [ [ [ 127.39718957989453, 0.942779023365856 ], [ 127.241727062726326, 1.146465694757876 ], [ 126.930802028389948, 1.146465694757876 ], [ 126.775339511221745, 0.942779023365856 ], [ 126.930802028389948, 0.739103948342439 ], [ 127.241727062726326, 0.739103948342439 ], [ 127.39718957989453, 0.942779023365856 ] ] ] } },
{ "type": "Feature", "properties": { "hex_id": "hex_03005", "road_length_km": 45.188, "hex_area_km2": 2338.3 }, "geometry": { "type": "Polygon", "coordinates": [ [ [ 127.39718957989453, 4.204868239039383 ], [ 127.241727062726326, 4.409083290159635 ], [ 126.930802028389948, 4.409083290159636 ], [ 126.775339511221745, 4.204868239039383 ], [ 126.930802028389948, 4.000705263104871 ], [ 127.241727062726326, 4.000705263104871 ], [ 127.39718957989453, 4.204868239039383 ] ] ] } },
{ "type": "Feature", "properties": { "hex_id": "hex_03006", "road_length_km": 2.436, "hex_area_km2": 2338.3 }, "geometry": { "type": "Polygon", "coordinates": [ [ [ 127.39718957989453, 4.613352984691611 ], [ 127.241727062726326, 4.817679897156173 ], [ 126.930802028389948, 4.817679897156173 ], [ 126.775339511221745, 4.613352984691611 ], [ 126.930802028389948, 4.409083290159636 ], [ 127.241727062726326, 4.409083290159635 ], [ 127.39718957989453, 4.613352984691611 ] ] ] } },
{ "type": "Feature", "properties": { "hex_id": "hex_03018", "road_length_km": 14.668, "hex_area_km2": 2338.3 }, "geometry": { "type": "Polygon", "coordinates": [ [ [ 127.863577131399097, -8.249391960643479 ], [ 127.708114614230908, -8.043717489460143 ], [ 127.39718957989453, -8.043717489460143 ], [ 127.241727062726326, -8.249391960643479 ], [ 127.39718957989453, -8.45517071927965 ], [ 127.708114614230908, -8.45517071927965 ], [ 127.863577131399097, -8.249391960643479 ] ] ] } },
{ "type": "Feature", "properties": { "hex_id": "hex_03037", "road_length_km": 16.451, "hex_area_km2": 2338.3 }, "geometry": { "type": "Polygon", "coordinates": [ [ [ 127.863577131399097, -0.48284328629745 ], [ 127.708114614230908, -0.279185178940101 ], [ 127.39718957989453, -0.279185178940101 ], [ 127.241727062726326, -0.48284328629745 ], [ 127.39718957989453, -0.686507331140562 ], [ 127.708114614230908, -0.686507331140562 ], [ 127.863577131399097, -0.48284328629745 ] ] ] } },
{ "type": "Feature", "properties": { "hex_id": "hex_03039", "road_length_km": 67.839, "hex_area_km2": 2338.3 }, "geometry": { "type": "Polygon", "coordinates": [ [ [ 127.863577131399097, 0.331778562396123 ], [ 127.708114614230908, 0.535437963178462 ], [ 127.39718957989453, 0.535437963178462 ], [ 127.241727062726326, 0.331778562396123 ], [ 127.39718957989453, 0.12812324126456 ], [ 127.708114614230908, 0.12812324126456 ], [ 127.863577131399097, 0.331778562396123 ] ] ] } },
{ "type": "Feature", "properties": { "hex_id": "hex_03040", "road_length_km": 214.66, "hex_area_km2": 2338.3 }, "geometry": { "type": "Polygon", "coordinates": [ [ [ 127.863577131399097, 0.739103948342442 ], [ 127.708114614230908, 0.942779023365858 ], [ 127.39718957989453, 0.942779023365858 ], [ 127.241727062726326, 0.739103948342442 ], [ 127.39718957989453, 0.535437963178462 ], [ 127.708114614230908, 0.535437963178462 ], [ 127.863577131399097, 0.739103948342442 ] ] ] } },
{ "type": "Feature", "properties": { "hex_id": "hex_03041", "road_length_km": 53.946, "hex_area_km2": 2338.3 }, "geometry": { "type": "Polygon", "coordinates": [ [ [ 127.863577131399097, 1.146465694757878 ], [ 127.708114614230908, 1.350166470343798 ], [ 127.39718957989453, 1.350166470343798 ], [ 127.241727062726326, 1.146465694757878 ], [ 127.39718957989453, 0.942779023365858 ], [ 127.708114614230908, 0.942779023365858 ], [ 127.863577131399097, 1.146465694757878 ] ] ] } },
{ "type": "Feature", "properties": { "hex_id": "hex_03061", "road_length_km": 27.188, "hex_area_km2": 2338.3 }, "geometry": { "type": "Polygon", "coordinates": [ [ [ 128.329964682903693, -8.043717489460144 ], [ 128.174502165735476, -7.838144566226983 ], [ 127.863577131399097, -7.838144566226982 ], [ 127.708114614230908, -8.043717489460144 ], [ 127.863577131399097, -8.249391960643482 ], [ 128.174502165735476, -8.249391960643482 ], [ 128.329964682903693, -8.043717489460144 ] ] ] } },
{ "type": "Feature", "properties": { "hex_id": "hex_03072", "road_length_km": 44.259, "hex_area_km2": 2338.3 }, "geometry": { "type": "Polygon", "coordinates": [ [ [ 128.329964682903693, -3.539833330183449 ], [ 128.174502165735476, -3.335822282451612 ], [ 127.863577131399097, -3.335822282451612 ], [ 127.708114614230908, -3.539833330183449 ], [ 127.863577131399097, -3.743888125171488 ], [ 128.174502165735476, -3.743888125171488 ], [ 128.329964682903693, -3.539833330183449 ] ] ] } },
{ "type": "Feature", "properties": { "hex_id": "hex_03073", "road_length_km": 82.822, "hex_area_km2": 2338.3 }, "geometry": { "type": "Polygon", "coordinates": [ [ [ 128.329964682903693, -3.131852437170682 ], [ 128.174502165735476, -2.927921254250273 ], [ 127.863577131399097, -2.927921254250273 ], [ 127.708114614230908, -3.131852437170682 ], [ 127.863577131399097, -3.335822282451612 ], [ 128.174502165735476, -3.335822282451612 ], [ 128.329964682903693, -3.131852437170682 ] ] ] } },
{ "type": "Feature", "properties": { "hex_id": "hex_03080", "road_length_km": 55.242, "hex_area_km2": 2338.3 }, "geometry": { "type": "Polygon", "coordinates": [ [ [ 128.329964682903693, -0.279185178940103 ], [ 128.174502165735476, -0.075530504484363 ], [ 127.863577131399097, -0.075530504484363 ], [ 127.708114614230908, -0.279185178940103 ], [ 127.863577131399097, -0.482843286297452 ], [ 128.174502165735476, -0.482843286297452 ], [ 128.329964682903693, -0.279185178940103 ] ] ] } },
{ "type": "Feature", "properties": { "hex_id": "hex_03081", "road_length_km": 61.267, "hex_area_km2": 2338.3 }, "geometry": { "type": "Polygon", "coordinates": [ [ [ 128.329964682903693, 0.128123241264558 ], [ 128.174502165735476, 0.331778562396121 ], [ 127.863577131399097, 0.331778562396121 ], [ 127.708114614230908, 0.128123241264558 ], [ 127.863577131399097, -0.075530504484363 ], [ 128.174502165735476, -0.075530504484363 ], [ 128.329964682903693, 0.128123241264558 ] ] ] } },
{ "type": "Feature", "properties": { "hex_id": "hex_03082", "road_length_km": 78.5, "hex_area_km2": 2338.3 }, "geometry": { "type": "Polygon", "coordinates": [ [ [ 128.329964682903693, 0.53543796317846 ], [ 128.174502165735476, 0.739103948342439 ], [ 127.863577131399097, 0.739103948342439 ], [ 127.708114614230908, 0.53543796317846 ], [ 127.863577131399097, 0.331778562396121 ], [ 128.174502165735476, 0.331778562396121 ], [ 128.329964682903693, 0.53543796317846 ] ] ] } },
{ "type": "Feature", "properties": { "hex_id": "hex_03083", "road_length_km": 111.089, "hex_area_km2": 2338.3 }, "geometry": { "type": "Polygon", "coordinates": [ [ [ 128.329964682903693, 0.942779023365856 ], [ 128.174502165735476, 1.146465694757876 ], [ 127.863577131399097, 1.146465694757876 ], [ 127.708114614230908, 0.942779023365856 ], [ 127.863577131399097, 0.739103948342439 ], [ 128.174502165735476, 0.739103948342439 ], [ 128.329964682903693, 0.942779023365856 ] ] ] } },
{ "type": "Feature", "properties": { "hex_id": "hex_03084", "road_length_km": 63.539, "hex_area_km2": 2338.3 }, "geometry": { "type": "Polygon", "coordinates": [ [ [ 128.329964682903693, 1.350166470343796 ], [ 128.174502165735476, 1.553883859550215 ], [ 127.863577131399097, 1.553883859550215 ], [ 127.708114614230908, 1.350166470343796 ], [ 127.863577131399097, 1.146465694757876 ], [ 128.174502165735476, 1.146465694757876 ], [ 128.329964682903693, 1.350166470343796 ] ] ] } },
{ "type": "Feature", "properties": { "hex_id": "hex_03085", "road_length_km": 62.008, "hex_area_km2": 2338.3 }, "geometry": { "type": "Polygon", "coordinates": [ [ [ 128.329964682903693, 1.757620373690709 ], [ 128.174502165735476, 1.961378526252104 ], [ 127.863577131399097, 1.961378526252104 ], [ 127.708114614230908, 1.757620373690709 ], [ 127.863577131399097, 1.553883859550215 ], [ 128.174502165735476, 1.553883859550215 ], [ 128.329964682903693, 1.757620373690709 ] ] ] } },
{ "type": "Feature", "properties": { "hex_id": "hex_03086", "road_length_km": 36.763, "hex_area_km2": 2338.3 }, "geometry": { "type": "Polygon", "coordinates": [ [ [ 128.329964682903693, 2.165160833181423 ], [ 128.174502165735476, 2.368969813173613 ], [ 127.863577131399097, 2.368969813173613 ], [ 127.708114614230908, 2.165160833181423 ], [ 127.863577131399097, 1.961378526252104 ], [ 128.174502165735476, 1.961378526252104 ], [ 128.329964682903693, 2.165160833181423 ] ] ] } },
{ "type": "Feature", "properties": { "hex_id": "hex_03115", "road_length_km": 17.922, "hex_area_km2": 2338.3 }, "geometry": { "type": "Polygon", "coordinates": [ [ [ 128.796352234408232, -3.743888125171486 ], [ 128.640889717240071, -3.539833330183447 ], [ 128.329964682903693, -3.539833330183447 ], [ 128.174502165735476, -3.743888125171486 ], [ 128.329964682903693, -3.947989217232773 ], [ 128.640889717240071, -3.947989217232773 ], [ 128.796352234408232, -3.743888125171486 ] ] ] } },
{ "type": "Feature", "properties": { "hex_id": "hex_03116", "road_length_km": 99.548, "hex_area_km2": 2338.3 }, "geometry": { "type": "Polygon", "coordinates": [ [ [ 128.796352234408232, -3.335822282451609 ], [ 128.640889717240071, -3.13185243717068 ], [ 128.329964682903693, -3.13185243717068 ], [ 128.174502165735476, -3.335822282451609 ], [ 128.329964682903693, -3.539833330183447 ], [ 128.640889717240071, -3.539833330183447 ], [ 128.796352234408232, -3.335822282451609 ] ] ] } },
{ "type": "Feature", "properties": { "hex_id": "hex_03117", "road_length_km": 74.218, "hex_area_km2": 2338.3 }, "geometry": { "type": "Polygon", "coordinates": [ [ [ 128.796352234408232, -2.927921254250271 ], [ 128.640889717240071, -2.724026198019542 ], [ 128.329964682903693, -2.724026198019542 ], [ 128.174502165735476, -2.927921254250271 ], [ 128.329964682903693, -3.13185243717068 ], [ 128.640889717240071, -3.13185243717068 ], [ 128.796352234408232, -2.927921254250271 ] ] ] } },
{ "type": "Feature", "properties": { "hex_id": "hex_03125", "road_length_km": 63.446, "hex_area_km2": 2338.3 }, "geometry": { "type": "Polygon", "coordinates": [ [ [ 128.796352234408232, 0.331778562396123 ], [ 128.640889717240071, 0.535437963178462 ], [ 128.329964682903693, 0.535437963178462 ], [ 128.174502165735476, 0.331778562396123 ], [ 128.329964682903693, 0.12812324126456 ], [ 128.640889717240071, 0.12812324126456 ], [ 128.796352234408232, 0.331778562396123 ] ] ] } },
{ "type": "Feature", "properties": { "hex_id": "hex_03126", "road_length_km": 21.109, "hex_area_km2": 2338.3 }, "geometry": { "type": "Polygon", "coordinates": [ [ [ 128.796352234408232, 0.739103948342442 ], [ 128.640889717240071, 0.942779023365858 ], [ 128.329964682903693, 0.942779023365858 ], [ 128.174502165735476, 0.739103948342442 ], [ 128.329964682903693, 0.535437963178462 ], [ 128.640889717240071, 0.535437963178462 ], [ 128.796352234408232, 0.739103948342442 ] ] ] } },
{ "type": "Feature", "properties": { "hex_id": "hex_03127", "road_length_km": 28.074, "hex_area_km2": 2338.3 }, "geometry": { "type": "Polygon", "coordinates": [ [ [ 128.796352234408232, 1.146465694757878 ], [ 128.640889717240071, 1.350166470343798 ], [ 128.329964682903693, 1.350166470343798 ], [ 128.174502165735476, 1.146465694757878 ], [ 128.329964682903693, 0.942779023365858 ], [ 128.640889717240071, 0.942779023365858 ], [ 128.796352234408232, 1.146465694757878 ] ] ] } },
{ "type": "Feature", "properties": { "hex_id": "hex_03129", "road_length_km": 62.933, "hex_area_km2": 2338.3 }, "geometry": { "type": "Polygon", "coordinates": [ [ [ 128.796352234408232, 1.961378526252106 ], [ 128.640889717240071, 2.165160833181425 ], [ 128.329964682903693, 2.165160833181425 ], [ 128.174502165735476, 1.961378526252106 ], [ 128.329964682903693, 1.757620373690711 ], [ 128.640889717240071, 1.757620373690711 ], [ 128.796352234408232, 1.961378526252106 ] ] ] } },
{ "type": "Feature", "properties": { "hex_id": "hex_03130", "road_length_km": 67.778, "hex_area_km2": 2338.3 }, "geometry": { "type": "Polygon", "coordinates": [ [ [ 128.796352234408232, 2.368969813173615 ], [ 128.640889717240071, 2.572807987960138 ], [ 128.329964682903693, 2.572807987960138 ], [ 128.174502165735476, 2.368969813173615 ], [ 128.329964682903693, 2.165160833181425 ], [ 128.640889717240071, 2.165160833181425 ], [ 128.796352234408232, 2.368969813173615 ] ] ] } },
{ "type": "Feature", "properties": { "hex_id": "hex_03131", "road_length_km": 18.186, "hex_area_km2": 2338.3 }, "geometry": { "type": "Polygon", "coordinates": [ [ [ 128.796352234408232, 2.776677882598519 ], [ 128.640889717240071, 2.980582025762943 ], [ 128.329964682903693, 2.980582025762943 ], [ 128.174502165735476, 2.776677882598519 ], [ 128.329964682903693, 2.572807987960138 ], [ 128.640889717240071, 2.572807987960138 ], [ 128.796352234408232, 2.776677882598519 ] ] ] } },
{ "type": "Feature", "properties": { "hex_id": "hex_03158", "road_length_km": 24.882, "hex_area_km2": 2338.3 }, "geometry": { "type": "Polygon", "coordinates": [ [ [ 129.262739785912828, -3.539833330183449 ], [ 129.107277268744639, -3.335822282451612 ], [ 128.796352234408232, -3.335822282451612 ], [ 128.640889717240071, -3.539833330183449 ], [ 128.796352234408232, -3.743888125171488 ], [ 129.107277268744639, -3.743888125171488 ], [ 129.262739785912828, -3.539833330183449 ] ] ] } },
{ "type": "Feature", "properties": { "hex_id": "hex_03159", "road_length_km": 155.932, "hex_area_km2": 2338.3 }, "geometry": { "type": "Polygon", "coordinates": [ [ [ 129.262739785912828, -3.131852437170682 ], [ 129.107277268744639, -2.927921254250273 ], [ 128.796352234408232, -2.927921254250273 ], [ 128.640889717240071, -3.131852437170682 ], [ 128.796352234408232, -3.335822282451612 ], [ 129.107277268744639, -3.335822282451612 ], [ 129.262739785912828, -3.131852437170682 ] ] ] } },
{ "type": "Feature", "properties": { "hex_id": "hex_03160", "road_length_km": 61.937, "hex_area_km2": 2338.3 }, "geometry": { "type": "Polygon", "coordinates": [ [ [ 129.262739785912828, -2.724026198019544 ], [ 129.107277268744639, -2.520164736933245 ], [ 128.796352234408232, -2.520164736933245 ], [ 128.640889717240071, -2.724026198019544 ], [ 128.796352234408232, -2.927921254250273 ], [ 129.107277268744639, -2.927921254250273 ], [ 129.262739785912828, -2.724026198019544 ] ] ] } },
{ "type": "Feature", "properties": { "hex_id": "hex_03191", "road_length_km": 12.777, "hex_area_km2": 2338.3 }, "geometry": { "type": "Polygon", "coordinates": [ [ [ 129.729127337417395, -7.838144566226981 ], [ 129.573664820249206, -7.632670463572579 ], [ 129.262739785912828, -7.632670463572577 ], [ 129.107277268744639, -7.838144566226981 ], [ 129.262739785912828, -8.043717489460143 ], [ 129.573664820249206, -8.043717489460143 ], [ 129.729127337417395, -7.838144566226981 ] ] ] } },
{ "type": "Feature", "properties": { "hex_id": "hex_03202", "road_length_km": 102.192, "hex_area_km2": 2338.3 }, "geometry": { "type": "Polygon", "coordinates": [ [ [ 129.729127337417395, -3.335822282451609 ], [ 129.573664820249206, -3.13185243717068 ], [ 129.262739785912828, -3.13185243717068 ], [ 129.107277268744639, -3.335822282451609 ], [ 129.262739785912828, -3.539833330183447 ], [ 129.573664820249206, -3.539833330183447 ], [ 129.729127337417395, -3.335822282451609 ] ] ] } },
{ "type": "Feature", "properties": { "hex_id": "hex_03203", "road_length_km": 94.892, "hex_area_km2": 2338.3 }, "geometry": { "type": "Polygon", "coordinates": [ [ [ 129.729127337417395, -2.927921254250271 ], [ 129.573664820249206, -2.724026198019542 ], [ 129.262739785912828, -2.724026198019542 ], [ 129.107277268744639, -2.927921254250271 ], [ 129.262739785912828, -3.13185243717068 ], [ 129.573664820249206, -3.13185243717068 ], [ 129.729127337417395, -2.927921254250271 ] ] ] } },
{ "type": "Feature", "properties": { "hex_id": "hex_03210", "road_length_km": 24.678, "hex_area_km2": 2338.3 }, "geometry": { "type": "Polygon", "coordinates": [ [ [ 129.729127337417395, -0.075530504484361 ], [ 129.573664820249206, 0.12812324126456 ], [ 129.262739785912828, 0.12812324126456 ], [ 129.107277268744639, -0.075530504484361 ], [ 129.262739785912828, -0.279185178940101 ], [ 129.573664820249206, -0.279185178940101 ], [ 129.729127337417395, -0.075530504484361 ] ] ] } },
{ "type": "Feature", "properties": { "hex_id": "hex_03233", "road_length_km": 73.567, "hex_area_km2": 2338.3 }, "geometry": { "type": "Polygon", "coordinates": [ [ [ 130.195514888921963, -8.043717489460144 ], [ 130.040052371753802, -7.838144566226983 ], [ 129.729127337417395, -7.838144566226982 ], [ 129.573664820249206, -8.043717489460144 ], [ 129.729127337417395, -8.249391960643482 ], [ 130.040052371753802, -8.249391960643482 ], [ 130.195514888921963, -8.043717489460144 ] ] ] } },
{ "type": "Feature", "properties": { "hex_id": "hex_03244", "road_length_km": 21.831, "hex_area_km2": 2338.3 }, "geometry": { "type": "Polygon", "coordinates": [ [ [ 130.195514888921963, -3.539833330183449 ], [ 130.040052371753802, -3.335822282451612 ], [ 129.729127337417395, -3.335822282451612 ], [ 129.573664820249206, -3.539833330183449 ], [ 129.729127337417395, -3.743888125171488 ], [ 130.040052371753802, -3.743888125171488 ], [ 130.195514888921963, -3.539833330183449 ] ] ] } },
{ "type": "Feature", "properties": { "hex_id": "hex_03245", "road_length_km": 74.442, "hex_area_km2": 2338.3 }, "geometry": { "type": "Polygon", "coordinates": [ [ [ 130.195514888921963, -3.131852437170682 ], [ 130.040052371753802, -2.927921254250273 ], [ 129.729127337417395, -2.927921254250273 ], [ 129.573664820249206, -3.131852437170682 ], [ 129.729127337417395, -3.335822282451612 ], [ 130.040052371753802, -3.335822282451612 ], [ 130.195514888921963, -3.131852437170682 ] ] ] } },
{ "type": "Feature", "properties": { "hex_id": "hex_03246", "road_length_km": 20.939, "hex_area_km2": 2338.3 }, "geometry": { "type": "Polygon", "coordinates": [ [ [ 130.195514888921963, -2.724026198019544 ], [ 130.040052371753802, -2.520164736933245 ], [ 129.729127337417395, -2.520164736933245 ], [ 129.573664820249206, -2.724026198019544 ], [ 129.729127337417395, -2.927921254250273 ], [ 130.040052371753802, -2.927921254250273 ], [ 130.195514888921963, -2.724026198019544 ] ] ] } },
{ "type": "Feature", "properties": { "hex_id": "hex_03289", "road_length_km": 63.562, "hex_area_km2": 2338.3 }, "geometry": { "type": "Polygon", "coordinates": [ [ [ 130.661902440426559, -2.927921254250271 ], [ 130.506439923258341, -2.724026198019542 ], [ 130.195514888921963, -2.724026198019542 ], [ 130.040052371753802, -2.927921254250271 ], [ 130.195514888921963, -3.13185243717068 ], [ 130.506439923258341, -3.13185243717068 ], [ 130.661902440426559, -2.927921254250271 ] ] ] } },
{ "type": "Feature", "properties": { "hex_id": "hex_03319", "road_length_km": 7.573, "hex_area_km2": 2338.3 }, "geometry": { "type": "Polygon", "coordinates": [ [ [ 131.128289991931126, -8.043717489460144 ], [ 130.972827474762965, -7.838144566226983 ], [ 130.661902440426559, -7.838144566226982 ], [ 130.506439923258341, -8.043717489460144 ], [ 130.661902440426559, -8.249391960643482 ], [ 130.972827474762965, -8.249391960643482 ], [ 131.128289991931126, -8.043717489460144 ] ] ] } },
{ "type": "Feature", "properties": { "hex_id": "hex_03338", "road_length_km": 6.237, "hex_area_km2": 2338.3 }, "geometry": { "type": "Polygon", "coordinates": [ [ [ 131.128289991931126, -0.279185178940103 ], [ 130.972827474762965, -0.075530504484363 ], [ 130.661902440426559, -0.075530504484363 ], [ 130.506439923258341, -0.279185178940103 ], [ 130.661902440426559, -0.482843286297452 ], [ 130.972827474762965, -0.482843286297452 ], [ 131.128289991931126, -0.279185178940103 ] ] ] } },
{ "type": "Feature", "properties": { "hex_id": "hex_03362", "road_length_km": 12.668, "hex_area_km2": 2338.3 }, "geometry": { "type": "Polygon", "coordinates": [ [ [ 131.594677543435694, -8.249391960643479 ], [ 131.439215026267505, -8.043717489460143 ], [ 131.128289991931126, -8.043717489460143 ], [ 130.972827474762965, -8.249391960643479 ], [ 131.128289991931126, -8.45517071927965 ], [ 131.439215026267505, -8.45517071927965 ], [ 131.594677543435694, -8.249391960643479 ] ] ] } },
{ "type": "Feature", "properties": { "hex_id": "hex_03363", "road_length_km": 55.698, "hex_area_km2": 2338.3 }, "geometry": { "type": "Polygon", "coordinates": [ [ [ 131.594677543435694, -7.838144566226981 ], [ 131.439215026267505, -7.632670463572579 ], [ 131.128289991931126, -7.632670463572577 ], [ 130.972827474762965, -7.838144566226981 ], [ 131.128289991931126, -8.043717489460143 ], [ 131.439215026267505, -8.043717489460143 ], [ 131.594677543435694, -7.838144566226981 ] ] ] } },
{ "type": "Feature", "properties": { "hex_id": "hex_03380", "road_length_km": 89.006, "hex_area_km2": 2338.3 }, "geometry": { "type": "Polygon", "coordinates": [ [ [ 131.594677543435694, -0.890179818727109 ], [ 131.439215026267505, -0.686507331140562 ], [ 131.128289991931126, -0.686507331140562 ], [ 130.972827474762965, -0.890179818727109 ], [ 131.128289991931126, -1.093863255272653 ], [ 131.439215026267505, -1.093863255272653 ], [ 131.594677543435694, -0.890179818727109 ] ] ] } },
{ "type": "Feature", "properties": { "hex_id": "hex_03406", "road_length_km": 57.76, "hex_area_km2": 2338.3 }, "geometry": { "type": "Polygon", "coordinates": [ [ [ 132.06106509494029, -7.63267046357258 ], [ 131.905602577772072, -7.427292465900016 ], [ 131.594677543435694, -7.427292465900016 ], [ 131.439215026267505, -7.63267046357258 ], [ 131.594677543435694, -7.838144566226982 ], [ 131.905602577772072, -7.838144566226983 ], [ 132.06106509494029, -7.63267046357258 ] ] ] } },
{ "type": "Feature", "properties": { "hex_id": "hex_03407", "road_length_km": 91.644, "hex_area_km2": 2338.3 }, "geometry": { "type": "Polygon", "coordinates": [ [ [ 132.06106509494029, -7.222007869034141 ], [ 131.905602577772072, -7.016813979872656 ], [ 131.594677543435694, -7.016813979872656 ], [ 131.439215026267505, -7.222007869034141 ], [ 131.594677543435694, -7.427292465900016 ], [ 131.905602577772072, -7.427292465900016 ], [ 132.06106509494029, -7.222007869034141 ] ] ] } },
{ "type": "Feature", "properties": { "hex_id": "hex_03422", "road_length_km": 89.057, "hex_area_km2": 2338.3 }, "geometry": { "type": "Polygon", "coordinates": [ [ [ 132.06106509494029, -1.093863255272656 ], [ 131.905602577772072, -0.890179818727112 ], [ 131.594677543435694, -0.890179818727112 ], [ 131.439215026267505, -1.093863255272656 ], [ 131.594677543435694, -1.297560148235313 ], [ 131.905602577772072, -1.297560148235313 ], [ 132.06106509494029, -1.093863255272656 ] ] ] } },
{ "type": "Feature", "properties": { "hex_id": "hex_03423", "road_length_km": 60.285, "hex_area_km2": 2338.3 }, "geometry": { "type": "Polygon", "coordinates": [ [ [ 132.06106509494029, -0.686507331140564 ], [ 131.905602577772072, -0.482843286297452 ], [ 131.594677543435694, -0.482843286297452 ], [ 131.439215026267505, -0.686507331140564 ], [ 131.594677543435694, -0.890179818727112 ], [ 131.905602577772072, -0.890179818727112 ], [ 132.06106509494029, -0.686507331140564 ] ] ] } },
{ "type": "Feature", "properties": { "hex_id": "hex_03461", "road_length_km": 46.111, "hex_area_km2": 2338.3 }, "geometry": { "type": "Polygon", "coordinates": [ [ [ 132.527452646444857, -2.927921254250271 ], [ 132.371990129276668, -2.724026198019542 ], [ 132.06106509494029, -2.724026198019542 ], [ 131.905602577772072, -2.927921254250271 ], [ 132.06106509494029, -3.13185243717068 ], [ 132.371990129276668, -3.13185243717068 ], [ 132.527452646444857, -2.927921254250271 ] ] ] } },
{ "type": "Feature", "properties": { "hex_id": "hex_03465", "road_length_km": 83.981, "hex_area_km2": 2338.3 }, "geometry": { "type": "Polygon", "coordinates": [ [ [ 132.527452646444857, -1.297560148235311 ], [ 132.371990129276668, -1.093863255272653 ], [ 132.06106509494029, -1.093863255272653 ], [ 131.905602577772072, -1.297560148235311 ], [ 132.06106509494029, -1.501273006600811 ], [ 132.371990129276668, -1.501273006600811 ], [ 132.527452646444857, -1.297560148235311 ] ] ] } },
{ "type": "Feature", "properties": { "hex_id": "hex_03496", "road_length_km": 30.468, "hex_area_km2": 2338.3 }, "geometry": { "type": "Polygon", "coordinates": [ [ [ 132.993840197949453, -5.992111622950878 ], [ 132.838377680781235, -5.787406001892075 ], [ 132.527452646444857, -5.787406001892075 ], [ 132.371990129276668, -5.992111622950878 ], [ 132.527452646444857, -6.196892006542339 ], [ 132.838377680781235, -6.196892006542339 ], [ 132.993840197949453, -5.992111622950878 ] ] ] } },
{ "type": "Feature", "properties": { "hex_id": "hex_03497", "road_length_km": 35.086, "hex_area_km2": 2338.3 }, "geometry": { "type": "Polygon", "coordinates": [ [ [ 132.993840197949453, -5.582772518299619 ], [ 132.838377680781235, -5.378208555511726 ], [ 132.527452646444857, -5.378208555511724 ], [ 132.371990129276668, -5.582772518299619 ], [ 132.527452646444857, -5.787406001892075 ], [ 132.838377680781235, -5.787406001892075 ], [ 132.993840197949453, -5.582772518299619 ] ] ] } },
{ "type": "Feature", "properties": { "hex_id": "hex_03503", "road_length_km": 3.66, "hex_area_km2": 2338.3 }, "geometry": { "type": "Polygon", "coordinates": [ [ [ 132.993840197949453, -3.131852437170682 ], [ 132.838377680781235, -2.927921254250273 ], [ 132.527452646444857, -2.927921254250273 ], [ 132.371990129276668, -3.131852437170682 ], [ 132.527452646444857, -3.335822282451612 ], [ 132.838377680781235, -3.335822282451612 ], [ 132.993840197949453, -3.131852437170682 ] ] ] } },
{ "type": "Feature", "properties": { "hex_id": "hex_03504", "road_length_km": 73.63, "hex_area_km2": 2338.3 }, "geometry": { "type": "Polygon", "coordinates": [ [ [ 132.993840197949453, -2.724026198019544 ], [ 132.838377680781235, -2.520164736933245 ], [ 132.527452646444857, -2.520164736933245 ], [ 132.371990129276668, -2.724026198019544 ], [ 132.527452646444857, -2.927921254250273 ], [ 132.838377680781235, -2.927921254250273 ], [ 132.993840197949453, -2.724026198019544 ] ] ] } },
{ "type": "Feature", "properties": { "hex_id": "hex_03508", "road_length_km": 93.343, "hex_area_km2": 2338.3 }, "geometry": { "type": "Polygon", "coordinates": [ [ [ 132.993840197949453, -1.093863255272656 ], [ 132.838377680781235, -0.890179818727112 ], [ 132.527452646444857, -0.890179818727112 ], [ 132.371990129276668, -1.093863255272656 ], [ 132.527452646444857, -1.297560148235313 ], [ 132.838377680781235, -1.297560148235313 ], [ 132.993840197949453, -1.093863255272656 ] ] ] } },
{ "type": "Feature", "properties": { "hex_id": "hex_03509", "road_length_km": 26.719, "hex_area_km2": 2338.3 }, "geometry": { "type": "Polygon", "coordinates": [ [ [ 132.993840197949453, -0.686507331140564 ], [ 132.838377680781235, -0.482843286297452 ], [ 132.527452646444857, -0.482843286297452 ], [ 132.371990129276668, -0.686507331140564 ], [ 132.527452646444857, -0.890179818727112 ], [ 132.838377680781235, -0.890179818727112 ], [ 132.993840197949453, -0.686507331140564 ] ] ] } },
{ "type": "Feature", "properties": { "hex_id": "hex_03547", "road_length_km": 97.12, "hex_area_km2": 2338.3 }, "geometry": { "type": "Polygon", "coordinates": [ [ [ 133.46022774945402, -2.927921254250271 ], [ 133.304765232285831, -2.724026198019542 ], [ 132.993840197949453, -2.724026198019542 ], [ 132.838377680781235, -2.927921254250271 ], [ 132.993840197949453, -3.13185243717068 ], [ 133.304765232285831, -3.13185243717068 ], [ 133.46022774945402, -2.927921254250271 ] ] ] } },
{ "type": "Feature", "properties": { "hex_id": "hex_03552", "road_length_km": 71.87, "hex_area_km2": 2338.3 }, "geometry": { "type": "Polygon", "coordinates": [ [ [ 133.46022774945402, -0.890179818727109 ], [ 133.304765232285831, -0.686507331140562 ], [ 132.993840197949453, -0.686507331140562 ], [ 132.838377680781235, -0.890179818727109 ], [ 132.993840197949453, -1.093863255272653 ], [ 133.304765232285831, -1.093863255272653 ], [ 133.46022774945402, -0.890179818727109 ] ] ] } },
{ "type": "Feature", "properties": { "hex_id": "hex_03588", "road_length_km": 48.137, "hex_area_km2": 2338.3 }, "geometry": { "type": "Polygon", "coordinates": [ [ [ 133.926615300958588, -3.539833330183449 ], [ 133.77115278379037, -3.335822282451612 ], [ 133.46022774945402, -3.335822282451612 ], [ 133.304765232285831, -3.539833330183449 ], [ 133.46022774945402, -3.743888125171488 ], [ 133.77115278379037, -3.743888125171488 ], [ 133.926615300958588, -3.539833330183449 ] ] ] } },
{ "type": "Feature", "properties": { "hex_id": "hex_03589", "road_length_km": 56.037, "hex_area_km2": 2338.3 }, "geometry": { "type": "Polygon", "coordinates": [ [ [ 133.926615300958588, -3.131852437170682 ], [ 133.77115278379037, -2.927921254250273 ], [ 133.46022774945402, -2.927921254250273 ], [ 133.304765232285831, -3.131852437170682 ], [ 133.46022774945402, -3.335822282451612 ], [ 133.77115278379037, -3.335822282451612 ], [ 133.926615300958588, -3.131852437170682 ] ] ] } },
{ "type": "Feature", "properties": { "hex_id": "hex_03590", "road_length_km": 4.504, "hex_area_km2": 2338.3 }, "geometry": { "type": "Polygon", "coordinates": [ [ [ 133.926615300958588, -2.724026198019544 ], [ 133.77115278379037, -2.520164736933245 ], [ 133.46022774945402, -2.520164736933245 ], [ 133.304765232285831, -2.724026198019544 ], [ 133.46022774945402, -2.927921254250273 ], [ 133.77115278379037, -2.927921254250273 ], [ 133.926615300958588, -2.724026198019544 ] ] ] } },
{ "type": "Feature", "properties": { "hex_id": "hex_03592", "road_length_km": 37.477, "hex_area_km2": 2338.3 }, "geometry": { "type": "Polygon", "coordinates": [ [ [ 133.926615300958588, -1.908756664835123 ], [ 133.77115278379037, -1.705004341168037 ], [ 133.46022774945402, -1.705004341168037 ], [ 133.304765232285831, -1.908756664835123 ], [ 133.46022774945402, -2.112532492886234 ], [ 133.77115278379037, -2.112532492886234 ], [ 133.926615300958588, -1.908756664835123 ] ] ] } },
{ "type": "Feature", "properties": { "hex_id": "hex_03595", "road_length_km": 71.318, "hex_area_km2": 2338.3 }, "geometry": { "type": "Polygon", "coordinates": [ [ [ 133.926615300958588, -0.686507331140564 ], [ 133.77115278379037, -0.482843286297452 ], [ 133.46022774945402, -0.482843286297452 ], [ 133.304765232285831, -0.686507331140564 ], [ 133.46022774945402, -0.890179818727112 ], [ 133.77115278379037, -0.890179818727112 ], [ 133.926615300958588, -0.686507331140564 ] ] ] } },
{ "type": "Feature", "properties": { "hex_id": "hex_03623", "road_length_km": 12.898, "hex_area_km2": 2338.3 }, "geometry": { "type": "Polygon", "coordinates": [ [ [ 134.393002852463155, -7.016813979872654 ], [ 134.237540335294966, -6.811708116040909 ], [ 133.926615300958588, -6.811708116040909 ], [ 133.77115278379037, -7.016813979872654 ], [ 133.926615300958588, -7.222007869034138 ], [ 134.237540335294966, -7.222007869034138 ], [ 134.393002852463155, -7.016813979872654 ] ] ] } },
{ "type": "Feature", "properties": { "hex_id": "hex_03624", "road_length_km": 21.337, "hex_area_km2": 2338.3 }, "geometry": { "type": "Polygon", "coordinates": [ [ [ 134.393002852463155, -6.606687605550284 ], [ 134.237540335294966, -6.401749786460011 ], [ 133.926615300958588, -6.401749786460011 ], [ 133.77115278379037, -6.606687605550284 ], [ 133.926615300958588, -6.811708116040909 ], [ 134.237540335294966, -6.811708116040909 ], [ 134.393002852463155, -6.606687605550284 ] ] ] } },
{ "type": "Feature", "properties": { "hex_id": "hex_03626", "road_length_km": 12.904, "hex_area_km2": 2338.3 }, "geometry": { "type": "Polygon", "coordinates": [ [ [ 134.393002852463155, -5.787406001892072 ], [ 134.237540335294966, -5.582772518299616 ], [ 133.926615300958588, -5.582772518299616 ], [ 133.77115278379037, -5.787406001892072 ], [ 133.926615300958588, -5.992111622950875 ], [ 134.237540335294966, -5.992111622950876 ], [ 134.393002852463155, -5.787406001892072 ] ] ] } },
{ "type": "Feature", "properties": { "hex_id": "hex_03636", "road_length_km": 90.515, "hex_area_km2": 2338.3 }, "geometry": { "type": "Polygon", "coordinates": [ [ [ 134.393002852463155, -1.705004341168034 ], [ 134.237540335294966, -1.501273006600811 ], [ 133.926615300958588, -1.501273006600811 ], [ 133.77115278379037, -1.705004341168034 ], [ 133.926615300958588, -1.90875666483512 ], [ 134.237540335294966, -1.90875666483512 ], [ 134.393002852463155, -1.705004341168034 ] ] ] } },
{ "type": "Feature", "properties": { "hex_id": "hex_03637", "road_length_km": 72.536, "hex_area_km2": 2338.3 }, "geometry": { "type": "Polygon", "coordinates": [ [ [ 134.393002852463155, -1.297560148235311 ], [ 134.237540335294966, -1.093863255272653 ], [ 133.926615300958588, -1.093863255272653 ], [ 133.77115278379037, -1.297560148235311 ], [ 133.926615300958588, -1.501273006600811 ], [ 134.237540335294966, -1.501273006600811 ], [ 134.393002852463155, -1.297560148235311 ] ] ] } },
{ "type": "Feature", "properties": { "hex_id": "hex_03638", "road_length_km": 84.06, "hex_area_km2": 2338.3 }, "geometry": { "type": "Polygon", "coordinates": [ [ [ 134.393002852463155, -0.890179818727109 ], [ 134.237540335294966, -0.686507331140562 ], [ 133.926615300958588, -0.686507331140562 ], [ 133.77115278379037, -0.890179818727109 ], [ 133.926615300958588, -1.093863255272653 ], [ 134.237540335294966, -1.093863255272653 ], [ 134.393002852463155, -0.890179818727109 ] ] ] } },
{ "type": "Feature", "properties": { "hex_id": "hex_03675", "road_length_km": 60.439, "hex_area_km2": 2338.3 }, "geometry": { "type": "Polygon", "coordinates": [ [ [ 134.859390403967751, -3.131852437170682 ], [ 134.703927886799562, -2.927921254250273 ], [ 134.393002852463155, -2.927921254250273 ], [ 134.237540335294966, -3.131852437170682 ], [ 134.393002852463155, -3.335822282451612 ], [ 134.703927886799562, -3.335822282451612 ], [ 134.859390403967751, -3.131852437170682 ] ] ] } },
{ "type": "Feature", "properties": { "hex_id": "hex_03676", "road_length_km": 10.136, "hex_area_km2": 2338.3 }, "geometry": { "type": "Polygon", "coordinates": [ [ [ 134.859390403967751, -2.724026198019544 ], [ 134.703927886799562, -2.520164736933245 ], [ 134.393002852463155, -2.520164736933245 ], [ 134.237540335294966, -2.724026198019544 ], [ 134.393002852463155, -2.927921254250273 ], [ 134.703927886799562, -2.927921254250273 ], [ 134.859390403967751, -2.724026198019544 ] ] ] } },
{ "type": "Feature", "properties": { "hex_id": "hex_03718", "road_length_km": 56.565, "hex_area_km2": 2338.3 }, "geometry": { "type": "Polygon", "coordinates": [ [ [ 135.325777955472347, -3.335822282451609 ], [ 135.170315438304129, -3.13185243717068 ], [ 134.859390403967751, -3.13185243717068 ], [ 134.703927886799562, -3.335822282451609 ], [ 134.859390403967751, -3.539833330183447 ], [ 135.170315438304129, -3.539833330183447 ], [ 135.325777955472347, -3.335822282451609 ] ] ] } },
{ "type": "Feature", "properties": { "hex_id": "hex_03760", "road_length_km": 143.497, "hex_area_km2": 2338.3 }, "geometry": { "type": "Polygon", "coordinates": [ [ [ 135.792165506976886, -3.539833330183449 ], [ 135.636702989808697, -3.335822282451612 ], [ 135.325777955472347, -3.335822282451612 ], [ 135.170315438304129, -3.539833330183449 ], [ 135.325777955472347, -3.743888125171488 ], [ 135.636702989808697, -3.743888125171488 ], [ 135.792165506976886, -3.539833330183449 ] ] ] } },
{ "type": "Feature", "properties": { "hex_id": "hex_03761", "road_length_km": 45.356, "hex_area_km2": 2338.3 }, "geometry": { "type": "Polygon", "coordinates": [ [ [ 135.792165506976886, -3.131852437170682 ], [ 135.636702989808697, -2.927921254250273 ], [ 135.325777955472347, -2.927921254250273 ], [ 135.170315438304129, -3.131852437170682 ], [ 135.325777955472347, -3.335822282451612 ], [ 135.636702989808697, -3.335822282451612 ], [ 135.792165506976886, -3.131852437170682 ] ] ] } },
{ "type": "Feature", "properties": { "hex_id": "hex_03802", "road_length_km": 30.36, "hex_area_km2": 2338.3 }, "geometry": { "type": "Polygon", "coordinates": [ [ [ 136.258553058481482, -4.152139161494564 ], [ 136.103090541313264, -3.947989217232773 ], [ 135.792165506976886, -3.947989217232773 ], [ 135.636702989808697, -4.152139161494564 ], [ 135.792165506976886, -4.356340518694456 ], [ 136.103090541313264, -4.356340518694457 ], [ 136.258553058481482, -4.152139161494564 ] ] ] } },
{ "type": "Feature", "properties": { "hex_id": "hex_03803", "road_length_km": 78.731, "hex_area_km2": 2338.3 }, "geometry": { "type": "Polygon", "coordinates": [ [ [ 136.258553058481482, -3.743888125171486 ], [ 136.103090541313264, -3.539833330183447 ], [ 135.792165506976886, -3.539833330183447 ], [ 135.636702989808697, -3.743888125171486 ], [ 135.792165506976886, -3.947989217232773 ], [ 136.103090541313264, -3.947989217232773 ], [ 136.258553058481482, -3.743888125171486 ] ] ] } },
{ "type": "Feature", "properties": { "hex_id": "hex_03804", "road_length_km": 39.743, "hex_area_km2": 2338.3 }, "geometry": { "type": "Polygon", "coordinates": [ [ [ 136.258553058481482, -3.335822282451609 ], [ 136.103090541313264, -3.13185243717068 ], [ 135.792165506976886, -3.13185243717068 ], [ 135.636702989808697, -3.335822282451609 ], [ 135.792165506976886, -3.539833330183447 ], [ 136.103090541313264, -3.539833330183447 ], [ 136.258553058481482, -3.335822282451609 ] ] ] } },
{ "type": "Feature", "properties": { "hex_id": "hex_03809", "road_length_km": 40.841, "hex_area_km2": 2338.3 }, "geometry": { "type": "Polygon", "coordinates": [ [ [ 136.258553058481482, -1.297560148235311 ], [ 136.103090541313264, -1.093863255272653 ], [ 135.792165506976886, -1.093863255272653 ], [ 135.636702989808697, -1.297560148235311 ], [ 135.792165506976886, -1.501273006600811 ], [ 136.103090541313264, -1.501273006600811 ], [ 136.258553058481482, -1.297560148235311 ] ] ] } },
{ "type": "Feature", "properties": { "hex_id": "hex_03810", "road_length_km": 40.088, "hex_area_km2": 2338.3 }, "geometry": { "type": "Polygon", "coordinates": [ [ [ 136.258553058481482, -0.890179818727109 ], [ 136.103090541313264, -0.686507331140562 ], [ 135.792165506976886, -0.686507331140562 ], [ 135.636702989808697, -0.890179818727109 ], [ 135.792165506976886, -1.093863255272653 ], [ 136.103090541313264, -1.093863255272653 ], [ 136.258553058481482, -0.890179818727109 ] ] ] } },
{ "type": "Feature", "properties": { "hex_id": "hex_03844", "road_length_km": 32.288, "hex_area_km2": 2338.3 }, "geometry": { "type": "Polygon", "coordinates": [ [ [ 136.724940609986049, -4.356340518694458 ], [ 136.56947809281786, -4.152139161494565 ], [ 136.258553058481482, -4.152139161494565 ], [ 136.103090541313264, -4.356340518694458 ], [ 136.258553058481482, -4.56059585548233 ], [ 136.56947809281786, -4.560595855482331 ], [ 136.724940609986049, -4.356340518694458 ] ] ] } },
{ "type": "Feature", "properties": { "hex_id": "hex_03845", "road_length_km": 55.238, "hex_area_km2": 2338.3 }, "geometry": { "type": "Polygon", "coordinates": [ [ [ 136.724940609986049, -3.947989217232776 ], [ 136.56947809281786, -3.743888125171488 ], [ 136.258553058481482, -3.743888125171488 ], [ 136.103090541313264, -3.947989217232776 ], [ 136.258553058481482, -4.152139161494565 ], [ 136.56947809281786, -4.152139161494565 ], [ 136.724940609986049, -3.947989217232776 ] ] ] } },
{ "type": "Feature", "properties": { "hex_id": "hex_03850", "road_length_km": 60.91, "hex_area_km2": 2338.3 }, "geometry": { "type": "Polygon", "coordinates": [ [ [ 136.724940609986049, -1.908756664835123 ], [ 136.56947809281786, -1.705004341168037 ], [ 136.258553058481482, -1.705004341168037 ], [ 136.103090541313264, -1.908756664835123 ], [ 136.258553058481482, -2.112532492886234 ], [ 136.56947809281786, -2.112532492886234 ], [ 136.724940609986049, -1.908756664835123 ] ] ] } },
{ "type": "Feature", "properties": { "hex_id": "hex_03851", "road_length_km": 5.271, "hex_area_km2": 2338.3 }, "geometry": { "type": "Polygon", "coordinates": [ [ [ 136.724940609986049, -1.501273006600813 ], [ 136.56947809281786, -1.297560148235313 ], [ 136.258553058481482, -1.297560148235313 ], [ 136.103090541313264, -1.501273006600813 ], [ 136.258553058481482, -1.705004341168037 ], [ 136.56947809281786, -1.705004341168037 ], [ 136.724940609986049, -1.501273006600813 ] ] ] } },
{ "type": "Feature", "properties": { "hex_id": "hex_03886", "road_length_km": 4.732, "hex_area_km2": 2338.3 }, "geometry": { "type": "Polygon", "coordinates": [ [ [ 137.191328161490617, -4.96927876580786 ], [ 137.035865644322456, -4.764907744724163 ], [ 136.724940609986049, -4.764907744724163 ], [ 136.56947809281786, -4.96927876580786 ], [ 136.724940609986049, -5.173711504951152 ], [ 137.035865644322456, -5.173711504951153 ], [ 137.191328161490617, -4.96927876580786 ] ] ] } },
{ "type": "Feature", "properties": { "hex_id": "hex_03887", "road_length_km": 93.229, "hex_area_km2": 2338.3 }, "geometry": { "type": "Polygon", "coordinates": [ [ [ 137.191328161490617, -4.560595855482329 ], [ 137.035865644322456, -4.356340518694457 ], [ 136.724940609986049, -4.356340518694456 ], [ 136.56947809281786, -4.560595855482329 ], [ 136.724940609986049, -4.764907744724163 ], [ 137.035865644322456, -4.764907744724163 ], [ 137.191328161490617, -4.560595855482329 ] ] ] } },
{ "type": "Feature", "properties": { "hex_id": "hex_03888", "road_length_km": 20.117, "hex_area_km2": 2338.3 }, "geometry": { "type": "Polygon", "coordinates": [ [ [ 137.191328161490617, -4.152139161494564 ], [ 137.035865644322456, -3.947989217232773 ], [ 136.724940609986049, -3.947989217232773 ], [ 136.56947809281786, -4.152139161494564 ], [ 136.724940609986049, -4.356340518694456 ], [ 137.035865644322456, -4.356340518694457 ], [ 137.191328161490617, -4.152139161494564 ] ] ] } },
{ "type": "Feature", "properties": { "hex_id": "hex_03975", "road_length_km": 16.519, "hex_area_km2": 2338.3 }, "geometry": { "type": "Polygon", "coordinates": [ [ [ 138.12410326449978, -3.743888125171486 ], [ 137.968640747331591, -3.539833330183447 ], [ 137.657715712995213, -3.539833330183447 ], [ 137.502253195826995, -3.743888125171486 ], [ 137.657715712995213, -3.947989217232773 ], [ 137.968640747331591, -3.947989217232773 ], [ 138.12410326449978, -3.743888125171486 ] ] ] } },
{ "type": "Feature", "properties": { "hex_id": "hex_04017", "road_length_km": 13.832, "hex_area_km2": 2338.3 }, "geometry": { "type": "Polygon", "coordinates": [ [ [ 138.590490816004376, -3.947989217232776 ], [ 138.435028298836158, -3.743888125171488 ], [ 138.12410326449978, -3.743888125171488 ], [ 137.968640747331591, -3.947989217232776 ], [ 138.12410326449978, -4.152139161494565 ], [ 138.435028298836158, -4.152139161494565 ], [ 138.590490816004376, -3.947989217232776 ] ] ] } },
{ "type": "Feature", "properties": { "hex_id": "hex_04018", "road_length_km": 66.462, "hex_area_km2": 2338.3 }, "geometry": { "type": "Polygon", "coordinates": [ [ [ 138.590490816004376, -3.539833330183449 ], [ 138.435028298836158, -3.335822282451612 ], [ 138.12410326449978, -3.335822282451612 ], [ 137.968640747331591, -3.539833330183449 ], [ 138.12410326449978, -3.743888125171488 ], [ 138.435028298836158, -3.743888125171488 ], [ 138.590490816004376, -3.539833330183449 ] ] ] } },
{ "type": "Feature", "properties": { "hex_id": "hex_04022", "road_length_km": 6.338, "hex_area_km2": 2338.3 }, "geometry": { "type": "Polygon", "coordinates": [ [ [ 138.590490816004376, -1.908756664835123 ], [ 138.435028298836158, -1.705004341168037 ], [ 138.12410326449978, -1.705004341168037 ], [ 137.968640747331591, -1.908756664835123 ], [ 138.12410326449978, -2.112532492886234 ], [ 138.435028298836158, -2.112532492886234 ], [ 138.590490816004376, -1.908756664835123 ] ] ] } },
{ "type": "Feature", "properties": { "hex_id": "hex_04060", "road_length_km": 91.946, "hex_area_km2": 2338.3 }, "geometry": { "type": "Polygon", "coordinates": [ [ [ 139.056878367508915, -4.152139161494564 ], [ 138.901415850340726, -3.947989217232773 ], [ 138.590490816004376, -3.947989217232773 ], [ 138.435028298836158, -4.152139161494564 ], [ 138.590490816004376, -4.356340518694456 ], [ 138.901415850340726, -4.356340518694457 ], [ 139.056878367508915, -4.152139161494564 ] ] ] } },
{ "type": "Feature", "properties": { "hex_id": "hex_04061", "road_length_km": 108.461, "hex_area_km2": 2338.3 }, "geometry": { "type": "Polygon", "coordinates": [ [ [ 139.056878367508915, -3.743888125171486 ], [ 138.901415850340726, -3.539833330183447 ], [ 138.590490816004376, -3.539833330183447 ], [ 138.435028298836158, -3.743888125171486 ], [ 138.590490816004376, -3.947989217232773 ], [ 138.901415850340726, -3.947989217232773 ], [ 139.056878367508915, -3.743888125171486 ] ] ] } },
{ "type": "Feature", "properties": { "hex_id": "hex_04065", "road_length_km": 27.299, "hex_area_km2": 2338.3 }, "geometry": { "type": "Polygon", "coordinates": [ [ [ 139.056878367508915, -2.112532492886232 ], [ 138.901415850340726, -1.90875666483512 ], [ 138.590490816004376, -1.90875666483512 ], [ 138.435028298836158, -2.112532492886232 ], [ 138.590490816004376, -2.316334343279071 ], [ 138.901415850340726, -2.316334343279071 ], [ 139.056878367508915, -2.112532492886232 ] ] ] } },
{ "type": "Feature", "properties": { "hex_id": "hex_04066", "road_length_km": 51.173, "hex_area_km2": 2338.3 }, "geometry": { "type": "Polygon", "coordinates": [ [ [ 139.056878367508915, -1.705004341168034 ], [ 138.901415850340726, -1.501273006600811 ], [ 138.590490816004376, -1.501273006600811 ], [ 138.435028298836158, -1.705004341168034 ], [ 138.590490816004376, -1.90875666483512 ], [ 138.901415850340726, -1.90875666483512 ], [ 139.056878367508915, -1.705004341168034 ] ] ] } },
{ "type": "Feature", "properties": { "hex_id": "hex_04103", "road_length_km": 91.946, "hex_area_km2": 2338.3 }, "geometry": { "type": "Polygon", "coordinates": [ [ [ 139.523265919013511, -3.947989217232776 ], [ 139.367803401845322, -3.743888125171488 ], [ 139.056878367508915, -3.743888125171488 ], [ 138.901415850340726, -3.947989217232776 ], [ 139.056878367508915, -4.152139161494565 ], [ 139.367803401845322, -4.152139161494565 ], [ 139.523265919013511, -3.947989217232776 ] ] ] } },
{ "type": "Feature", "properties": { "hex_id": "hex_04104", "road_length_km": 12.518, "hex_area_km2": 2338.3 }, "geometry": { "type": "Polygon", "coordinates": [ [ [ 139.523265919013511, -3.539833330183449 ], [ 139.367803401845322, -3.335822282451612 ], [ 139.056878367508915, -3.335822282451612 ], [ 138.901415850340726, -3.539833330183449 ], [ 139.056878367508915, -3.743888125171488 ], [ 139.367803401845322, -3.743888125171488 ], [ 139.523265919013511, -3.539833330183449 ] ] ] } },
{ "type": "Feature", "properties": { "hex_id": "hex_04107", "road_length_km": 27.13, "hex_area_km2": 2338.3 }, "geometry": { "type": "Polygon", "coordinates": [ [ [ 139.523265919013511, -2.316334343279074 ], [ 139.367803401845322, -2.112532492886234 ], [ 139.056878367508915, -2.112532492886234 ], [ 138.901415850340726, -2.316334343279074 ], [ 139.056878367508915, -2.520164736933245 ], [ 139.367803401845322, -2.520164736933245 ], [ 139.523265919013511, -2.316334343279074 ] ] ] } },
{ "type": "Feature", "properties": { "hex_id": "hex_04108", "road_length_km": 39.777, "hex_area_km2": 2338.3 }, "geometry": { "type": "Polygon", "coordinates": [ [ [ 139.523265919013511, -1.908756664835123 ], [ 139.367803401845322, -1.705004341168037 ], [ 139.056878367508915, -1.705004341168037 ], [ 138.901415850340726, -1.908756664835123 ], [ 139.056878367508915, -2.112532492886234 ], [ 139.367803401845322, -2.112532492886234 ], [ 139.523265919013511, -1.908756664835123 ] ] ] } },
{ "type": "Feature", "properties": { "hex_id": "hex_04144", "road_length_km": 10.728, "hex_area_km2": 2338.3 }, "geometry": { "type": "Polygon", "coordinates": [ [ [ 139.989653470518107, -4.96927876580786 ], [ 139.834190953349889, -4.764907744724163 ], [ 139.523265919013511, -4.764907744724163 ], [ 139.367803401845322, -4.96927876580786 ], [ 139.523265919013511, -5.173711504951152 ], [ 139.834190953349889, -5.173711504951153 ], [ 139.989653470518107, -4.96927876580786 ] ] ] } },
{ "type": "Feature", "properties": { "hex_id": "hex_04147", "road_length_km": 3.792, "hex_area_km2": 2338.3 }, "geometry": { "type": "Polygon", "coordinates": [ [ [ 139.989653470518107, -3.743888125171486 ], [ 139.834190953349889, -3.539833330183447 ], [ 139.523265919013511, -3.539833330183447 ], [ 139.367803401845322, -3.743888125171486 ], [ 139.523265919013511, -3.947989217232773 ], [ 139.834190953349889, -3.947989217232773 ], [ 139.989653470518107, -3.743888125171486 ] ] ] } },
{ "type": "Feature", "properties": { "hex_id": "hex_04150", "road_length_km": 60.73, "hex_area_km2": 2338.3 }, "geometry": { "type": "Polygon", "coordinates": [ [ [ 139.989653470518107, -2.520164736933243 ], [ 139.834190953349889, -2.316334343279071 ], [ 139.523265919013511, -2.316334343279071 ], [ 139.367803401845322, -2.520164736933243 ], [ 139.523265919013511, -2.724026198019542 ], [ 139.834190953349889, -2.724026198019542 ], [ 139.989653470518107, -2.520164736933243 ] ] ] } },
{ "type": "Feature", "properties": { "hex_id": "hex_04151", "road_length_km": 23.0, "hex_area_km2": 2338.3 }, "geometry": { "type": "Polygon", "coordinates": [ [ [ 139.989653470518107, -2.112532492886232 ], [ 139.834190953349889, -1.90875666483512 ], [ 139.523265919013511, -1.90875666483512 ], [ 139.367803401845322, -2.112532492886232 ], [ 139.523265919013511, -2.316334343279071 ], [ 139.834190953349889, -2.316334343279071 ], [ 139.989653470518107, -2.112532492886232 ] ] ] } },
{ "type": "Feature", "properties": { "hex_id": "hex_04178", "road_length_km": 7.124, "hex_area_km2": 2338.3 }, "geometry": { "type": "Polygon", "coordinates": [ [ [ 140.456041022022674, -8.455170719279652 ], [ 140.300578504854485, -8.249391960643482 ], [ 139.989653470518107, -8.249391960643482 ], [ 139.834190953349889, -8.455170719279652 ], [ 139.989653470518107, -8.661056517363349 ], [ 140.300578504854485, -8.661056517363349 ], [ 140.456041022022674, -8.455170719279652 ] ] ] } },
{ "type": "Feature", "properties": { "hex_id": "hex_04183", "road_length_km": 10.187, "hex_area_km2": 2338.3 }, "geometry": { "type": "Polygon", "coordinates": [ [ [ 140.456041022022674, -6.401749786460014 ], [ 140.300578504854485, -6.196892006542339 ], [ 139.989653470518107, -6.196892006542339 ], [ 139.834190953349889, -6.401749786460014 ], [ 139.989653470518107, -6.606687605550285 ], [ 140.300578504854485, -6.606687605550285 ], [ 140.456041022022674, -6.401749786460014 ] ] ] } },
{ "type": "Feature", "properties": { "hex_id": "hex_04184", "road_length_km": 29.235, "hex_area_km2": 2338.3 }, "geometry": { "type": "Polygon", "coordinates": [ [ [ 140.456041022022674, -5.992111622950878 ], [ 140.300578504854485, -5.787406001892075 ], [ 139.989653470518107, -5.787406001892075 ], [ 139.834190953349889, -5.992111622950878 ], [ 139.989653470518107, -6.196892006542339 ], [ 140.300578504854485, -6.196892006542339 ], [ 140.456041022022674, -5.992111622950878 ] ] ] } },
{ "type": "Feature", "properties": { "hex_id": "hex_04186", "road_length_km": 60.118, "hex_area_km2": 2338.3 }, "geometry": { "type": "Polygon", "coordinates": [ [ [ 140.456041022022674, -5.173711504951155 ], [ 140.300578504854485, -4.969278765807862 ], [ 139.989653470518107, -4.969278765807862 ], [ 139.834190953349889, -5.173711504951155 ], [ 139.989653470518107, -5.378208555511724 ], [ 140.300578504854485, -5.378208555511726 ], [ 140.456041022022674, -5.173711504951155 ] ] ] } },
{ "type": "Feature", "properties": { "hex_id": "hex_04187", "road_length_km": 14.323, "hex_area_km2": 2338.3 }, "geometry": { "type": "Polygon", "coordinates": [ [ [ 140.456041022022674, -4.764907744724166 ], [ 140.300578504854485, -4.560595855482331 ], [ 139.989653470518107, -4.56059585548233 ], [ 139.834190953349889, -4.764907744724166 ], [ 139.989653470518107, -4.969278765807862 ], [ 140.300578504854485, -4.969278765807862 ], [ 140.456041022022674, -4.764907744724166 ] ] ] } },
{ "type": "Feature", "properties": { "hex_id": "hex_04190", "road_length_km": 34.282, "hex_area_km2": 2338.3 }, "geometry": { "type": "Polygon", "coordinates": [ [ [ 140.456041022022674, -3.539833330183449 ], [ 140.300578504854485, -3.335822282451612 ], [ 139.989653470518107, -3.335822282451612 ], [ 139.834190953349889, -3.539833330183449 ], [ 139.989653470518107, -3.743888125171488 ], [ 140.300578504854485, -3.743888125171488 ], [ 140.456041022022674, -3.539833330183449 ] ] ] } },
{ "type": "Feature", "properties": { "hex_id": "hex_04192", "road_length_km": 60.494, "hex_area_km2": 2338.3 }, "geometry": { "type": "Polygon", "coordinates": [ [ [ 140.456041022022674, -2.724026198019544 ], [ 140.300578504854485, -2.520164736933245 ], [ 139.989653470518107, -2.520164736933245 ], [ 139.834190953349889, -2.724026198019544 ], [ 139.989653470518107, -2.927921254250273 ], [ 140.300578504854485, -2.927921254250273 ], [ 140.456041022022674, -2.724026198019544 ] ] ] } },
{ "type": "Feature", "properties": { "hex_id": "hex_04221", "road_length_km": 47.783, "hex_area_km2": 2338.3 }, "geometry": { "type": "Polygon", "coordinates": [ [ [ 140.922428573527242, -8.661056517363347 ], [ 140.766966056359024, -8.45517071927965 ], [ 140.456041022022674, -8.45517071927965 ], [ 140.300578504854485, -8.661056517363347 ], [ 140.456041022022674, -8.867052119746386 ], [ 140.766966056359024, -8.867052119746386 ], [ 140.922428573527242, -8.661056517363347 ] ] ] } },
{ "type": "Feature", "properties": { "hex_id": "hex_04224", "road_length_km": 58.791, "hex_area_km2": 2338.3 }, "geometry": { "type": "Polygon", "coordinates": [ [ [ 140.922428573527242, -7.427292465900016 ], [ 140.766966056359024, -7.222007869034138 ], [ 140.456041022022674, -7.222007869034138 ], [ 140.300578504854485, -7.427292465900016 ], [ 140.456041022022674, -7.632670463572577 ], [ 140.766966056359024, -7.632670463572579 ], [ 140.922428573527242, -7.427292465900016 ] ] ] } },
{ "type": "Feature", "properties": { "hex_id": "hex_04225", "road_length_km": 56.905, "hex_area_km2": 2338.3 }, "geometry": { "type": "Polygon", "coordinates": [ [ [ 140.922428573527242, -7.016813979872654 ], [ 140.766966056359024, -6.811708116040909 ], [ 140.456041022022674, -6.811708116040909 ], [ 140.300578504854485, -7.016813979872654 ], [ 140.456041022022674, -7.222007869034138 ], [ 140.766966056359024, -7.222007869034138 ], [ 140.922428573527242, -7.016813979872654 ] ] ] } },
{ "type": "Feature", "properties": { "hex_id": "hex_04226", "road_length_km": 60.168, "hex_area_km2": 2338.3 }, "geometry": { "type": "Polygon", "coordinates": [ [ [ 140.922428573527242, -6.606687605550284 ], [ 140.766966056359024, -6.401749786460011 ], [ 140.456041022022674, -6.401749786460011 ], [ 140.300578504854485, -6.606687605550284 ], [ 140.456041022022674, -6.811708116040909 ], [ 140.766966056359024, -6.811708116040909 ], [ 140.922428573527242, -6.606687605550284 ] ] ] } },
{ "type": "Feature", "properties": { "hex_id": "hex_04227", "road_length_km": 41.349, "hex_area_km2": 2338.3 }, "geometry": { "type": "Polygon", "coordinates": [ [ [ 140.922428573527242, -6.196892006542337 ], [ 140.766966056359024, -5.992111622950876 ], [ 140.456041022022674, -5.992111622950875 ], [ 140.300578504854485, -6.196892006542337 ], [ 140.456041022022674, -6.401749786460011 ], [ 140.766966056359024, -6.401749786460011 ], [ 140.922428573527242, -6.196892006542337 ] ] ] } },
{ "type": "Feature", "properties": { "hex_id": "hex_04228", "road_length_km": 82.129, "hex_area_km2": 2338.3 }, "geometry": { "type": "Polygon", "coordinates": [ [ [ 140.922428573527242, -5.787406001892072 ], [ 140.766966056359024, -5.582772518299616 ], [ 140.456041022022674, -5.582772518299616 ], [ 140.300578504854485, -5.787406001892072 ], [ 140.456041022022674, -5.992111622950875 ], [ 140.766966056359024, -5.992111622950876 ], [ 140.922428573527242, -5.787406001892072 ] ] ] } },
{ "type": "Feature", "properties": { "hex_id": "hex_04230", "road_length_km": 75.495, "hex_area_km2": 2338.3 }, "geometry": { "type": "Polygon", "coordinates": [ [ [ 140.922428573527242, -4.96927876580786 ], [ 140.766966056359024, -4.764907744724163 ], [ 140.456041022022674, -4.764907744724163 ], [ 140.300578504854485, -4.96927876580786 ], [ 140.456041022022674, -5.173711504951152 ], [ 140.766966056359024, -5.173711504951153 ], [ 140.922428573527242, -4.96927876580786 ] ] ] } },
{ "type": "Feature", "properties": { "hex_id": "hex_04233", "road_length_km": 81.798, "hex_area_km2": 2338.3 }, "geometry": { "type": "Polygon", "coordinates": [ [ [ 140.922428573527242, -3.743888125171486 ], [ 140.766966056359024, -3.539833330183447 ], [ 140.456041022022674, -3.539833330183447 ], [ 140.300578504854485, -3.743888125171486 ], [ 140.456041022022674, -3.947989217232773 ], [ 140.766966056359024, -3.947989217232773 ], [ 140.922428573527242, -3.743888125171486 ] ] ] } },
{ "type": "Feature", "properties": { "hex_id": "hex_04234", "road_length_km": 36.889, "hex_area_km2": 2338.3 }, "geometry": { "type": "Polygon", "coordinates": [ [ [ 140.922428573527242, -3.335822282451609 ], [ 140.766966056359024, -3.13185243717068 ], [ 140.456041022022674, -3.13185243717068 ], [ 140.300578504854485, -3.335822282451609 ], [ 140.456041022022674, -3.539833330183447 ], [ 140.766966056359024, -3.539833330183447 ], [ 140.922428573527242, -3.335822282451609 ] ] ] } },
{ "type": "Feature", "properties": { "hex_id": "hex_04235", "road_length_km": 43.54, "hex_area_km2": 2338.3 }, "geometry": { "type": "Polygon", "coordinates": [ [ [ 140.922428573527242, -2.927921254250271 ], [ 140.766966056359024, -2.724026198019542 ], [ 140.456041022022674, -2.724026198019542 ], [ 140.300578504854485, -2.927921254250271 ], [ 140.456041022022674, -3.13185243717068 ], [ 140.766966056359024, -3.13185243717068 ], [ 140.922428573527242, -2.927921254250271 ] ] ] } },
{ "type": "Feature", "properties": { "hex_id": "hex_04236", "road_length_km": 96.02, "hex_area_km2": 2338.3 }, "geometry": { "type": "Polygon", "coordinates": [ [ [ 140.922428573527242, -2.520164736933243 ], [ 140.766966056359024, -2.316334343279071 ], [ 140.456041022022674, -2.316334343279071 ], [ 140.300578504854485, -2.520164736933243 ], [ 140.456041022022674, -2.724026198019542 ], [ 140.766966056359024, -2.724026198019542 ], [ 140.922428573527242, -2.520164736933243 ] ] ] } },
{ "type": "Feature", "properties": { "hex_id": "hex_04264", "road_length_km": 43.485, "hex_area_km2": 2338.3 }, "geometry": { "type": "Polygon", "coordinates": [ [ [ 141.388816125031809, -8.455170719279652 ], [ 141.23335360786362, -8.249391960643482 ], [ 140.922428573527242, -8.249391960643482 ], [ 140.766966056359024, -8.455170719279652 ], [ 140.922428573527242, -8.661056517363349 ], [ 141.23335360786362, -8.661056517363349 ], [ 141.388816125031809, -8.455170719279652 ] ] ] } },
{ "type": "Feature", "properties": { "hex_id": "hex_04265", "road_length_km": 48.19, "hex_area_km2": 2338.3 }, "geometry": { "type": "Polygon", "coordinates": [ [ [ 141.388816125031809, -8.043717489460144 ], [ 141.23335360786362, -7.838144566226983 ], [ 140.922428573527242, -7.838144566226982 ], [ 140.766966056359024, -8.043717489460144 ], [ 140.922428573527242, -8.249391960643482 ], [ 141.23335360786362, -8.249391960643482 ], [ 141.388816125031809, -8.043717489460144 ] ] ] } },
{ "type": "Feature", "properties": { "hex_id": "hex_04266", "road_length_km": 44.164, "hex_area_km2": 2338.3 }, "geometry": { "type": "Polygon", "coordinates": [ [ [ 141.388816125031809, -7.63267046357258 ], [ 141.23335360786362, -7.427292465900016 ], [ 140.922428573527242, -7.427292465900016 ], [ 140.766966056359024, -7.63267046357258 ], [ 140.922428573527242, -7.838144566226982 ], [ 141.23335360786362, -7.838144566226983 ], [ 141.388816125031809, -7.63267046357258 ] ] ] } },
{ "type": "Feature", "properties": { "hex_id": "hex_04271", "road_length_km": 2.342, "hex_area_km2": 2338.3 }, "geometry": { "type": "Polygon", "coordinates": [ [ [ 141.388816125031809, -5.582772518299619 ], [ 141.23335360786362, -5.378208555511726 ], [ 140.922428573527242, -5.378208555511724 ], [ 140.766966056359024, -5.582772518299619 ], [ 140.922428573527242, -5.787406001892075 ], [ 141.23335360786362, -5.787406001892075 ], [ 141.388816125031809, -5.582772518299619 ] ] ] } },
{ "type": "Feature", "properties": { "hex_id": "hex_04276", "road_length_km": 50.927, "hex_area_km2": 2338.3 }, "geometry": { "type": "Polygon", "coordinates": [ [ [ 141.388816125031809, -3.539833330183449 ], [ 141.23335360786362, -3.335822282451612 ], [ 140.922428573527242, -3.335822282451612 ], [ 140.766966056359024, -3.539833330183449 ], [ 140.922428573527242, -3.743888125171488 ], [ 141.23335360786362, -3.743888125171488 ], [ 141.388816125031809, -3.539833330183449 ] ] ] } },
{ "type": "Feature", "properties": { "hex_id": "hex_04277", "road_length_km": 57.883, "hex_area_km2": 2338.3 }, "geometry": { "type": "Polygon", "coordinates": [ [ [ 141.388816125031809, -3.131852437170682 ], [ 141.23335360786362, -2.927921254250273 ], [ 140.922428573527242, -2.927921254250273 ], [ 140.766966056359024, -3.131852437170682 ], [ 140.922428573527242, -3.335822282451612 ], [ 141.23335360786362, -3.335822282451612 ], [ 141.388816125031809, -3.131852437170682 ] ] ] } },
{ "type": "Feature", "properties": { "hex_id": "hex_04278", "road_length_km": 34.162, "hex_area_km2": 2338.3 }, "geometry": { "type": "Polygon", "coordinates": [ [ [ 141.388816125031809, -2.724026198019544 ], [ 141.23335360786362, -2.520164736933245 ], [ 140.922428573527242, -2.520164736933245 ], [ 140.766966056359024, -2.724026198019544 ], [ 140.922428573527242, -2.927921254250273 ], [ 141.23335360786362, -2.927921254250273 ], [ 141.388816125031809, -2.724026198019544 ] ] ] } }
]
}
